Kab_kota,Provinsi,Tahun,PC1,PC2,PC3,PC4,PC5,PC6,PC7,PC8,Tipologi_Lansia,jumlah_penduduk,jumlah_lansia,pct_lansia,pct_anak,rls,pengeluaran,ahh_rata2,delta_pct_lansia
Simeulue,Aceh,2024,2.9367585304838206,-0.16757536632602765,0.06364729091026461,0.005234207471632558,-0.3189855414644375,1.357702976844007,-0.4982688900952646,0.18776666921649124,Lansia rendah - Kemiskinan tinggi,98633,8368,8.484,26.4932,9.89,8106,65.78,1.1142000000000003
Aceh Singkil,Aceh,2024,3.545430013112211,0.06905597919370751,0.9230017425671454,-0.22254171697864306,0.36873414396184884,-0.0860188574613503,0.3118331517679878,0.14204556084913836,Lansia rendah - Kemiskinan tinggi,135684,8603,6.3405,30.7663,8.72,9862,67.94,0.9386999999999999
Aceh Selatan,Aceh,2024,2.0625617277442534,-0.776733196259845,-0.44573118357660085,0.24721470706163415,-1.1283140774148421,1.0607288140496218,-0.5582562308099982,0.048318516060566384,Lansia rendah - Kemiskinan tinggi,241994,26107,10.7883,23.8394,8.92,9190,65.02,1.2199999999999989
Aceh Tenggara,Aceh,2024,2.65346402688084,0.22510245260276632,0.23995412947462152,-0.5887596135659815,0.4001058084386408,0.8678669260231655,-0.26901746882379096,0.14549017404300685,Lansia rendah - Kemiskinan tinggi,234430,19315,8.2391,27.6654,10.1,8876,68.82,0.9838000000000005
Aceh Timur,Aceh,2024,2.369694558050067,-0.23338447872771126,0.687028886850019,0.10717602858368705,0.45100932700102314,0.01014211270090317,0.20609661817734728,0.0011652927462715793,Lansia rendah - Kemiskinan tinggi,443638,35164,7.9263,28.7304,8.48,9889,69.23,1.2256
Aceh Tengah,Aceh,2024,2.0404423153566484,0.828395650042382,0.1832766684296606,-0.445559842940885,-0.07267210309541154,0.22484427381426828,0.02467392339486245,0.06762179846082558,Lansia rendah - Kemiskinan tinggi,226744,20132,8.8787,27.3952,10.03,11805,69.34,1.1097000000000001
Aceh Barat,Aceh,2024,1.4862666939283533,0.36993930255256186,-0.36840838318489305,0.1385707438981537,-0.3039526728009369,0.8411333335765249,-0.40989724848141296,0.07563498295988064,Lansia rendah - Kemiskinan tinggi,206822,21030,10.1682,24.6545,9.99,10548,68.53,1.374600000000001
Aceh Besar,Aceh,2024,1.6101359648462423,0.6392751602688809,0.1161708098066834,-0.6686324216401269,0.250797972115389,0.5963960991408896,-0.16089557699133752,0.059060389812630246,Lansia rendah - Kemiskinan tinggi,428254,40577,9.475,26.5485,10.37,10810,70.34,1.1211000000000002
Pidie,Aceh,2024,1.9748287998550087,-0.45392431540742095,-0.2872101700061626,-1.3081046255125501,-0.9940343885463699,0.13850896181524278,-0.43134901874480247,0.03438977539022539,Lansia rendah - Kemiskinan tinggi,452547,49110,10.8519,24.6425,9.04,11187,67.46,0.6386000000000003
Bireuen,Aceh,2024,1.479236777005775,0.15740411160484477,-0.049689086365455104,-0.7495980753194273,0.7350448091935331,0.2605474882400741,-0.029094070364232925,0.007440476691525266,Lansia rendah - Kemiskinan tinggi,459073,45844,9.9862,26.716,9.59,10150,71.88,1.0800999999999998
Aceh Utara,Aceh,2024,1.6814384637002093,-0.3480717426861151,0.4012161262597332,-0.09408846501967068,0.29358661765914124,0.5986846652384851,-0.07262942463733196,-0.0008780645565195202,Lansia rendah - Kemiskinan tinggi,631984,59282,9.3803,26.7424,9.11,9374,69.32,1.2735000000000003
Aceh Barat Daya,Aceh,2024,2.246620875657972,-0.5098908788311277,-0.20910333060974487,0.492420153541963,-0.8286518730759883,0.7449082761559911,-0.5142831025940676,0.10039249329657172,Lansia rendah - Kemiskinan tinggi,159187,15123,9.5001,24.7564,8.78,9559,65.69,1.2912
Gayo Lues,Aceh,2024,3.690386633869414,-0.36024922812049515,0.5793980876805834,-0.5728132548634205,-0.4302331228263274,-0.09745967613912643,-0.14922819179557342,0.18563114865152805,Lansia rendah - Kemiskinan tinggi,106791,7389,6.9191,28.774,8.44,9967,66.07,0.6839000000000004
Aceh Tamiang,Aceh,2024,1.4329117903522537,0.0900658501223967,-0.013025469668937055,0.6236006730933964,0.5785004366940555,0.6314776610712067,-0.13068617639223487,0.04529463388432309,Lansia rendah - Kemiskinan tinggi,309039,28823,9.3267,26.1498,9.3,9529,70.26,1.592900000000001
Nagan Raya,Aceh,2024,1.8659197431696797,-0.24008226238077068,-0.6092520212534455,-0.5834428263802157,0.11926011782121151,0.4105656050056481,-0.5273952691052647,0.07925978005158539,Lansia rendah - Kemiskinan tinggi,176429,18087,10.2517,24.7913,9.25,9523,69.79,0.9846000000000004
Aceh Jaya,Aceh,2024,3.0292301492180456,0.030387595809116107,0.06639440559726904,-1.0472366585525779,-0.40906805180585165,-0.1408099599183992,-0.027967412144387253,0.08277769698502027,Lansia rendah - Kemiskinan tinggi,99200,8688,8.7581,27.8891,9.02,11007,67.74,0.632200000000001
Bener Meriah,Aceh,2024,2.2619455328311955,1.059056072839053,0.24979405768879293,-0.8013571748801777,-0.0059583855447727764,-0.0662363029927935,-0.008484514911431606,0.11324970044535913,Lansia rendah - Kemiskinan tinggi,172036,14216,8.2634,27.8639,10.13,12360,69.84,0.938600000000001
Pidie Jaya,Aceh,2024,2.01315290555283,0.2192536761351372,-0.6472251563714421,-1.6620094089041266,-0.01006465965700661,-0.15576020525818682,-0.33624931514747874,0.045487673321952436,Lansia rendah - Kemiskinan tinggi,166467,17559,10.548,25.5961,9.59,11274,70.82,0.5597999999999992
Kota Banda Aceh,Aceh,2024,0.31231038669223443,3.93090361224992,0.4852421060386043,-0.2802681633627808,-0.38634540506129245,0.04917054975256783,0.21710234859637093,0.10686240175639736,Lansia rendah - Kemiskinan rendah,265019,22360,8.4371,26.9701,13.1,18100,72.22,1.628099999999999
Kota Sabang,Aceh,2024,1.9048093812990576,1.5886217770488593,-0.31979893168735324,-1.35699811136403,0.12342951104995947,0.22369335752504532,-0.1387444841606598,0.11061257737174374,Lansia rendah - Kemiskinan tinggi,43470,4133,9.5077,26.8461,11.22,12625,71.22,0.8323
Kota Langsa,Aceh,2024,0.8548655627961462,1.682656745286025,-0.2531877320954414,0.07727280871599758,-0.3670297576554908,0.6864124638871977,-0.4458806342499524,0.12942394635575508,Lansia rendah - Kemiskinan tinggi,197909,19103,9.6524,24.391,11.28,13133,69.97,1.5189000000000004
Kota Lhokseumawe,Aceh,2024,0.8699652335677404,1.9264625715043453,0.015970868818989955,0.177480292677747,0.5813843712914476,0.5111124954899213,-0.13462599421209204,0.12269583936976931,Lansia rendah - Kemiskinan tinggi,200403,17637,8.8008,26.2416,11.31,12694,72.3,1.6254000000000008
Kota Subulussalam,Aceh,2024,4.585097984950358,-0.45308687821945337,1.314971263023077,-0.1039036778045009,-0.10893392085810422,0.32549574525250274,0.34030803097198603,0.195185387101202,Lansia rendah - Kemiskinan tinggi,99062,5385,5.436,31.9386,8.43,8491,64.56,0.8113000000000001
Nias,Sumatera Utara,2024,3.2681289223669463,-1.4812423898346334,0.3104438266636967,-0.06651989796892675,1.2595002606588832,-0.8115443061518861,0.29507331675008003,0.028191808264366604,Lansia rendah - Kemiskinan tinggi,155629,11797,7.5802,29.8273,6.4,7698,70.56,0.9006999999999996
Mandailing Natal,Sumatera Utara,2024,3.1105760725698905,-0.16101263566091678,1.1396023662755097,0.06782421143021593,-1.0852117488827473,0.763855910511621,0.7237760605148515,-0.09606207447444856,Lansia rendah - Kemiskinan rendah,505360,44297,8.7654,30.1169,9.11,10644,63.7,1.1419999999999995
Tapanuli Selatan,Sumatera Utara,2024,2.3204980517241354,0.5784888503570851,0.6677524018559052,0.36352113061804625,-0.914317027300674,0.5070911972620278,0.6642290640641499,-0.07238639192312825,Lansia rendah - Kemiskinan rendah,316486,29504,9.3224,28.8733,9.56,12213,65.78,1.3838
Tapanuli Tengah,Sumatera Utara,2024,2.4803996901642256,-0.1013451930353797,0.3083360809260854,-0.9171351290689718,-0.3696578300500409,-0.1494570032053306,-0.22757332384839313,0.06880628569463439,Lansia rendah - Kemiskinan tinggi,394910,33906,8.5858,26.9978,8.92,11128,68.24,0.7562000000000006
Tapanuli Utara,Sumatera Utara,2024,1.7708470232003015,0.8032049441415381,-0.10239268865129587,-1.2205198992100366,-0.22311965629909933,0.3134074994201493,0.7690941192257055,-0.15319241440983164,Lansia tinggi - Kemiskinan rendah,326993,38305,11.7143,28.3801,10.31,12382,69.82,0.9154999999999998
Toba Samosir / Toba,Sumatera Utara,2024,1.8249678012429793,1.2440345873457,-0.29732426987465577,-1.8230369579716383,0.07161249201702963,0.036659420651316194,0.6357521752843215,-0.11803479259555479,Lansia tinggi - Kemiskinan rendah,216720,24802,11.4443,28.4178,10.77,12960,71.46,0.6920999999999999
Labuhan Batu,Sumatera Utara,2024,1.4819610135771941,0.7394245067655099,0.6060150742000889,-0.07830592511716743,0.4018445231238799,-0.15850389558611647,0.03811868305407452,0.02512320524936,Lansia rendah - Kemiskinan rendah,520545,42121,8.0917,27.5292,9.5,12102,71.04,1.3303999999999991
Asahan,Sumatera Utara,2024,1.0766175649905965,0.12261695216724208,0.7749469478141925,0.1915803241611214,-0.22432896955110412,-0.03391840006567614,0.3645468350850352,-0.09732813084072235,Lansia rendah - Kemiskinan rendah,813720,77945,9.5788,27.1799,8.85,12301,69.32,1.4646999999999988
Simalungun,Sumatera Utara,2024,-0.05736214356790643,0.04744958508175709,0.11309703315925378,-1.1851461887912962,0.08448262340124074,0.16149521237328174,-0.08665696029076829,0.0231791844626232,Lansia tinggi - Kemiskinan rendah,1051845,125023,11.8861,24.3164,9.73,12119,72.44,1.1286000000000005
Dairi,Sumatera Utara,2024,1.9222279766236852,0.5621378721874326,0.08245187990758655,-0.850798198412334,0.22219371871256635,0.24422047614036316,0.502888079629974,-0.0728509075879106,Lansia rendah - Kemiskinan rendah,330586,34206,10.3471,28.3884,9.89,11355,70.32,1.0117999999999991
Karo,Sumatera Utara,2024,0.7557054868015627,0.9428473681762887,-0.3793210421704637,-1.1149852221927457,0.05855547032772692,-0.23914787846078397,-0.132765850793611,0.007222520129260586,Lansia rendah - Kemiskinan rendah,426471,46450,10.8917,25.062,10.12,13278,72.48,1.0203000000000007
Deli Serdang,Sumatera Utara,2024,-0.9363067559406173,0.5876370934934122,2.0458754001680104,-0.3345083529358722,0.3217853473078691,0.4115649106053392,0.18105410636254418,-0.17379528713665854,Lansia rendah - Kemiskinan rendah,2048480,191543,9.3505,26.3245,10.29,13279,72.53,1.7287
Langkat,Sumatera Utara,2024,0.13224016964143442,-0.12177336026593487,0.8043178696671924,0.675665572054942,-0.14699822350469868,0.21604573203042077,0.3174175929801153,-0.09837083479507719,Lansia rendah - Kemiskinan tinggi,1078676,112625,10.441,25.8107,8.74,12080,69.95,1.798
Nias Selatan,Sumatera Utara,2024,2.9161048345462026,-1.5716647426511734,0.5023872281546431,0.10497531146520635,0.9364984419781517,-0.6658019313247767,-0.4121868608410362,0.10725337455004191,Lansia rendah - Kemiskinan tinggi,389957,25867,6.6333,27.7054,6.52,7730,69.84,0.9717000000000002
Humbang Hasundutan,Sumatera Utara,2024,2.4880427377470635,0.16770644901664375,-0.1707542482614425,-1.1949829658381697,0.8031601700220471,0.8440167981144241,0.6950915418292863,-0.1207871638950613,Lansia tinggi - Kemiskinan rendah,207076,22952,11.0839,29.55,10.13,8844,70.54,0.8568999999999996
Pakpak Bharat,Sumatera Utara,2024,4.3593201674016395,0.26342055812667703,0.9015389964126772,-1.3717340519701817,0.3674364008368893,0.3952572400926341,0.7212236154706777,0.08820045933332869,Lansia rendah - Kemiskinan rendah,56212,4033,7.1746,32.8506,9.73,9158,67.28,0.47750000000000004
Samosir,Sumatera Utara,2024,2.056649024653795,0.1235101047055361,-0.6037244884630458,-1.353239160556177,1.0044298730662786,0.24924110650694498,0.6824594131034185,-0.17239074666457202,Lansia tinggi - Kemiskinan tinggi,143071,16976,11.8654,28.7025,9.61,9634,72.46,0.8085999999999984
Serdang Bedagai,Sumatera Utara,2024,0.803053548894934,0.24927102360385306,0.45413262414652217,0.42580804451573495,-0.05907663476686931,0.21063973761221685,0.42720059765702617,-0.09587929135122873,Lansia rendah - Kemiskinan rendah,691638,71635,10.3573,26.7534,9.12,12015,69.88,1.6212999999999997
Batu Bara,Sumatera Utara,2024,1.954870972154459,-0.05134255469355096,0.535323169147545,0.36367409355646285,-0.2004212421596619,0.02689352309440291,0.6573227142929515,-0.11377933233406202,Lansia rendah - Kemiskinan tinggi,437360,41946,9.5907,28.5954,8.51,11373,68.16,1.3908000000000005
Padang Lawas Utara,Sumatera Utara,2024,3.275465200721763,0.6952225143731471,1.053809512316857,-0.6848706964034357,0.15381020266067716,0.1724272122678139,0.37789755370802125,0.08932433773907388,Lansia rendah - Kemiskinan tinggi,280595,18949,6.7531,30.8505,9.82,10925,68.04,0.8773999999999997
Padang Lawas,Sumatera Utara,2024,3.2415243399365727,0.4706622134558287,1.1164296854003462,-0.11178152991589771,0.441302172133937,0.48103200363121423,0.5290785409093791,0.05987540280593438,Lansia rendah - Kemiskinan rendah,280764,19096,6.8014,31.2747,9.63,9821,67.93,1.1261999999999999
Labuhan Batu Selatan,Sumatera Utara,2024,2.159216853743916,0.9624746752436429,1.0704997305256725,0.5905019498565666,0.38955963331543647,-0.3154235486874933,0.3748850463372639,0.06049160399132253,Lansia rendah - Kemiskinan rendah,336577,21781,6.4713,29.6553,9.19,12353,69.78,1.4973
Labuhan Batu Utara,Sumatera Utara,2024,1.7838335415411828,0.8265716831911536,0.7172089038439063,0.054095225307151225,0.2496650379814254,-0.48095461241956194,0.36646565337555137,-0.004180336344352119,Lansia rendah - Kemiskinan tinggi,408749,32217,7.8819,28.6868,9.14,12839,70.53,1.3244999999999996
Nias Utara,Sumatera Utara,2024,3.158774223047143,-1.3018941912645265,0.24809549752559396,-0.07041365584955074,1.3026286823658828,-0.3859366824047272,0.004722019282238288,0.09373858059155167,Lansia rendah - Kemiskinan tinggi,158676,11783,7.4258,29.0428,7.05,7189,70.5,0.9453999999999994
Nias Barat,Sumatera Utara,2024,3.939373272238209,-1.2568016153200752,0.47878998411427776,-0.6818915010078137,1.4933779983250695,-0.3504220694281471,0.4750064868347554,0.05426477141001895,Lansia rendah - Kemiskinan tinggi,97251,7094,7.2945,31.5596,7.26,6740,70.24,0.6551999999999998
Kota Sibolga,Sumatera Utara,2024,1.4398435406583017,1.441385412173681,-0.012399571847599237,0.2105867465415215,0.08459396659657278,0.2541052367777839,0.04962973814307507,0.08219271016135199,Lansia rendah - Kemiskinan tinggi,91747,8252,8.9943,26.7714,10.45,12713,70.42,1.4818000000000007
Kota Tanjung Balai,Sumatera Utara,2024,2.5465967528278424,0.6712059506273124,0.6255416278989421,0.5906126712968587,-1.2727144983628602,0.6167329705567571,0.2741931717469059,0.04162380273005886,Lansia rendah - Kemiskinan tinggi,185647,15782,8.5011,27.9471,9.69,12264,64.48,1.3992999999999993
Kota Pematang Siantar,Sumatera Utara,2024,-0.45768828935291445,1.954656010439889,-1.076214041570955,-0.6993465637038057,0.7084048996917959,0.5526342761090358,-0.03437454504250903,-0.0517049237760374,Lansia tinggi - Kemiskinan rendah,277054,35509,12.8166,23.8127,11.82,13349,75.32,1.5061
Kota Tebing Tinggi,Sumatera Utara,2024,0.29382060778237284,1.8247293059531293,-0.38599728515995146,0.5255511837733887,0.07045516851563262,0.39385766036900866,0.4172913358216852,-0.08723034952591814,Lansia tinggi - Kemiskinan rendah,180977,20355,11.2473,25.8674,10.87,13900,71.82,1.8251999999999988
Kota Medan,Sumatera Utara,2024,-2.993859891649468,1.327940934524804,1.9698625559997298,-1.1449696712289967,-0.1374499122747022,0.5618897976576391,-0.047181701373738484,0.12504284132505689,Lansia tinggi - Kemiskinan rendah,2486283,284173,11.4296,23.052,11.79,16069,74.74,1.7868000000000013
Kota Binjai,Sumatera Utara,2024,0.346031336895578,1.6060781634131602,-0.286107958910807,0.1499287890050992,0.8325583401224008,0.7062672980073307,0.02551269801671666,0.01973427824332535,Lansia rendah - Kemiskinan rendah,307170,32023,10.4252,25.6815,11.2,12015,73.34,1.7095000000000002
Kota Padangsidimpuan,Sumatera Utara,2024,1.5139031901939368,1.3831992078529438,-0.023310735934600393,-0.5696773878333994,0.11529979495019313,0.6466655197497366,-0.14538750387745372,0.09376325161951989,Lansia rendah - Kemiskinan rendah,240067,22521,9.3811,26.4772,11.13,11964,70.48,1.2106999999999992
Kota Gunungsitoli,Sumatera Utara,2024,2.7443005457821825,0.09544915210943025,0.42248090546965295,-0.36362568558851394,1.5963002670131188,-0.19490155750135332,0.5278376866568965,0.038684424468996635,Lansia rendah - Kemiskinan tinggi,145233,11224,7.7283,30.6962,8.76,9056,72.31,1.0629999999999997
Kepulauan Mentawai,Sumatera Barat,2024,3.3473512578421785,-1.196445963454255,0.16596638908216288,0.39545400619856996,-0.23121963086599093,0.7084969796302177,-0.5805962579369975,0.2070487935211365,Lansia rendah - Kemiskinan tinggi,92757,7082,7.635,26.591,8.03,7192,65.32,1.0705
Pesisir Selatan,Sumatera Barat,2024,0.9374169352118114,-0.4789397284085124,-0.48265456607370705,-0.6840423180940804,0.3593959828033773,0.1254661987631801,-0.06479104646436117,-0.04422881034761509,Lansia tinggi - Kemiskinan rendah,532913,62695,11.7646,24.9305,8.81,10211,71.64,1.1053999999999995
Solok,Sumatera Barat,2024,1.0852194263105919,-0.7367079309574693,-0.5532343367420388,-0.08421505110287447,-0.26414156106871756,-0.221127408199484,-0.04039099679569203,-0.07993367543388347,Lansia tinggi - Kemiskinan rendah,410426,48090,11.7171,24.4687,7.91,10988,69.85,1.2202000000000002
Sijunjung,Sumatera Barat,2024,1.778035187047116,-0.20330531225281567,-0.2257679739147295,0.16645321796240198,-0.7763037322493863,0.13306741912950093,-0.0662230253449693,-0.019143854486748504,Lansia rendah - Kemiskinan rendah,246775,25673,10.4034,25.4029,8.62,11395,67.37,1.2472999999999992
Tanah Datar,Sumatera Barat,2024,-0.1307611837571017,-0.3951575390939639,-1.607867366010568,-0.558526581475421,-0.48769049982471313,0.5733006552444022,-0.05982729632775284,-0.16805071788434175,Lansia tinggi - Kemiskinan rendah,388228,60477,15.5777,21.6965,9.29,11223,71.02,1.2878000000000007
Padang Pariaman,Sumatera Barat,2024,1.316767793976485,-0.6278141002714087,-0.7342286806380338,-1.5163338622334377,-0.5458260279030515,-0.4075864921162668,-0.023489618272717734,-0.08692097556723191,Lansia tinggi - Kemiskinan rendah,459169,58125,12.6587,24.5787,8.42,11756,70.15,0.6439000000000004
Agam,Sumatera Barat,2024,-0.06242612102630289,-0.44574337902574257,-1.253131430660011,-1.209334662809362,0.36184272067817475,0.21599580628639659,-0.11359719934865485,-0.07125933062325644,Lansia tinggi - Kemiskinan rendah,559299,80629,14.4161,22.7674,9.23,10686,73.53,1.0580999999999996
Lima Puluh Kota,Sumatera Barat,2024,0.9266776614270632,-1.0095956494751335,-1.1745354111830608,-1.052284229409972,-0.3770528540084476,-0.15869064231833943,-0.27370225847731305,-0.08797120237129022,Lansia tinggi - Kemiskinan rendah,401086,53855,13.4273,22.9584,8.13,10648,70.52,0.8466000000000005
Pasaman,Sumatera Barat,2024,1.895517528414444,-0.8484271519128795,-0.25026825195668817,0.11206411338637116,0.005099916847892655,0.2720189676309722,-0.1168077601614086,-0.016877559433572314,Lansia rendah - Kemiskinan rendah,318080,32821,10.3185,25.7605,8.14,9194,68.66,1.2140000000000004
Solok Selatan,Sumatera Barat,2024,2.128902827389895,-0.051432779571988226,-0.25592755977684556,-0.6947912555257632,-0.3209601875875849,-0.21478630237601373,-0.4118470386749805,0.09326871338120389,Lansia rendah - Kemiskinan rendah,195034,18191,9.3271,25.5499,8.85,11240,69.04,0.8590999999999998
Dharmasraya,Sumatera Barat,2024,1.2838543399800133,0.5437999424734304,-0.2198027703089871,-0.36818908395134065,0.5333498695254302,-0.6613777551319872,-0.287158641233296,0.08451555463350467,Lansia rendah - Kemiskinan rendah,244026,21859,8.9577,25.7071,8.98,12254,72.64,1.157700000000001
Pasaman Barat,Sumatera Barat,2024,1.9575394760945433,-0.09343992952726515,0.4721245466624445,0.281721822459074,0.2100801829664558,0.38782122663809987,-0.14938470253729408,0.05242048157595267,Lansia rendah - Kemiskinan rendah,456467,37887,8.3001,26.9993,8.99,9888,68.86,1.3534000000000006
Kota Padang,Sumatera Barat,2024,-1.1053171954390397,2.0427911938130157,0.20177731231004156,-0.6077213274765435,0.18076250717561873,0.19435531694673605,0.06844592751407279,0.01795749688227905,Lansia tinggi - Kemiskinan rendah,954177,109003,11.4238,24.261,11.63,15458,74.53,1.6448999999999998
Kota Solok,Sumatera Barat,2024,0.6851844186342068,2.165613255764899,-0.3409521451714129,-0.2650916856285448,1.195198915169124,0.13356616099631988,0.06622004843561456,0.07754855206353531,Lansia rendah - Kemiskinan rendah,79459,7507,9.4476,26.7119,11.37,12995,74.96,1.5075999999999992
Kota Sawah Lunto,Sumatera Barat,2024,0.6329200890030946,0.8778266815496777,-1.0446774248369284,0.2938651419688669,0.12032043309506804,0.9594043271440362,0.10068789356111704,-0.12411248934331215,Lansia tinggi - Kemiskinan rendah,68725,8675,12.6228,24.518,10.53,11187,70.96,1.638399999999999
Kota Padang Panjang,Sumatera Barat,2024,1.1015641474009659,1.942685336726387,-0.6156944142503512,-1.0200201952256787,0.8980642883309733,0.7207606260755552,-0.1349456216504178,0.07751253765696885,Lansia rendah - Kemiskinan rendah,59453,6147,10.3393,26.2056,12.0,11840,73.66,1.1723999999999997
Kota Bukittinggi,Sumatera Barat,2024,0.012747992320895957,2.3621268207819788,-0.7859712717150411,-0.5786166195263845,0.8134280585558447,0.04152655593932596,0.04812548869363583,-0.009104562787852474,Lansia tinggi - Kemiskinan rendah,125015,13965,11.1707,25.169,11.65,14297,75.5,1.4738000000000007
Kota Payakumbuh,Sumatera Barat,2024,0.0918369599670435,1.896472513534445,-0.8694203262243628,-0.6224891732765172,0.643920105453642,-0.24483735901739154,0.11553100889546473,-0.05662915714822122,Lansia tinggi - Kemiskinan rendah,146731,17026,11.6035,25.0377,10.89,14260,75.12,1.3861000000000008
Kota Pariaman,Sumatera Barat,2024,0.7943580717833584,1.6693819559389955,-0.7015422057127713,-0.496116616294801,-0.2749699860677622,0.31290642110475825,0.04107214321204126,-0.036734201774693116,Lansia tinggi - Kemiskinan rendah,98336,11266,11.4566,25.0814,11.06,13784,71.22,1.3116000000000003
Kuantan Singingi,Riau,2024,1.366286040834838,0.13508129515115436,-0.1120100949630288,0.13382660025732954,-0.12296811387156549,0.2103981988687966,-0.17628944117878145,0.02398835761291585,Lansia rendah - Kemiskinan rendah,349251,34558,9.8949,25.4049,9.14,11182,69.49,1.3560999999999996
Indragiri Hulu,Riau,2024,1.3150020815833048,0.16891264241551004,0.4796201329426154,0.7754170712357695,0.5161991508778097,-0.3171660956716496,-0.08626740250324721,0.03323617933662045,Lansia rendah - Kemiskinan rendah,468366,37119,7.9252,26.6815,8.43,11333,70.91,1.6059999999999999
Indragiri Hilir,Riau,2024,1.2157619519601903,-0.867821436268811,0.37730037425234875,0.7105803206794638,-0.2931755195839572,-0.4095908182242959,-0.269430522386326,-0.01972651450333963,Lansia rendah - Kemiskinan rendah,684860,62097,9.0671,25.0099,7.32,11050,68.76,1.4755000000000003
Pelalawan,Riau,2024,1.8403746768724072,0.9815805568593685,0.9975515195944628,0.27158129955524296,0.9058242254096451,-0.8208885473172576,0.039941368613062835,0.09826587341218396,Lansia rendah - Kemiskinan rendah,414943,24291,5.8541,28.9032,8.96,12575,72.18,1.3913000000000002
Siak,Riau,2024,1.288794467194873,1.3827211950879361,0.8138320795541231,0.2689547991770144,0.5372013368808225,-0.3389742796499829,-0.294489627844915,0.12742479508155993,Lansia rendah - Kemiskinan rendah,483754,31285,6.4671,27.1016,9.92,13080,71.8,1.5001000000000007
Kampar,Riau,2024,0.9008971872562737,0.7151120882713949,1.0471454459720788,0.23517838510450306,0.5919132162066961,-0.01205051535028453,-0.07631407588028119,-0.03961371353686879,Lansia rendah - Kemiskinan rendah,894848,68383,7.6419,27.1572,9.58,12034,71.61,1.5652999999999997
Rokan Hulu,Riau,2024,1.444627120262992,0.13742271025396235,0.5633132005835203,0.24927582402767504,0.6143320968587682,-0.04866168000285185,-0.4754957293632976,0.08584779447262807,Lansia rendah - Kemiskinan tinggi,593486,44117,7.4335,26.1711,8.94,10586,71.0,1.4011000000000005
Bengkalis,Riau,2024,0.07539432613478693,1.1606849045960432,0.6348297080059554,1.8412402789867837,0.7704393787270295,0.4486770394655446,0.6181826478559993,-0.09951558884705303,Lansia rendah - Kemiskinan rendah,591800,55364,9.3552,27.32,9.74,12321,71.97,2.3766999999999996
Rokan Hilir,Riau,2024,1.2922043678062864,-0.04381377189338617,0.7125226497995197,0.6230945479913547,0.7702514708698563,-0.0767645508663915,-0.0861092574798121,-0.007460940456013099,Lansia rendah - Kemiskinan rendah,673323,52824,7.8453,27.0404,8.53,10447,71.16,1.5841000000000003
Kepulauan Meranti,Riau,2024,1.651090570516888,-0.8885533037836156,-0.5804531889509967,0.4807911340513668,-0.07461716617507992,0.4303266431953006,-0.26929007758278334,-0.015381814089201272,Lansia rendah - Kemiskinan tinggi,213720,23149,10.8315,24.6205,8.12,8988,68.53,1.370800000000001
Kota Pekanbaru,Riau,2024,-0.6465479427538222,2.5210186205090825,1.0638302038038066,0.39451059713762576,0.3677172854119343,0.4979381226287857,0.12732301969589968,-0.03403274557609011,Lansia rendah - Kemiskinan rendah,1026671,90490,8.8139,26.1744,11.96,15212,73.26,2.0285
Kota Dumai,Riau,2024,1.1860714979033635,1.5036813570967005,0.4759565085185617,0.32567461938959397,0.5696938057081711,0.022494370098633927,0.14982391823693714,0.06291459497798843,Lansia rendah - Kemiskinan rendah,333031,26849,8.062,27.6329,10.29,12847,71.82,1.5940999999999992
Kerinci,Jambi,2024,1.0759810105826306,-0.4941016320200198,-1.2642451063275053,-1.2215474136810436,-0.39101784096551756,-0.2685012386361108,-0.2690206408331904,-0.0977446322802535,Lansia tinggi - Kemiskinan rendah,256706,33720,13.1356,23.2842,8.6,11441,70.84,0.7804000000000002
Merangin,Jambi,2024,0.8997163356904955,0.1808562923530415,0.037678763983636405,0.8206417410896183,0.6443513103036773,-0.38076491805198265,-0.17608816761529106,0.03872368546443736,Lansia rendah - Kemiskinan rendah,373409,32825,8.7906,25.5677,8.4,11425,72.0,1.6681999999999997
Sarolangun,Jambi,2024,1.83572983731649,0.45563783763562793,0.5752985074501259,0.5111728038709495,0.1256531253935893,-0.6761953908705125,0.4309268147919463,-0.016920363835878867,Lansia rendah - Kemiskinan rendah,306514,24751,8.075,28.4555,8.35,12679,69.96,1.432999999999999
Batang Hari,Jambi,2024,0.9935350934095055,0.058807360567850284,-0.03058570144962648,1.0080523379709598,0.6644706232152771,-0.19967129009877788,-0.13782672658886047,0.03473630152171658,Lansia rendah - Kemiskinan rendah,316550,28343,8.9537,25.6304,8.35,10872,71.6,1.7292999999999994
Muaro Jambi,Jambi,2024,0.5270199592248129,0.16735522952057985,0.134811740807331,1.7305846611572575,1.061603701269683,0.27901217738153306,-0.2959927244385174,0.06296424012121707,Lansia rendah - Kemiskinan rendah,424579,35964,8.4705,25.1228,8.7,10007,72.14,2.1244999999999994
Tanjung Jabung Timur,Jambi,2024,1.8609818844041421,-0.9122700189078196,-0.4155045812990083,0.3127096821978155,-0.6568600974599982,0.007896203533134163,-0.07410117785686189,-0.0563009471615396,Lansia rendah - Kemiskinan tinggi,238975,25949,10.8585,25.0876,7.7,10328,67.32,1.2306999999999988
Tanjung Jabung Barat,Jambi,2024,1.4126023278813842,-0.12895127250701735,0.19512190467471177,1.1936894357769026,0.05041352463615551,0.12090207182474913,-0.04122559134022161,0.01802649664792293,Lansia rendah - Kemiskinan tinggi,335069,29860,8.9116,26.0314,8.32,10696,68.96,1.7308000000000003
Tebo,Jambi,2024,1.4175986647898933,-0.058728859328052094,0.18703126715548254,0.6277607305816882,0.37306403603889776,-0.48663824718285587,0.09992669213952833,-0.009120472373206708,Lansia rendah - Kemiskinan rendah,355262,31459,8.8552,26.7251,8.04,11415,70.74,1.5033000000000003
Bungo,Jambi,2024,1.380288410004578,0.31441848177964293,0.26091143017381396,0.541406039271856,-0.5120275071141575,-0.35422567524659543,-0.12135531053855916,0.03225476737641692,Lansia rendah - Kemiskinan rendah,381272,33559,8.8019,25.7194,8.6,12820,68.76,1.4597999999999995
Kota Jambi,Jambi,2024,-0.7411553686001513,1.893752394754872,-0.05400321196448607,0.5361657447161237,0.5251364272927725,0.7150352984723839,-0.36948336934561815,0.07606503396272017,Lansia rendah - Kemiskinan rendah,635101,65056,10.2434,23.5186,11.51,13388,73.72,2.008799999999999
Kota Sungai Penuh,Jambi,2024,1.1780111246239195,0.5966576180339138,-1.4707675345377311,-2.18353187519655,0.2637766223596435,0.04072411186909413,-0.6053128449835452,0.005359200208997195,Lansia tinggi - Kemiskinan rendah,100847,12550,12.4446,23.4514,10.48,11499,73.26,0.5141999999999989
Ogan Komering Ulu,Sumatera Selatan,2024,1.4489130626108762,0.09486867179952249,0.13313249482478878,0.4453971948979627,-0.12434442658604798,0.17215884446179405,0.2617506165141577,-0.055151115723825014,Lansia rendah - Kemiskinan tinggi,383039,38310,10.0016,26.7218,8.86,11339,69.06,1.485899999999999
Ogan Komering Ilir,Sumatera Selatan,2024,0.7023158616853926,-0.6811715449721669,0.47555230629148737,0.817905167674414,-0.34941287857806097,-0.7127605988974596,-0.03878871914485797,-0.07509513903746581,Lansia rendah - Kemiskinan tinggi,807085,76716,9.5053,25.0334,7.19,12305,69.53,1.5976
Muara Enim,Sumatera Selatan,2024,0.9488726370121605,-0.058367194318840195,0.3938834016631909,0.46828842485726074,-0.1065492860299761,-0.31984413746343476,0.3561299288393099,-0.09893321954200678,Lansia rendah - Kemiskinan tinggi,640962,64159,10.0098,26.5822,8.27,12291,69.98,1.5390999999999995
Lahat,Sumatera Selatan,2024,1.5698627591234964,-0.3895501347636621,-0.08422919653580059,-0.031653747183422794,-0.8794759910015942,0.2987821982896333,0.00023128753127024337,-0.04607116439146091,Lansia rendah - Kemiskinan tinggi,450281,49274,10.9429,25.3046,8.69,11255,67.16,1.2181999999999995
Musi Rawas,Sumatera Selatan,2024,1.316008209435676,-0.6707651082181559,-0.09872457302391756,0.5865243076920584,-0.19661799910947003,-0.3248924016170755,0.07549844043599972,-0.06657536185372487,Lansia rendah - Kemiskinan tinggi,411787,42514,10.3243,25.5375,7.57,11058,69.2,1.4441999999999986
Musi Banyuasin,Sumatera Selatan,2024,1.7250692226747875,-0.3415314075467183,0.6777536782194427,0.02515415478997799,0.1213383455575981,-0.5090863235233651,0.25901201660594253,-0.07517991548698576,Lansia rendah - Kemiskinan tinggi,651950,56847,8.7195,27.7828,7.95,11424,69.76,1.2367999999999997
Banyu Asin,Sumatera Selatan,2024,0.5224096440018006,-0.7497268543723014,0.5271248049157451,0.9737631809493574,0.010631915992891606,-0.28266921140854395,0.07613439683180798,-0.08984604006806764,Lansia rendah - Kemiskinan tinggi,885902,87297,9.854,25.3319,7.48,11277,70.0,1.7416
Ogan Komering Ulu Selatan,Sumatera Selatan,2024,1.5118435133702794,-0.8390357456152283,-0.2821644492551635,0.14422889354578228,-0.35183297423770415,0.27161333419087624,-0.6653569693987325,0.07305445932149222,Lansia rendah - Kemiskinan tinggi,429535,42839,9.9733,23.7291,8.25,9680,68.3,1.234
Ogan Komering Ulu Timur,Sumatera Selatan,2024,0.44898168324144255,-0.332042162819451,-0.047323460501227585,0.2632296362843123,-0.456489063473784,-0.37459964325983536,0.14513158354063146,-0.0848197576845312,Lansia tinggi - Kemiskinan tinggi,674184,76758,11.3853,24.6262,8.08,12623,70.04,1.4791000000000007
Ogan Ilir,Sumatera Selatan,2024,1.4658028248118842,-0.29460364868283434,0.2388155516264164,0.9139149426310076,-0.9724425606744508,0.04278053593039921,0.39539395435101665,-0.11067557354046087,Lansia rendah - Kemiskinan tinggi,436141,45587,10.4524,26.3064,8.09,12093,66.59,1.5891000000000002
Empat Lawang,Sumatera Selatan,2024,1.871528306383478,-1.2612898718145142,-0.6968214099574033,-0.603389388446071,-1.5757286550509724,-0.18890105254586922,-1.1291632560840852,0.1143781493716962,Lansia rendah - Kemiskinan tinggi,345641,36689,10.6148,21.6612,7.68,10889,65.91,0.7416999999999998
Penukal Abab Lematang Ilir,Sumatera Selatan,2024,2.63742468694674,-0.77766303382182,0.32214444002783704,0.35933258065344026,0.4715026625735881,-0.4992035358722088,0.291507896067701,0.0010827909268344728,Lansia rendah - Kemiskinan tinggi,205384,16877,8.2173,28.6478,7.27,9604,69.22,1.1880999999999995
Musi Rawas Utara,Sumatera Selatan,2024,2.1509598098493403,-0.5517111786790159,0.15139456309727167,0.956418114067756,-0.6974989499668083,-0.24469018701393386,0.1490534121541612,-0.01973176534533033,Lansia rendah - Kemiskinan tinggi,198413,18174,9.1597,26.6318,7.51,11198,66.6,1.4461000000000013
Kota Palembang,Sumatera Selatan,2024,-1.3898338016822915,1.3743103611649994,1.4776328518260122,-0.6776409355085622,-0.46178203599147644,0.14680215994883888,0.5756747952121157,-0.040570734848984456,Lansia tinggi - Kemiskinan tinggi,1718440,194403,11.3128,25.6906,10.93,16150,72.4,1.6707
Kota Prabumulih,Sumatera Selatan,2024,1.2076642890960863,1.7582749342018267,0.2725089240900193,0.13753465015410696,0.2635589591349705,-0.19757095741035646,0.3826592204937262,0.022913839365716906,Lansia rendah - Kemiskinan tinggi,203312,17847,8.7781,27.8513,10.36,13982,71.64,1.5135000000000005
Kota Pagar Alam,Sumatera Selatan,2024,1.6793875793547821,-0.005906689061539274,-0.5332870481169437,0.14735746743295844,-0.3896321737487236,0.7732414083066111,-0.008170341466410585,-0.04825175962401787,Lansia tinggi - Kemiskinan rendah,149199,16790,11.2534,25.4164,9.44,10245,68.03,1.334999999999999
Kota Lubuklinggau,Sumatera Selatan,2024,0.9958715713332867,1.5718108933267658,0.20536370988886196,0.36964026113025067,-0.24233343750088873,-0.3392697658897724,0.3438822052013324,-0.009406527993021186,Lansia rendah - Kemiskinan tinggi,246046,22768,9.2536,26.945,9.94,14672,70.63,1.5787000000000004
Bengkulu Selatan,Bengkulu,2024,1.274417441301492,0.21291441568498898,-0.5206133018999006,0.44661307545583573,-0.412475457957586,0.5889067049060109,-0.14818689726769751,-0.014748378819913322,Lansia rendah - Kemiskinan tinggi,173315,18984,10.9535,24.6534,9.42,11040,68.58,1.4941999999999993
Rejang Lebong,Bengkulu,2024,0.8663727869611323,0.012649966437289589,-0.45544043311216664,0.6920659205263043,-0.3144079476041707,0.1685971314823755,-0.49171606217658925,0.050923821652773975,Lansia rendah - Kemiskinan tinggi,288832,29653,10.2665,23.4337,8.81,11385,69.46,1.5828000000000007
Bengkulu Utara,Bengkulu,2024,1.4294701210632457,-0.13351266200603285,-0.12901813335404735,0.37527076668487813,-0.3222242488483478,-0.1789973310990953,0.1516807401688132,-0.05909992594962515,Lansia rendah - Kemiskinan tinggi,310125,32061,10.3381,25.9444,8.32,11715,69.04,1.3938000000000006
Kaur,Bengkulu,2024,1.8147790079996622,-0.48638429086075263,-0.41863555650170925,0.6916156691953068,-0.3735544149653623,0.47828867498330074,-0.2840235710012537,0.026830113723230842,Lansia rendah - Kemiskinan tinggi,132659,13466,10.1508,24.8675,8.47,9742,67.56,1.4389000000000003
Seluma,Bengkulu,2024,1.6166938332101397,-0.6813923645732661,-0.39715253204788115,0.6956649976250902,-0.07432715965224385,0.30321071635995195,-0.3329951650505812,0.02748502218484785,Lansia rendah - Kemiskinan tinggi,217507,21885,10.0617,24.6999,8.14,9474,68.58,1.4566
Mukomuko,Bengkulu,2024,2.2777312208311087,0.13506814499407602,0.3414363504076373,0.37374697286879344,-0.43302489791745946,-0.15090804624780238,0.08648459928504189,0.05044990003604932,Lansia rendah - Kemiskinan tinggi,201700,16883,8.3704,27.3872,8.57,11665,67.61,1.2820999999999998
Lebong,Bengkulu,2024,1.9366805351616767,-0.2102046227373146,-0.30880974840019426,0.7766154503131071,-1.824764641411059,0.2757977090285977,0.0557651708600274,-0.07326511189663287,Lansia tinggi - Kemiskinan tinggi,111750,12268,10.9781,24.8966,8.41,12362,64.18,1.4082999999999988
Kepahiang,Bengkulu,2024,1.2231104835558844,-0.29763774841515017,-0.5472731591653571,0.9572926235401203,-0.3432435169922334,0.18689348456224938,-0.5841581985777706,0.07676355187084874,Lansia rendah - Kemiskinan tinggi,156353,15534,9.9352,23.3939,8.37,10620,68.66,1.5919000000000008
Bengkulu Tengah,Bengkulu,2024,2.084843984507914,-0.5257452717542087,-0.21227329400091863,0.3581637271149861,-0.17418737191519487,-0.40343541511421366,-0.22616829643661884,0.05833819806016287,Lansia rendah - Kemiskinan tinggi,122673,11131,9.0737,25.7873,7.71,10672,68.69,1.217200000000001
Kota Bengkulu,Bengkulu,2024,0.2813387553322132,2.6181132004782417,0.3500194274798458,0.3320546175627853,-0.32712733673691535,0.36855325943449946,-0.03247823116596286,0.0782619781288751,Lansia rendah - Kemiskinan tinggi,397321,35629,8.9673,25.6702,11.84,15542,71.08,1.7819000000000003
Lampung Barat,Lampung,2024,1.6837496754067378,-0.1766369542647003,-0.005721826526459809,0.36743418286516066,-0.28652976457949497,0.1035875746197947,-0.012470942463698816,-0.006646120140043962,Lansia rendah - Kemiskinan tinggi,315923,30833,9.7597,26.0212,8.56,10965,68.45,1.3672000000000004
Tanggamus,Lampung,2024,1.1074453166652967,-1.1535407047240362,-0.051350430951012965,0.014874585175501777,-0.1642802578671629,-0.3047390058713876,0.022561554974271755,-0.07424071724408159,Lansia tinggi - Kemiskinan tinggi,670367,74039,11.0445,25.0983,7.38,10524,69.6,1.2462
Lampung Selatan,Lampung,2024,0.6580553905947557,-0.8759033777755146,0.7458139813802922,-0.01586381768629389,0.05490059728287227,-0.2757969082576541,0.12257064858949517,-0.09555175335566142,Lansia rendah - Kemiskinan tinggi,1119314,113043,10.0993,25.9355,7.78,11133,70.38,1.3727
Lampung Timur,Lampung,2024,-0.11931284724684184,-0.984424341864107,0.11845721970839367,-0.6714829716416351,-0.06175530535721806,-0.11049349645380105,-0.09919143788578423,0.008910516894703064,Lansia tinggi - Kemiskinan tinggi,1153773,140501,12.1775,23.6495,8.2,11262,71.58,1.228200000000001
Lampung Tengah,Lampung,2024,-0.6675438493407962,-0.9387595317299131,0.7859569520600541,-0.14652123751719617,-0.5273882519827913,-0.23230456306958758,-0.05770755220415822,-0.000862265186934637,Lansia tinggi - Kemiskinan tinggi,1525088,176213,11.5543,23.404,7.97,12595,70.6,1.5012999999999987
Lampung Utara,Lampung,2024,0.5537436021394758,-0.528382394416747,0.13946224191255954,1.1603117682687614,0.39030461208038425,0.5705935009085993,0.4182265824432588,-0.1173587490652054,Lansia tinggi - Kemiskinan tinggi,659887,73832,11.1886,26.011,8.38,9837,70.18,1.9166999999999987
Way Kanan,Lampung,2024,1.4128444981910069,-0.6959921419136307,0.04203911864968962,0.22490959757019982,0.24957156547407114,-0.2559051655950161,0.2577045964116599,-0.09046965850063031,Lansia rendah - Kemiskinan tinggi,497260,51385,10.3336,26.5974,7.75,10439,70.21,1.341800000000001
Tulangbawang,Lampung,2024,1.2874108482567637,-0.28310837878176814,0.10705180618132663,0.270983772223982,0.03149698757695874,-0.8359018035369022,-0.03555897113809856,-0.020947606143614312,Lansia rendah - Kemiskinan rendah,450336,41564,9.2296,25.8762,7.65,12122,70.6,1.3255999999999997
Pesawaran,Lampung,2024,1.4717857225771385,-1.0238683647471276,-0.27515441382157485,-0.23874177174266425,0.2969381899038924,0.117995878461085,-0.013464895677971416,-0.05659020686671555,Lansia tinggi - Kemiskinan tinggi,500298,55328,11.059,25.6389,8.0,9190,70.17,1.1525999999999996
Pringsewu,Lampung,2024,0.5036853553086914,-0.13149107458155698,-0.48820686424171156,0.3771456502462835,0.10744519695066129,-0.060248869398376016,0.1135874746051786,-0.09103579526348753,Lansia tinggi - Kemiskinan rendah,424679,49708,11.7048,24.6287,8.53,11543,71.26,1.5587
Mesuji,Lampung,2024,2.2252410612318134,-1.1066921107976653,-0.18236981931685858,0.10363469709420761,0.1275285880192792,-0.41296328675343613,-0.19319810205560042,0.01983287749146113,Lansia rendah - Kemiskinan rendah,241600,22490,9.3088,26.1097,7.21,9454,69.09,1.0853000000000002
Tulang Bawang Barat,Lampung,2024,1.1098451904639817,-0.8075324167032203,-0.5995558903949105,0.5440871574963377,0.38157282306220064,0.03312508811400694,0.10849423806010713,-0.10527159999225986,Lansia tinggi - Kemiskinan rendah,298696,34326,11.492,25.1811,7.8,9646,70.68,1.4963000000000015
Pesisir Barat,Lampung,2024,2.8653313280272013,-0.47136348907178766,0.2404544340099387,0.4192274770249118,-0.7936172748228061,0.8165432351607179,0.41754904443212115,-0.057776667541917126,Lansia rendah - Kemiskinan tinggi,172316,16943,9.8325,28.1802,8.73,9550,64.74,1.2533999999999992
Kota Bandar Lampung,Lampung,2024,-0.5417862166788482,0.9532375440896514,0.44271678632523725,-1.1433926805817052,-0.2356217183268895,0.42501887105168484,-0.3836677821991984,0.07948526765889757,Lansia tinggi - Kemiskinan rendah,1214333,134432,11.0704,23.5015,10.99,13667,72.28,1.2769999999999992
Kota Metro,Lampung,2024,0.22103898526635335,1.5723752691110733,-0.7819671865012556,-0.02033900169140819,0.1651579057914482,0.48115505183183843,-0.11704665914179618,-0.014574330529999785,Lansia tinggi - Kemiskinan rendah,175712,20278,11.5405,24.16,11.01,13092,72.49,1.5894999999999992
Bangka,Kep. Bangka Belitung,2024,0.5687421560945425,0.30466560238744883,-0.43195861712582023,0.17758532721116693,-0.05012926342096178,-0.7495878585137311,-0.2545765172308829,0.0037283723637589403,Lansia rendah - Kemiskinan rendah,342058,35201,10.2909,24.0556,8.45,13205,71.85,1.4135000000000009
Belitung,Kep. Bangka Belitung,2024,-0.5000089339399609,0.9824634248458377,-0.867336739432723,1.4296695928966898,-0.3502837583817127,-0.3406660261638841,-0.17280888045143303,-0.05880076347428268,Lansia tinggi - Kemiskinan rendah,191405,22191,11.5937,22.3024,9.05,14449,71.8,2.0852000000000004
Bangka Barat,Kep. Bangka Belitung,2024,1.286049779547652,-0.07558788198714143,-0.2709097606673953,0.27323014953503816,-0.26762595983973997,-1.2502397873915145,-0.31348661854736876,0.04968959018309551,Lansia rendah - Kemiskinan rendah,215818,19612,9.0873,24.6953,7.48,13199,70.63,1.2569000000000008
Bangka Tengah,Kep. Bangka Belitung,2024,0.9979743392683369,0.1720143272286864,-0.12444392048770822,0.6591078912238998,0.24930768056619967,-1.626516039765102,-0.20628651196473932,0.06049352290267289,Lansia rendah - Kemiskinan rendah,210482,17555,8.3404,25.2183,7.24,13677,72.4,1.4591000000000003
Bangka Selatan,Kep. Bangka Belitung,2024,1.071403300179346,-0.3581470968533498,-0.17147080277654025,1.4215763742688816,-0.4812185303003178,-1.0790358676543872,-0.6288762156737703,0.11846627105367682,Lansia rendah - Kemiskinan rendah,208491,17279,8.2876,23.4111,6.93,12718,69.29,1.6716999999999995
Belitung Timur,Kep. Bangka Belitung,2024,0.23201629245642086,0.44837952581988616,-1.174002670401031,0.10568118830345587,0.13173501753247466,-0.43758426877299406,-0.6431707555773843,0.03138644925663461,Lansia tinggi - Kemiskinan rendah,132835,14985,11.2809,22.1282,8.99,12610,72.9,1.4343000000000004
Kota Pangkal Pinang,Kep. Bangka Belitung,2024,0.05930555324197321,2.28307261044065,-0.4908538839053486,-0.7806195890909488,0.02847537149290861,-0.9852603887492938,-0.028492425445524803,0.01578937386684427,Lansia rendah - Kemiskinan rendah,230441,23943,10.3901,24.8185,10.67,16750,74.56,1.2690000000000001
Karimun,Kep. Riau,2024,0.8679582324686217,0.515005751127649,-0.5575338461555279,-0.47519297719813025,0.052257261390185404,-0.686463674657095,0.14094441293551926,-0.07625364946366568,Lansia tinggi - Kemiskinan rendah,263344,29396,11.1626,25.4143,8.91,13287,72.24,1.1770999999999994
Bintan,Kep. Riau,2024,1.1701301351485673,1.172056204505367,-0.15854762854576546,-0.30474483011176196,-0.391597368887921,-1.0865169290726346,-0.16603899187677493,0.07430166152603578,Lansia rendah - Kemiskinan rendah,168190,15117,8.988,25.4498,9.15,15078,71.26,1.1668999999999992
Natuna,Kep. Riau,2024,2.3141609633696447,1.0086797451958396,0.12319374163787654,-0.6483220755328165,-1.685328462792391,-0.7996584491586344,0.24041901208671398,0.007122908628588935,Lansia rendah - Kemiskinan rendah,85664,8000,9.3388,27.0569,9.2,15560,66.46,0.8524000000000012
Lingga,Kep. Riau,2024,2.3330621464242713,-0.8922959673649867,-0.8319340090535191,-0.6065763365787078,-2.4141619635933482,-0.3915919117159092,-0.034783467791265114,-0.15591636971365483,Lansia tinggi - Kemiskinan tinggi,102006,12773,12.5218,24.0819,7.6,12906,63.78,0.7002000000000006
Kepulauan Anambas,Kep. Riau,2024,2.309290725330244,-0.16717558880544423,-0.18401804954060336,-0.1972439340338226,-0.6964105045347404,-1.1224914811931743,0.1290672264122544,-0.006603832149867791,Lansia rendah - Kemiskinan rendah,49728,4647,9.3448,26.7395,7.53,12983,68.42,0.9421999999999997
Kota Batam,Kep. Riau,2024,-0.6648295396401392,3.359738895219741,1.8789749050857134,0.3023059319837604,-0.06439087125611416,-1.2800279627841484,-0.191011480562838,-0.1755604478504843,Lansia rendah - Kemiskinan rendah,1276928,70891,5.5517,26.5392,11.21,19668,74.15,1.8851000000000004
Kota Tanjung Pinang,Kep. Riau,2024,-0.030972230821707056,2.203693448526717,-0.47928016987997973,-0.32833924541134596,-0.31683974391740904,-0.6910226734618947,-0.006315117136379978,-0.00320604410992718,Lansia rendah - Kemiskinan rendah,237432,25422,10.7071,24.4032,10.67,16663,73.21,1.4518000000000004
Kep. Seribu,DKI Jakarta,2024,1.3792582503052158,1.306447888297085,0.15156185618739182,0.9505572262269405,-0.26017542093170765,-0.5040200748472817,0.1025058030005051,0.10207332324101771,Lansia rendah - Kemiskinan tinggi,28809,2348,8.1502,26.634,9.26,14110,69.82,1.6742999999999997
Kota Jakarta Selatan,DKI Jakarta,2024,-4.906449803719929,3.691075001354442,1.8007629262335239,0.22316071798699397,-1.9094404783955996,-1.2322473583310751,0.3160364138190057,0.07791989480541814,Lansia tinggi - Kemiskinan rendah,2230653,262675,11.7757,20.7988,11.95,25573,75.12,2.505000000000001
Kota Jakarta Timur,DKI Jakarta,2024,-4.502240240282662,1.9693303053761555,2.805218966849304,-0.4703138122872791,-0.5419288737541997,0.22416459929092,0.053009580708191055,0.0629161333092083,Lansia tinggi - Kemiskinan rendah,3086010,339795,11.0108,22.2151,11.99,19193,75.42,2.298399999999999
Kota Jakarta Pusat,DKI Jakarta,2024,-3.634511587567053,2.678136897559088,-0.24447179699955257,1.3781790834826488,-0.518740056198949,0.1482595584864059,-0.0711114282933495,0.06880084112651116,Lansia tinggi - Kemiskinan rendah,1044297,139019,13.3122,19.7485,11.61,18661,75.3,2.7368000000000006
Kota Jakarta Barat,DKI Jakarta,2024,-3.987639797862532,2.4727032739316477,2.148488262196838,-0.29904497167781796,-1.3832805294784285,-0.8757281705162197,0.1535849658790848,0.018253054087066563,Lansia tinggi - Kemiskinan rendah,2479571,274085,11.0537,21.9617,11.24,22119,74.41,2.1552999999999987
Kota Jakarta Utara,DKI Jakarta,2024,-2.6914050484258376,2.262411828504358,1.416159430527739,-0.10621534246262111,-0.9334374414713046,-0.8179875989372754,0.06735902690101336,-0.029324067485100275,Lansia rendah - Kemiskinan rendah,1815606,192336,10.5935,22.8535,10.85,20032,74.0,1.9969999999999999
Bogor,Jawa Barat,2024,-3.8216333427721283,-2.593329821023766,5.778858672725822,-1.4891201112326033,0.04209251340981947,0.7174500425070651,-0.4997781292924447,-0.7712846269411484,Lansia rendah - Kemiskinan rendah,5682303,492192,8.6618,24.1386,8.39,11563,72.2,1.7005999999999997
Sukabumi,Jawa Barat,2024,-2.018322766380146,-2.438491631454683,2.256089606785595,-0.2514664410601553,0.31570465342370313,0.4066385163896319,0.012774008871603824,0.06825812166231703,Lansia tinggi - Kemiskinan rendah,2828024,327342,11.5749,23.4932,7.34,9815,72.11,1.7421999999999986
Cianjur,Jawa Barat,2024,-1.2291331900269058,-2.404639495619473,2.1830513388268953,-0.04040119033513115,0.35841997747319254,0.569617102506445,0.13070015942459645,-0.03576324903054249,Lansia tinggi - Kemiskinan tinggi,2584994,286514,11.0837,24.718,7.33,9026,71.0,1.7148000000000003
Bandung,Jawa Barat,2024,-2.9102800188526676,-1.3228703798586257,3.523539966595401,-0.9870097270564859,0.8193094892764342,0.5929535669203826,-0.16163700795722924,-0.20147172325430948,Lansia rendah - Kemiskinan rendah,3753116,371104,9.8879,24.4061,9.15,11392,74.59,1.7685999999999993
Garut,Jawa Barat,2024,-0.8442630421371121,-1.9673221229136517,2.483069692527134,-0.6654760294990529,0.8256628557443252,0.3690296289750121,0.002511220292284844,-0.20007490472142342,Lansia rendah - Kemiskinan tinggi,2716950,265568,9.7745,25.9372,7.85,9168,72.32,1.4650999999999996
Tasikmalaya,Jawa Barat,2024,-1.6320685415323217,-2.1844396145940297,0.8592069964482736,0.24887634233737385,-0.08864569027629553,1.1677647745056274,0.2148320210810535,0.21253601208211242,Lansia tinggi - Kemiskinan tinggi,1920921,269623,14.0361,22.4987,7.97,8965,70.44,1.8821999999999992
Ciamis,Jawa Barat,2024,-2.030098065090421,-1.8008461881526234,-0.829852837030422,-0.26736947941794503,-0.03135612477577363,0.7318133215010357,0.34622686107365436,0.14498939219100437,Lansia tinggi - Kemiskinan rendah,1259226,217602,17.2806,20.6948,8.1,10085,72.92,1.6976999999999993
Kuningan,Jawa Barat,2024,-1.0604899216219728,-1.2869367118505908,-0.27113308587494916,-0.49075591565279714,0.7431912322312203,-0.10849756581682607,0.04280189190964075,0.03857237269759488,Lansia tinggi - Kemiskinan tinggi,1213927,165604,13.642,22.8141,7.9,10418,74.57,1.4577999999999989
Cirebon,Jawa Barat,2024,-1.3889314214768895,-1.431044202180937,1.8547920809579908,-0.3229408756091822,0.4056798411237521,-0.3172774316770248,-0.30052338805460316,-0.10807886355292616,Lansia rendah - Kemiskinan tinggi,2387961,239263,10.0196,23.7483,7.65,11529,73.09,1.584900000000001
Majalengka,Jawa Barat,2024,-1.0645791813798418,-1.6715017818000886,-0.03237252624895748,-0.0912243010340741,-0.2831496884478156,0.08383718648093863,-0.12824218997484002,0.08736683110764863,Lansia tinggi - Kemiskinan tinggi,1352541,184946,13.674,21.6686,7.53,10842,71.36,1.5441000000000003
Sumedang,Jawa Barat,2024,-1.7995517185209429,-0.8226350653197532,-0.5125131244986249,-0.12027418318933117,0.08700728036640061,0.41421107871197255,0.1788211283222646,0.07855728007138152,Lansia tinggi - Kemiskinan tinggi,1187133,181122,15.2571,21.4956,8.74,11589,73.5,1.7517999999999994
Indramayu,Jawa Barat,2024,-1.5738639392115303,-1.7657240962848773,0.9940450633872223,0.4818386581299863,0.29691850368588485,-0.31187125356595485,-0.3202294381431751,0.019406887787071333,Lansia tinggi - Kemiskinan tinggi,1914037,216412,11.3066,22.1606,6.95,11010,72.82,1.8429000000000002
Subang,Jawa Barat,2024,-2.6342843364076733,-1.319446654963412,0.39306940472184787,1.220012258990276,0.21321170561850178,0.08003304454249359,0.23905966214710894,0.11008109959181386,Lansia tinggi - Kemiskinan tinggi,1663156,230825,13.8787,21.3561,7.46,11894,73.57,2.347200000000001
Purwakarta,Jawa Barat,2024,0.013703142089635741,-0.20920444550931044,0.4724996857461869,-0.08538355332591487,-0.0023530408824147613,-0.73186448701757,-0.12087086165319444,-0.050409275521187576,Lansia rendah - Kemiskinan rendah,1050344,106210,10.1119,24.5298,8.14,13099,72.04,1.4236000000000004
Karawang,Jawa Barat,2024,-1.9328980011329289,-1.0136900676718257,2.067120528140529,-0.22936142712167912,0.13268637892844384,-0.3588083724721743,-0.2863919281517612,-0.1070224630583977,Lansia rendah - Kemiskinan rendah,2554384,257141,10.0667,23.2772,8.05,12942,73.19,1.7235000000000014
Bekasi,Jawa Barat,2024,-1.9385834131030313,-0.19214307386511623,3.0642924592937515,-0.8163781151397809,0.8382430684150521,0.15070631795205722,-0.8823842126760271,-0.5194258816304633,Lansia rendah - Kemiskinan rendah,3273868,246041,7.5153,24.1364,9.76,12500,74.65,1.6448
Bandung Barat,Jawa Barat,2024,-0.8876045597627652,-1.379206995606137,1.1201628388205769,-0.37027282202600215,0.8680402046494327,0.2928489328779182,-0.2804691298798571,0.0034376062730551694,Lansia rendah - Kemiskinan tinggi,1884191,203828,10.8178,23.9182,8.24,9583,73.4,1.5385000000000009
Pangandaran,Jawa Barat,2024,-1.2228241075864101,-1.1225130159307493,-1.9100107625892566,1.1053965005709556,0.1881196148057648,0.7807255393532642,0.20306066107155205,-0.2580245690569441,Lansia tinggi - Kemiskinan rendah,434104,73525,16.9372,20.6328,8.1,9654,72.46,2.0692000000000004
Kota Bogor,Jawa Barat,2024,-1.3633678440371009,1.1052544550949888,0.12562566618961568,0.06229196022950526,0.6151494075013362,0.4215753675856604,-0.3772386076584297,0.06592647052975792,Lansia tinggi - Kemiskinan rendah,1078351,120085,11.136,22.7341,10.71,13154,74.79,1.8766999999999996
Kota Sukabumi,Jawa Barat,2024,0.02628006054611258,1.0303256674231391,-0.6605982945364494,-0.055024541846802326,0.5192922180443316,0.33420703386220263,-0.17690924366826952,-0.003941134227964064,Lansia tinggi - Kemiskinan rendah,365735,42026,11.4908,23.9849,10.38,12252,73.4,1.579600000000001
Kota Bandung,Jawa Barat,2024,-3.9398873943629535,1.3411516871429823,1.7477072469061734,-1.1669956508976929,-0.7772693007944874,-0.28255419804906434,0.011114073012212422,0.25702149044054184,Lansia tinggi - Kemiskinan rendah,2528163,317897,12.5742,21.248,11.07,18795,75.37,1.822799999999999
Kota Cirebon,Jawa Barat,2024,-0.42230778099985145,1.2394290327641948,-0.8102439244151823,0.340281748389667,0.3321093790505731,0.3941165226401225,-0.2995706189863685,0.0038000364983055944,Lansia tinggi - Kemiskinan tinggi,344851,40617,11.7781,22.8728,10.53,12869,73.38,1.7887000000000004
Kota Bekasi,Jawa Barat,2024,-3.900347302229471,1.7523047672120708,2.194418271236966,0.05820260223935448,0.19688414824515965,0.5248234970515201,-0.17948541501150472,0.028254640558017647,Lansia rendah - Kemiskinan rendah,2644058,280895,10.6236,22.215,11.79,16775,76.02,2.4007000000000005
Kota Depok,Jawa Barat,2024,-2.736078038873597,1.8691459902492709,1.7275358053496648,-0.3806177069648363,0.17594791412346553,0.13485592914232852,-0.27170407048259715,-0.025139300125240356,Lansia rendah - Kemiskinan rendah,2163635,216208,9.9928,23.0819,11.59,16640,75.54,2.0066000000000006
Kota Cimahi,Jawa Barat,2024,-1.1153934087869866,1.781679238285192,-0.5476381744194387,0.1428094259881955,0.6731866529213996,0.591462346066844,-0.7048980883676829,0.11874118727774728,Lansia tinggi - Kemiskinan rendah,598698,65902,11.0076,21.8626,11.52,13278,75.12,1.8780999999999999
Kota Tasikmalaya,Jawa Barat,2024,-0.2678322547702769,0.22041721800124867,-0.30340298789161324,-0.12508114130693146,0.5289997382015126,0.3302932504232562,-0.15668220180642842,0.0007667210316285989,Lansia tinggi - Kemiskinan tinggi,750727,88540,11.7939,23.7395,9.63,11431,73.22,1.5671
Kota Banjar,Jawa Barat,2024,-0.3349282319168489,-0.003936909998874897,-1.5254609142062618,0.6516155579901901,-0.04315733122104794,0.21428614075134278,0.0817367051072493,-0.22109730569278652,Lansia tinggi - Kemiskinan rendah,209791,30234,14.4115,22.2669,8.83,11811,72.08,1.7780000000000005
Cilacap,Jawa Tengah,2024,-2.8046018279267058,-1.6911196460858662,0.7553459023464685,0.10579020565900009,0.3650279407941327,-0.13299201391762472,0.31407628413950317,0.22239251771237412,Lansia tinggi - Kemiskinan tinggi,2027379,287358,14.1739,21.768,7.4,11868,74.68,1.9596999999999998
Banyumas,Jawa Tengah,2024,-2.303311330584226,-1.3591837741922146,0.41207147868751803,-1.063126594936645,-0.06221553069050357,-0.4138431455782937,0.2122103710181563,0.23845510681707324,Lansia tinggi - Kemiskinan tinggi,1847097,269615,14.5967,21.726,7.91,12960,74.44,1.4186999999999994
Purbalingga,Jawa Tengah,2024,-0.5483309696093818,-1.3891766548134763,-0.5254467425896389,-0.9423915646143332,0.2828835679262105,-0.6938775260369828,-0.042083434353203615,-0.001216526209047782,Lansia tinggi - Kemiskinan tinggi,1037637,141309,13.6183,22.6839,7.36,11343,73.82,1.1213999999999995
Banjarnegara,Jawa Tengah,2024,-0.9323099350868246,-1.7510560978505687,-0.70464393977471,-0.6094952595616692,0.6554040272622162,-0.70594697180284,0.012968925413678082,-0.002815743828933027,Lansia tinggi - Kemiskinan tinggi,1057562,150330,14.2148,22.2303,6.87,10595,74.88,1.2932000000000006
Kebumen,Jawa Tengah,2024,-1.4954275629341025,-1.6693224826984536,-0.24535422652283823,-0.7348326731060275,0.5331590892231073,0.10855829075805774,0.06496012804653432,0.13530573982256966,Lansia tinggi - Kemiskinan tinggi,1414754,207918,14.6964,21.9988,7.87,10176,74.32,1.4280000000000008
Purworejo,Jawa Tengah,2024,-2.177344826352661,-0.7146771999801724,-1.6724598096101744,-0.15815153994129727,0.47065428480640226,0.2201295272829545,0.25885067921404625,-0.07407886426787669,Lansia tinggi - Kemiskinan tinggi,795033,138649,17.4394,20.3056,8.65,11584,75.76,1.7710999999999988
Wonosobo,Jawa Tengah,2024,-0.6329699968060212,-1.3298940011820715,-0.5131248396484859,0.08012476595649583,-0.09997876790541041,-0.7513301152993892,0.04953986859013761,-0.05956024412450709,Lansia tinggi - Kemiskinan tinggi,920506,123391,13.4047,22.4329,6.9,11980,72.44,1.4876000000000005
Magelang,Jawa Tengah,2024,-1.9168585888294318,-1.4414812681338578,-0.4277304830969888,-0.25425312140633655,0.4537698544843258,0.005478702958293006,0.0287069096003243,0.12361219530033977,Lansia tinggi - Kemiskinan tinggi,1341447,200202,14.9243,21.174,7.83,10926,74.66,1.659600000000001
Boyolali,Jawa Tengah,2024,-1.9827082130594869,-0.382484634243197,-0.7420726831669276,-0.913632073352844,0.3526819885356713,-0.9963271151624831,0.3005421322215098,0.01225800161004298,Lansia tinggi - Kemiskinan tinggi,1099850,166403,15.1296,21.8539,8.17,14195,76.65,1.4143000000000008
Klaten,Jawa Tengah,2024,-3.0566711551348904,-0.18936403138377003,-0.8302785679831889,-0.6992023098229355,0.5226560335555109,-0.09598676028753754,0.11162740940386498,0.17776507673036163,Lansia tinggi - Kemiskinan tinggi,1292800,210027,16.2459,20.0619,9.29,13513,77.46,1.7446999999999981
Sukoharjo,Jawa Tengah,2024,-2.4754520173246894,0.5371745149822075,-1.0471875249910794,-0.2772345681732235,1.1880713593515027,0.09071702396923362,-0.19372532164144887,0.06409047760245098,Lansia tinggi - Kemiskinan rendah,941650,137295,14.5803,20.6893,10.01,12758,78.38,1.8667999999999996
Wonogiri,Jawa Tengah,2024,-3.146704965340465,-2.070642238244275,-2.2722957787129814,-1.081431184350455,0.3348041601489579,0.13972088859492865,0.2434248419872457,0.1219221165852818,Lansia tinggi - Kemiskinan tinggi,1054145,218792,20.7554,17.7468,7.68,10634,76.9,1.4771
Karanganyar,Jawa Tengah,2024,-2.4768205917568955,0.11475037931973806,-1.0556298976884082,-0.1698823995019047,1.1223098530038986,-0.13552050572618693,0.1498154650800939,0.012098475959734456,Lansia tinggi - Kemiskinan tinggi,961909,147151,15.2978,21.226,9.26,12732,78.16,1.879100000000001
Sragen,Jawa Tengah,2024,-2.1167382500960583,-0.6788298803210822,-1.1606738116069975,-0.8428196014426168,0.17633794768221273,-0.9581713811492484,0.17951899346956587,0.0074125534411077845,Lansia tinggi - Kemiskinan tinggi,1004761,161301,16.0537,20.6827,7.88,13890,76.38,1.4154
Grobogan,Jawa Tengah,2024,-2.2126903191172325,-1.3806618917974172,0.06698585149575101,0.3661558931667267,0.7542563771443094,-0.3552134833131888,0.3394306027318155,0.0697239641525351,Lansia tinggi - Kemiskinan tinggi,1506374,212589,14.1126,22.2724,7.29,11548,75.47,1.953100000000001
Blora,Jawa Tengah,2024,-2.362063583079771,-1.4421083996653437,-1.4169652918458746,0.8805802980789276,0.48193584655551713,-0.07237878898283631,-0.04813408259105021,-0.013128095513474807,Lansia tinggi - Kemiskinan tinggi,907993,147620,16.2578,19.2907,7.26,10926,75.15,2.091199999999999
Rembang,Jawa Tengah,2024,-1.5837540632304927,-0.6708802312429816,-1.2820952265103418,0.741046340594139,0.5893848074437741,-0.37966155595951895,-0.033836744590002986,-0.09697507769695266,Lansia tinggi - Kemiskinan tinggi,665237,97153,14.6043,20.919,7.73,11830,75.19,1.9479000000000006
Pati,Jawa Tengah,2024,-2.9106434422050413,-1.0343700896999537,-0.4839237962997439,0.5704079320501796,0.873653806264852,-0.16598381192864364,0.11649148701322343,0.12166522185276744,Lansia tinggi - Kemiskinan tinggi,1370821,206575,15.0694,20.4698,7.82,11829,76.76,2.1464999999999996
Kudus,Jawa Tengah,2024,-1.8006205734885021,0.6178902253309924,-0.38428602576034904,0.8229473678297081,1.3831188270388992,-0.140127679072197,-0.15439800761756156,5.1028239698847576e-05,Lansia tinggi - Kemiskinan rendah,883322,104784,11.8625,22.4821,9.35,12533,77.25,2.171800000000001
Jepara,Jawa Tengah,2024,-1.534595501303712,-0.47162823796728504,-0.0536502978524947,0.06142198019110706,1.1617470933313692,-0.448303003948872,-0.20528146469044914,0.02548432734416292,Lansia tinggi - Kemiskinan rendah,1232880,148090,12.0117,22.547,8.27,11729,76.46,1.7624999999999993
Demak,Jawa Tengah,2024,-1.2478811441855737,-0.4280117570377285,0.1931713931361881,0.14642781455029116,1.1898669735382037,-0.40764037382587925,-0.08895089471318074,-0.010757464641007002,Lansia tinggi - Kemiskinan tinggi,1252970,143484,11.4515,23.4815,8.28,11591,75.97,1.770999999999999
Semarang,Jawa Tengah,2024,-2.0095028159697983,-0.31868359162315874,-0.5490255706434928,0.015942506564546974,0.599746557389277,-0.7203461947687433,0.0016111083479152394,0.01759915873848869,Lansia tinggi - Kemiskinan rendah,1089767,150000,13.7644,21.4887,8.16,13377,76.34,1.7774999999999999
Temanggung,Jawa Tengah,2024,-1.794003206945701,-1.1527102764535762,-1.2639359858380665,0.5635812547947084,1.042342022582227,-0.17279152497849398,0.13305784212654131,-0.07560347488901847,Lansia tinggi - Kemiskinan rendah,814879,125145,15.3575,21.1958,7.53,10519,76.16,1.9392999999999994
Kendal,Jawa Tengah,2024,-1.8877997309484402,-0.403370816303688,-0.3261601240578148,0.8685996127796617,0.4251083942843555,-0.67026424716975,0.011614038190398837,-0.02007713246523774,Lansia tinggi - Kemiskinan tinggi,1064812,138195,12.9783,21.6647,7.74,13277,75.02,2.0624000000000002
Batang,Jawa Tengah,2024,-1.0513747137199498,-0.9461999385306475,-0.4750071401196153,1.0568200305219604,1.1375410902990593,-0.6016729501584667,0.11426141092780122,-0.08959073104724362,Lansia tinggi - Kemiskinan rendah,838187,104196,12.4311,23.1191,7.08,10919,75.3,2.0029000000000003
Pekalongan,Jawa Tengah,2024,-0.9877467351578497,-0.6925039686254802,-0.003066965081713178,0.8930452602601989,0.7967585957285739,-0.5272481323598185,0.16808117979887757,-0.07608526846557856,Lansia tinggi - Kemiskinan tinggi,1019006,120723,11.8471,23.6891,7.48,11701,74.32,1.960799999999999
Pemalang,Jawa Tengah,2024,-1.019258090480178,-1.9974858915013352,0.3701418292708495,-0.02768671067184214,0.8526166791070892,-0.6011659741824303,-0.14319134107666703,0.012412710738309357,Lansia tinggi - Kemiskinan tinggi,1541685,184889,11.9927,22.966,6.56,10017,74.29,1.5469999999999988
Tegal,Jawa Tengah,2024,-0.6879360957816443,-1.4376856409721581,0.9615278677706767,0.027771820584149516,0.2962145710037207,-0.3045655850252313,-0.11772217699369054,-0.04073822954167201,Lansia rendah - Kemiskinan rendah,1674803,182325,10.8864,23.8875,7.36,10972,72.2,1.5713000000000008
Brebes,Jawa Tengah,2024,-0.8343377325910857,-2.327749782554819,1.3148959558060553,-0.40711890843369863,-0.5171876587717797,-0.5678603557027564,-0.15965959435367963,0.011410926748798187,Lansia tinggi - Kemiskinan tinggi,2065501,237138,11.4809,23.0464,6.41,11389,70.34,1.3346
Kota Magelang,Jawa Tengah,2024,-2.8837958773185077,1.871623667149209,-2.611676822452398,1.2530682688571266,0.7887198198252099,0.920161061438026,-0.23258534867026368,-0.2768536689226159,Lansia tinggi - Kemiskinan rendah,122431,20642,16.8601,18.47,11.43,13619,77.62,2.5577999999999985
Kota Surakarta,Jawa Tengah,2024,-2.976573727616592,2.1350824472980605,-1.6167042035516368,0.32619464505744483,0.42813548557890085,-0.005507292830982626,-0.07010699662560445,-0.07802807526166734,Lansia tinggi - Kemiskinan rendah,528044,81108,15.3601,19.7343,11.25,16291,78.02,2.2048999999999985
Kota Salatiga,Jawa Tengah,2024,-1.8278626091863972,2.6261829349312444,-1.7667453943073552,-0.690527726179989,0.45328086876160234,-0.6417979682885999,-0.2550819202097906,-0.09686278243622337,Lansia tinggi - Kemiskinan rendah,201270,28064,13.9435,20.9857,11.48,17096,78.32,1.6157000000000004
Kota Semarang,Jawa Tengah,2024,-3.7890059757164187,1.7104552401962396,0.4595515158993498,-0.1254936428454742,0.483281696932183,-0.1853025457560434,-0.06959112258516001,0.1738900980691835,Lansia tinggi - Kemiskinan rendah,1708833,221043,12.9353,20.8773,11.05,16990,78.3,2.2082999999999995
Kota Pekalongan,Jawa Tengah,2024,-0.8713691296505653,1.276337150573465,-0.7557897521631463,0.9411639072933394,0.5373656785188443,-0.6265854465611551,-0.05022971609120036,-0.05223161184590956,Lansia tinggi - Kemiskinan rendah,321095,36528,11.3761,23.1097,9.34,14547,75.06,2.016499999999999
Kota Tegal,Jawa Tengah,2024,-0.5034679019624477,1.0605501541402425,-0.962905772136859,0.1178607220492594,0.4403437012447769,-0.8130883938495629,-0.25222667245079056,-0.028006559079571534,Lansia tinggi - Kemiskinan rendah,285843,33014,11.5497,22.8244,9.28,14358,75.1,1.609
Kulon Progo,DI Yogyakarta,2024,-1.5293577887075356,-0.6804996980475468,-2.6785797296835696,-1.2664190934793678,0.32318117518585193,0.3725004748960269,0.10757920901638729,-0.26705314540799596,Lansia tinggi - Kemiskinan tinggi,445315,85505,19.201,19.7321,9.2,10990,75.72,1.2359000000000009
Bantul,DI Yogyakarta,2024,-2.6342852697869104,0.7937713273516809,-0.8818584400084181,-0.5373276960180435,-0.8658117555022583,-0.3848506112726125,0.3229390880758064,0.030770271198891266,Lansia tinggi - Kemiskinan tinggi,1017750,165320,16.2437,20.3607,9.81,16851,74.36,1.7179000000000002
Gunung Kidul,DI Yogyakarta,2024,-1.7196687653951022,-2.329604401812969,-2.746767226611798,-2.1128783741104704,-0.32933810844486655,-0.18279661466528574,0.22030386323539308,-0.11856815436578491,Lansia tinggi - Kemiskinan tinggi,752188,159233,21.1693,18.5468,7.35,10630,74.68,0.7887999999999984
Sleman,DI Yogyakarta,2024,-2.777782152390244,1.5988295741379162,-0.6328526622340609,-1.432300578567893,-0.7519340400666552,-0.1538482975375737,-0.020693681830845703,0.1590835557961166,Lansia tinggi - Kemiskinan rendah,1168471,180275,15.4283,20.1589,11.33,17586,75.44,1.4817
Kota Yogyakarta,DI Yogyakarta,2024,-3.4423531409577244,3.2806004745612234,-1.8570533636007511,0.5912675955358121,-1.2925815607523945,-0.12997775320308103,0.15608600172601375,-0.20262875393111723,Lansia tinggi - Kemiskinan rendah,375779,63001,16.7654,18.5069,12.12,20603,75.16,2.3605
Pacitan,Jawa Timur,2024,-2.0545443472076483,-1.8236892919903385,-2.7626764885559516,-0.2055634910073187,-0.4057974672861515,0.6743847514405489,0.09680636433501875,-0.22167353581438395,Lansia tinggi - Kemiskinan tinggi,588569,121117,20.5782,17.767,7.9,10099,73.09,1.617799999999999
Ponorogo,Jawa Timur,2024,-2.33143853922268,-1.8367197378731388,-1.915281147478935,-0.6940065787784774,-0.34998646814131024,0.28063779512829556,0.1807873249278306,0.03943050909555182,Lansia tinggi - Kemiskinan tinggi,962941,186596,19.3777,18.577,7.8,11065,73.82,1.4888000000000012
Trenggalek,Jawa Timur,2024,-2.2561583742294027,-1.3093471755012578,-1.9877364579995729,0.2313762206971568,0.24178358239138914,0.2634677165690436,0.13434410056341312,-0.10086577093932561,Lansia tinggi - Kemiskinan tinggi,744516,135322,18.1758,19.1236,7.92,10872,74.88,1.8606999999999978
Tulungagung,Jawa Timur,2024,-2.5015986881989223,-0.8062070520149275,-1.0894441837102808,-0.13840126609996778,0.21663496471612273,0.2359799862996551,-0.06475663086702613,0.11491380878813287,Lansia tinggi - Kemiskinan rendah,1113847,181806,16.3223,19.5378,8.68,11966,75.18,1.8127999999999993
Blitar,Jawa Timur,2024,-2.523248699612248,-1.2605492914132406,-0.7543526034864073,0.08450455622015302,0.10284343066855352,0.001778501562979962,0.22104472355326085,0.11953314870711991,Lansia tinggi - Kemiskinan rendah,1263645,206181,16.3164,20.2266,7.87,12020,74.61,1.8729000000000013
Kediri,Jawa Timur,2024,-2.8823427138278883,-1.0661113588172557,0.26791438707279963,0.6291824787219531,-0.04283446644205631,0.37517841811238234,0.3492291190703946,0.20185326941612203,Lansia tinggi - Kemiskinan tinggi,1689916,253909,15.0249,21.0564,8.26,12388,73.53,2.2071000000000005
Malang,Jawa Timur,2024,-3.6466596448050064,-2.3278705823146604,1.6151438127096458,-0.3275856066364856,-0.02871665993867061,0.6115991718110975,0.29556336101261177,0.526915421956385,Lansia tinggi - Kemiskinan tinggi,2735993,404812,14.7958,20.9517,7.8,11190,73.5,1.9754000000000005
Lumajang,Jawa Timur,2024,-1.6295213560582429,-2.057869486543086,-0.806617438897604,0.44357821197571906,-0.4124433302021696,0.48275790328246654,0.0956021983670495,0.0724644346660912,Lansia tinggi - Kemiskinan rendah,1145849,186025,16.2347,20.2418,7.27,10124,71.19,1.8175000000000008
Jember,Jawa Timur,2024,-2.673472313572671,-3.307006568421917,1.405646867000948,-0.6550595954748489,-0.9514512031541349,0.3023864659641885,0.09335864816320741,0.5130247329936908,Lansia tinggi - Kemiskinan tinggi,2603817,389488,14.9583,20.4376,6.54,10700,70.25,1.5523999999999987
Banyuwangi,Jawa Timur,2024,-2.724451261964738,-1.4831835344036368,0.2653366615185786,0.07320739463504009,-0.9376169269602264,0.114135466334786,0.4065511375780541,0.27036467186558155,Lansia tinggi - Kemiskinan rendah,1754393,278325,15.8645,20.555,7.78,13320,71.61,1.8965999999999994
Bondowoso,Jawa Timur,2024,-0.3685165137301744,-2.2759898559503404,-1.2953753354621098,-0.37148657733014356,-1.765518773107465,-0.2167853547969556,0.04636789637391544,-0.08933405664758613,Lansia tinggi - Kemiskinan tinggi,792309,132489,16.7219,20.2093,6.53,11689,67.81,1.1677000000000017
Situbondo,Jawa Timur,2024,-1.0602858854450803,-1.915952133685963,-1.644570839006909,0.23272729157571112,-1.0416691437317502,-0.011702441370842006,-0.11961630857677531,-0.10209836337591519,Lansia tinggi - Kemiskinan tinggi,700719,118259,16.8768,19.2258,6.93,11216,70.16,1.5446999999999989
Probolinggo,Jawa Timur,2024,-0.743263754836445,-2.005174193175976,-0.07342143654716171,0.6135662996304777,-1.3286445436131145,-0.37322793487776357,0.2754175881970478,-0.02586563783593931,Lansia tinggi - Kemiskinan tinggi,1185242,168879,14.2485,21.9482,6.31,12258,68.33,1.6608
Pasuruan,Jawa Timur,2024,-1.7814321879420254,-1.4593956404960655,0.6378012538404659,1.0098150227873668,-0.33810345517549345,0.1955961741574362,-0.0008909065441122053,0.07327451683312146,Lansia tinggi - Kemiskinan rendah,1657216,212611,12.8294,21.7197,7.46,11617,71.04,2.1050000000000004
Sidoarjo,Jawa Timur,2024,-3.415789866895543,1.0816966841662945,1.365045926907741,0.14969488923294844,-0.06007170769943257,0.4391003042939936,-0.27594830872224263,0.14880160757693525,Lansia tinggi - Kemiskinan rendah,2171480,254285,11.7102,21.1685,10.91,15710,74.94,2.2576
Mojokerto,Jawa Timur,2024,-2.104287911057441,0.2513617498354896,-0.0653495827967366,0.9259466724350484,-0.05339201306500278,0.11450571891649144,0.19568420529553743,0.010869495513995957,Lansia tinggi - Kemiskinan tinggi,1154257,155139,13.4406,21.911,9.13,13903,73.5,2.2247000000000003
Jombang,Jawa Timur,2024,-1.8990926155222982,-0.5083222355136153,0.037869632337393065,0.19989802116562352,0.07395191065543312,0.21306172672255014,0.074031051841457,0.08487085544753768,Lansia tinggi - Kemiskinan rendah,1362697,187010,13.7235,21.8531,8.78,12454,73.47,1.8962000000000003
Nganjuk,Jawa Timur,2024,-2.0338547104567772,-0.7338505208632335,-0.6171250391053134,0.19675122920303653,-0.5938978680241952,-0.03405305355535048,0.2293102050708291,0.04624380921333942,Lansia tinggi - Kemiskinan tinggi,1131777,176814,15.6227,20.6998,8.25,13376,72.52,1.8370999999999995
Madiun,Jawa Timur,2024,-2.1908827769691004,-1.0303774416723994,-1.877887938892325,0.08190580345027146,-0.7915333832791843,0.25744875352387175,0.3264742457072914,-0.11925702227639925,Lansia tinggi - Kemiskinan tinggi,757839,142350,18.7837,19.0724,8.2,12668,72.52,1.7819000000000003
Magetan,Jawa Timur,2024,-1.7915689118684088,-0.9060491600173656,-2.2367989919339513,-1.362033876561455,-0.7387684283277361,0.05182464910628864,0.36878479689003857,-0.16254859353543397,Lansia tinggi - Kemiskinan tinggi,685500,135054,19.7015,19.5348,8.69,12915,73.54,1.1846999999999994
Ngawi,Jawa Timur,2024,-2.661483678574257,-1.1927786067808894,-1.666716029313505,0.5870614006843163,-0.43628427609816156,0.23429973695033404,0.5047997320749944,-0.07520509823347671,Lansia tinggi - Kemiskinan tinggi,884086,165807,18.7546,19.2523,7.84,12414,73.44,2.061
Bojonegoro,Jawa Timur,2024,-2.7766402561395536,-1.5574290009981888,-0.5565197440740712,1.2637715564013638,-0.13272286337606215,0.5278923293706809,0.2254919341041914,0.13276571417602617,Lansia tinggi - Kemiskinan tinggi,1325299,215100,16.2303,19.6729,7.59,11204,72.81,2.358699999999999
Tuban,Jawa Timur,2024,-2.3990705824224303,-1.4503502646052342,-0.6358983337188093,1.0167239452538632,-0.2514289241562633,0.270825000878635,0.08718961977443164,0.09166088815026478,Lansia tinggi - Kemiskinan tinggi,1225205,192804,15.7365,19.7645,7.53,11579,72.59,2.1770999999999994
Lamongan,Jawa Timur,2024,-2.8287092011596484,-1.0121245077225647,-0.5290923145079681,0.33098668398647724,-0.28454528915776894,0.4453001069644644,0.2028359974339001,0.18908325285481312,Lansia tinggi - Kemiskinan tinggi,1378147,226161,16.4105,19.7732,8.48,12419,73.46,2.0520999999999994
Gresik,Jawa Timur,2024,-1.9328175984900158,0.6873748099375403,0.35380815666551213,0.19325097169299743,-0.11517066265292333,0.18537925265393498,-0.23788966045911436,0.07833685633867098,Lansia tinggi - Kemiskinan tinggi,1364019,164175,12.0361,21.8262,10.03,14356,73.56,1.9522999999999993
Bangkalan,Jawa Timur,2024,-0.06831674153192871,-2.2986735648136767,-0.15708666024766477,0.2104685710142558,-0.04250574135255612,-0.6390662547225401,-0.4751280342958132,0.0028267802083396824,Lansia tinggi - Kemiskinan tinggi,1102522,130956,11.8779,22.0066,6.01,9841,71.02,1.3756000000000004
Sampang,Jawa Timur,2024,1.0759402487778256,-2.705631191734134,0.20173049297037068,0.10808199422117828,-0.3934586517816263,-1.048029135590032,-0.13835272090741585,-0.09239945743038035,Lansia tinggi - Kemiskinan tinggi,1016254,111320,10.954,24.2188,5.08,9782,68.86,1.113900000000001
Pamekasan,Jawa Timur,2024,0.3994410066277103,-1.7377520442834427,-0.18267609644530305,0.4227743784078972,-0.5598953666470748,0.18741483619686017,-0.18218153565897222,-0.032710880609382306,Lansia tinggi - Kemiskinan tinggi,884697,109265,12.3506,22.9708,7.17,9811,68.53,1.4764999999999997
Sumenep,Jawa Timur,2024,-1.8553536976099,-2.6687086932138344,-1.1275033022054854,0.19547398846994993,-0.2055910030353205,-0.22960177118170674,0.009810443517795735,0.07996838451753992,Lansia tinggi - Kemiskinan tinggi,1153188,193468,16.7768,19.3899,6.1,10156,72.7,1.658400000000002
Kota Kediri,Jawa Timur,2024,-1.2774001410294564,1.5413611695242795,-1.3935594705119076,0.3552783285677292,0.3690146007356534,0.4434604991307032,-0.21521368947117564,-0.07860632010948287,Lansia tinggi - Kemiskinan rendah,298227,40777,13.6731,21.4967,10.92,13670,74.91,1.9411000000000005
Kota Blitar,Jawa Timur,2024,-1.118399316471634,1.7318207083501367,-1.6940342120594005,-0.08496788870833044,0.024151015399523183,-0.013752928384352305,-0.21717400480118934,-0.1343232088838801,Lansia tinggi - Kemiskinan rendah,154867,21801,14.0772,21.2557,10.82,14933,74.9,1.7036999999999995
Kota Malang,Jawa Timur,2024,-2.3090455690719325,2.040934038831829,-0.5412488324916944,-0.17615841865205667,-0.7234400402199631,-0.1786752492083323,0.08041466593640888,0.013428428229886685,Lansia tinggi - Kemiskinan rendah,872694,121909,13.9693,21.2007,11.14,17791,74.34,1.8918
Kota Probolinggo,Jawa Timur,2024,0.025486948482318368,0.8653178979105157,-0.8471043970782527,0.4684780271502566,-0.35205761354051335,0.11928236156416973,-0.06224577118759473,-0.07685348358904391,Lansia tinggi - Kemiskinan rendah,249539,30455,12.2045,23.2573,9.72,13405,71.22,1.6986999999999988
Kota Pasuruan,Jawa Timur,2024,-0.26574056571939414,1.492839890429894,-0.648107077008234,0.8035381199704971,-0.07240124459325617,-0.18190114295128632,0.14542445526306097,-0.08032457082615892,Lansia tinggi - Kemiskinan rendah,219392,25303,11.5332,24.0287,9.94,14664,72.55,1.910400000000001
Kota Mojokerto,Jawa Timur,2024,-1.0713424807291205,2.14099432695732,-1.375204247181681,0.44904678096321915,0.09541999918670419,0.38022712274680764,-0.10232280952575899,-0.10671056545149002,Lansia tinggi - Kemiskinan rendah,137393,18284,13.3078,22.0586,11.38,14842,74.31,1.9678000000000004
Kota Madiun,Jawa Timur,2024,-1.7142634581416796,2.405995767043567,-2.186404556541341,-1.0137560223086675,-1.1938745440246015,0.1965530294430046,-0.24375979653675373,-0.20447274179863112,Lansia tinggi - Kemiskinan rendah,201767,33407,16.5572,19.3134,12.11,17518,73.71,1.452300000000001
Kota Surabaya,Jawa Timur,2024,-4.678614825136922,1.1861771549592406,2.315286998378027,-0.9441208445865807,-1.0684532072359285,-0.2677707381829432,0.2898206606396282,0.33160524105768624,Lansia tinggi - Kemiskinan rendah,2921996,378637,12.9582,21.2182,10.89,19666,75.03,2.0372000000000003
Kota Batu,Jawa Timur,2024,-0.970435821251809,1.1565459258126993,-1.3855777072705138,0.6492093164692676,-0.08887067170024135,-0.03647752256246893,-0.07832740035453324,-0.139134292967923,Lansia tinggi - Kemiskinan rendah,222685,30311,13.6116,21.6966,9.87,14253,73.54,1.9197999999999986
Pandeglang,Banten,2024,0.8572234554334467,-1.7476874439803176,1.1942880026039424,1.1527396131880552,-0.7989997680579516,0.539031670181931,0.008297389183107995,-0.11322336415318461,Lansia rendah - Kemiskinan tinggi,1325952,131235,9.8974,25.247,7.16,9574,65.84,1.7454
Lebak,Banten,2024,0.7819180854906913,-1.9185237837098847,1.2410861062469625,0.6092172545472782,-0.15758314537074117,-0.13984947044854187,-0.07252524076498407,-0.14700622222891896,Lansia rendah - Kemiskinan rendah,1449205,135778,9.3691,25.5715,6.61,9631,68.39,1.5206
Tangerang,Banten,2024,-1.6337199197647738,-0.6004163898097409,3.4991990246754563,-0.33818031820651057,-0.24287644669694525,0.16625226893394712,-0.5835503134340672,-0.5877307674783818,Lansia rendah - Kemiskinan rendah,3400486,260035,7.647,24.6187,9.06,13254,70.93,1.7285000000000004
Serang,Banten,2024,0.641998717781387,-1.1053294450105997,1.7754559572435127,0.4269845713753522,-1.2213128869589955,0.2025268327135097,-0.2635818574885521,-0.1634492652875549,Lansia rendah - Kemiskinan rendah,1701803,149456,8.7822,25.0726,7.88,11767,65.94,1.5154999999999994
Kota Tangerang,Banten,2024,-2.014220385239515,1.5088080795297665,1.7682217227934731,0.37343028899770897,-0.2777034192377062,0.5023532744010538,-0.1436121212276412,-0.07007342539678921,Lansia rendah - Kemiskinan rendah,1963966,190783,9.7142,23.7319,11.14,15641,72.51,2.1588000000000003
Kota Cilegon,Banten,2024,0.8747136990423847,1.592823994973898,0.7364271462170205,1.2605884673987542,-0.8354887790922558,0.46569883468575407,0.2045266644861262,0.010397585211067685,Lansia rendah - Kemiskinan rendah,455617,39227,8.6096,26.4753,10.39,14294,67.71,1.9703
Kota Serang,Banten,2024,0.9503885361597106,0.8965384134924229,1.0107042723889321,0.657046887991957,-0.5567353751558796,-0.6476986119289376,-0.08098697796412534,-0.019207825172406927,Lansia rendah - Kemiskinan rendah,734866,54961,7.4791,26.33,8.93,14603,69.31,1.6082999999999998
Kota Tangerang Selatan,Banten,2024,-2.5797319009887474,2.3914982838899967,0.8343750613085054,0.9795071042463244,-0.413699043751914,0.580654625494213,-0.11392297365045996,0.04571064113316353,Lansia tinggi - Kemiskinan rendah,1399496,154218,11.0195,22.1843,11.86,17028,73.36,2.4868000000000006
