Kab_kota,Provinsi,Tahun,UMAP1,UMAP2,Tipologi_Lansia,PC1,PC2,PC3,jumlah_penduduk,jumlah_lansia,pct_lansia,pct_anak,rls,pengeluaran,ahh_rata2,delta_pct_lansia
Simeulue,Aceh,2024,-1.0114204,-0.17433566,Lansia rendah - Kemiskinan tinggi,2.9367585304838206,-0.16757536632602765,0.06364729091026461,98633,8368,8.484,26.4932,9.89,8106,65.78,1.1142000000000003
Aceh Singkil,Aceh,2024,-1.7327573,1.0178759,Lansia rendah - Kemiskinan tinggi,3.545430013112211,0.06905597919370751,0.9230017425671454,135684,8603,6.3405,30.7663,8.72,9862,67.94,0.9386999999999999
Aceh Selatan,Aceh,2024,-0.46717638,-0.41461584,Lansia rendah - Kemiskinan tinggi,2.0625617277442534,-0.776733196259845,-0.44573118357660085,241994,26107,10.7883,23.8394,8.92,9190,65.02,1.2199999999999989
Aceh Tenggara,Aceh,2024,-1.1596553,1.908561,Lansia rendah - Kemiskinan tinggi,2.65346402688084,0.22510245260276632,0.23995412947462152,234430,19315,8.2391,27.6654,10.1,8876,68.82,0.9838000000000005
Aceh Timur,Aceh,2024,-1.3675954,0.72504735,Lansia rendah - Kemiskinan tinggi,2.369694558050067,-0.23338447872771126,0.687028886850019,443638,35164,7.9263,28.7304,8.48,9889,69.23,1.2256
Aceh Tengah,Aceh,2024,-0.95289135,2.3802745,Lansia rendah - Kemiskinan tinggi,2.0404423153566484,0.828395650042382,0.1832766684296606,226744,20132,8.8787,27.3952,10.03,11805,69.34,1.1097000000000001
Aceh Barat,Aceh,2024,-0.24089456,0.05429634,Lansia rendah - Kemiskinan tinggi,1.4862666939283533,0.36993930255256186,-0.36840838318489305,206822,21030,10.1682,24.6545,9.99,10548,68.53,1.374600000000001
Aceh Besar,Aceh,2024,-0.93098867,2.3739812,Lansia rendah - Kemiskinan tinggi,1.6101359648462423,0.6392751602688809,0.1161708098066834,428254,40577,9.475,26.5485,10.37,10810,70.34,1.1211000000000002
Pidie,Aceh,2024,-0.9000806,1.2525754,Lansia rendah - Kemiskinan tinggi,1.9748287998550087,-0.45392431540742095,-0.2872101700061626,452547,49110,10.8519,24.6425,9.04,11187,67.46,0.6386000000000003
Bireuen,Aceh,2024,-0.7524882,2.0141983,Lansia rendah - Kemiskinan tinggi,1.479236777005775,0.15740411160484477,-0.049689086365455104,459073,45844,9.9862,26.716,9.59,10150,71.88,1.0800999999999998
Aceh Utara,Aceh,2024,-0.22008985,0.7781057,Lansia rendah - Kemiskinan tinggi,1.6814384637002093,-0.3480717426861151,0.4012161262597332,631984,59282,9.3803,26.7424,9.11,9374,69.32,1.2735000000000003
Aceh Barat Daya,Aceh,2024,-0.6810789,-0.38641718,Lansia rendah - Kemiskinan tinggi,2.246620875657972,-0.5098908788311277,-0.20910333060974487,159187,15123,9.5001,24.7564,8.78,9559,65.69,1.2912
Gayo Lues,Aceh,2024,-1.5895132,1.1201159,Lansia rendah - Kemiskinan tinggi,3.690386633869414,-0.36024922812049515,0.5793980876805834,106791,7389,6.9191,28.774,8.44,9967,66.07,0.6839000000000004
Aceh Tamiang,Aceh,2024,0.13768548,0.8764046,Lansia rendah - Kemiskinan tinggi,1.4329117903522537,0.0900658501223967,-0.013025469668937055,309039,28823,9.3267,26.1498,9.3,9529,70.26,1.592900000000001
Nagan Raya,Aceh,2024,-0.69999605,1.332603,Lansia rendah - Kemiskinan tinggi,1.8659197431696797,-0.24008226238077068,-0.6092520212534455,176429,18087,10.2517,24.7913,9.25,9523,69.79,0.9846000000000004
Aceh Jaya,Aceh,2024,-1.2986486,1.3765463,Lansia rendah - Kemiskinan tinggi,3.0292301492180456,0.030387595809116107,0.06639440559726904,99200,8688,8.7581,27.8891,9.02,11007,67.74,0.632200000000001
Bener Meriah,Aceh,2024,-1.0378317,2.361556,Lansia rendah - Kemiskinan tinggi,2.2619455328311955,1.059056072839053,0.24979405768879293,172036,14216,8.2634,27.8639,10.13,12360,69.84,0.938600000000001
Pidie Jaya,Aceh,2024,-0.8699069,1.6740764,Lansia rendah - Kemiskinan tinggi,2.01315290555283,0.2192536761351372,-0.6472251563714421,166467,17559,10.548,25.5961,9.59,11274,70.82,0.5597999999999992
Kota Banda Aceh,Aceh,2024,1.663096,4.302242,Lansia rendah - Kemiskinan rendah,0.31231038669223443,3.93090361224992,0.4852421060386043,265019,22360,8.4371,26.9701,13.1,18100,72.22,1.628099999999999
Kota Sabang,Aceh,2024,-0.7622558,2.657813,Lansia rendah - Kemiskinan tinggi,1.9048093812990576,1.5886217770488593,-0.31979893168735324,43470,4133,9.5077,26.8461,11.22,12625,71.22,0.8323
Kota Langsa,Aceh,2024,1.406633,3.7734828,Lansia rendah - Kemiskinan tinggi,0.8548655627961462,1.682656745286025,-0.2531877320954414,197909,19103,9.6524,24.391,11.28,13133,69.97,1.5189000000000004
Kota Lhokseumawe,Aceh,2024,1.364503,3.8504176,Lansia rendah - Kemiskinan tinggi,0.8699652335677404,1.9264625715043453,0.015970868818989955,200403,17637,8.8008,26.2416,11.31,12694,72.3,1.6254000000000008
Kota Subulussalam,Aceh,2024,-1.6322863,1.0189606,Lansia rendah - Kemiskinan tinggi,4.585097984950358,-0.45308687821945337,1.314971263023077,99062,5385,5.436,31.9386,8.43,8491,64.56,0.8113000000000001
Nias,Sumatera Utara,2024,-1.8464173,0.41915607,Lansia rendah - Kemiskinan tinggi,3.2681289223669463,-1.4812423898346334,0.3104438266636967,155629,11797,7.5802,29.8273,6.4,7698,70.56,0.9006999999999996
Mandailing Natal,Sumatera Utara,2024,-1.0988047,0.3152201,Lansia rendah - Kemiskinan rendah,3.1105760725698905,-0.16101263566091678,1.1396023662755097,505360,44297,8.7654,30.1169,9.11,10644,63.7,1.1419999999999995
Tapanuli Selatan,Sumatera Utara,2024,-0.7956091,0.266432,Lansia rendah - Kemiskinan rendah,2.3204980517241354,0.5784888503570851,0.6677524018559052,316486,29504,9.3224,28.8733,9.56,12213,65.78,1.3838
Tapanuli Tengah,Sumatera Utara,2024,-1.1486455,1.3680599,Lansia rendah - Kemiskinan tinggi,2.4803996901642256,-0.1013451930353797,0.3083360809260854,394910,33906,8.5858,26.9978,8.92,11128,68.24,0.7562000000000006
Tapanuli Utara,Sumatera Utara,2024,-1.1123735,2.5561445,Lansia tinggi - Kemiskinan rendah,1.7708470232003015,0.8032049441415381,-0.10239268865129587,326993,38305,11.7143,28.3801,10.31,12382,69.82,0.9154999999999998
Toba Samosir / Toba,Sumatera Utara,2024,-0.8418044,2.5941794,Lansia tinggi - Kemiskinan rendah,1.8249678012429793,1.2440345873457,-0.29732426987465577,216720,24802,11.4443,28.4178,10.77,12960,71.46,0.6920999999999999
Labuhan Batu,Sumatera Utara,2024,0.2770688,2.6486936,Lansia rendah - Kemiskinan rendah,1.4819610135771941,0.7394245067655099,0.6060150742000889,520545,42121,8.0917,27.5292,9.5,12102,71.04,1.3303999999999991
Asahan,Sumatera Utara,2024,0.76417196,0.64628845,Lansia rendah - Kemiskinan rendah,1.0766175649905965,0.12261695216724208,0.7749469478141925,813720,77945,9.5788,27.1799,8.85,12301,69.32,1.4646999999999988
Simalungun,Sumatera Utara,2024,2.2295327,2.7900362,Lansia tinggi - Kemiskinan rendah,-0.05736214356790643,0.04744958508175709,0.11309703315925378,1051845,125023,11.8861,24.3164,9.73,12119,72.44,1.1286000000000005
Dairi,Sumatera Utara,2024,-0.99889326,2.4534652,Lansia rendah - Kemiskinan rendah,1.9222279766236852,0.5621378721874326,0.08245187990758655,330586,34206,10.3471,28.3884,9.89,11355,70.32,1.0117999999999991
Karo,Sumatera Utara,2024,0.9481422,2.3607502,Lansia rendah - Kemiskinan rendah,0.7557054868015627,0.9428473681762887,-0.3793210421704637,426471,46450,10.8917,25.062,10.12,13278,72.48,1.0203000000000007
Deli Serdang,Sumatera Utara,2024,5.0189195,4.268048,Lansia rendah - Kemiskinan rendah,-0.9363067559406173,0.5876370934934122,2.0458754001680104,2048480,191543,9.3505,26.3245,10.29,13279,72.53,1.7287
Langkat,Sumatera Utara,2024,1.2596598,0.45156857,Lansia rendah - Kemiskinan tinggi,0.13224016964143442,-0.12177336026593487,0.8043178696671924,1078676,112625,10.441,25.8107,8.74,12080,69.95,1.798
Nias Selatan,Sumatera Utara,2024,-1.7639699,0.27570543,Lansia rendah - Kemiskinan tinggi,2.9161048345462026,-1.5716647426511734,0.5023872281546431,389957,25867,6.6333,27.7054,6.52,7730,69.84,0.9717000000000002
Humbang Hasundutan,Sumatera Utara,2024,-1.1824663,2.3026233,Lansia tinggi - Kemiskinan rendah,2.4880427377470635,0.16770644901664375,-0.1707542482614425,207076,22952,11.0839,29.55,10.13,8844,70.54,0.8568999999999996
Pakpak Bharat,Sumatera Utara,2024,-1.7378603,1.0889955,Lansia rendah - Kemiskinan rendah,4.3593201674016395,0.26342055812667703,0.9015389964126772,56212,4033,7.1746,32.8506,9.73,9158,67.28,0.47750000000000004
Samosir,Sumatera Utara,2024,-1.074213,2.2206235,Lansia tinggi - Kemiskinan tinggi,2.056649024653795,0.1235101047055361,-0.6037244884630458,143071,16976,11.8654,28.7025,9.61,9634,72.46,0.8085999999999984
Serdang Bedagai,Sumatera Utara,2024,0.7962584,0.64508575,Lansia rendah - Kemiskinan rendah,0.803053548894934,0.24927102360385306,0.45413262414652217,691638,71635,10.3573,26.7534,9.12,12015,69.88,1.6212999999999997
Batu Bara,Sumatera Utara,2024,-0.13371938,0.61669415,Lansia rendah - Kemiskinan tinggi,1.954870972154459,-0.05134255469355096,0.535323169147545,437360,41946,9.5907,28.5954,8.51,11373,68.16,1.3908000000000005
Padang Lawas Utara,Sumatera Utara,2024,-1.738636,1.1451741,Lansia rendah - Kemiskinan tinggi,3.275465200721763,0.6952225143731471,1.053809512316857,280595,18949,6.7531,30.8505,9.82,10925,68.04,0.8773999999999997
Padang Lawas,Sumatera Utara,2024,-1.7828846,1.0852462,Lansia rendah - Kemiskinan rendah,3.2415243399365727,0.4706622134558287,1.1164296854003462,280764,19096,6.8014,31.2747,9.63,9821,67.93,1.1261999999999999
Labuhan Batu Selatan,Sumatera Utara,2024,0.20407753,2.5266535,Lansia rendah - Kemiskinan rendah,2.159216853743916,0.9624746752436429,1.0704997305256725,336577,21781,6.4713,29.6553,9.19,12353,69.78,1.4973
Labuhan Batu Utara,Sumatera Utara,2024,0.20561133,2.6147602,Lansia rendah - Kemiskinan tinggi,1.7838335415411828,0.8265716831911536,0.7172089038439063,408749,32217,7.8819,28.6868,9.14,12839,70.53,1.3244999999999996
Nias Utara,Sumatera Utara,2024,-1.8930374,0.36431175,Lansia rendah - Kemiskinan tinggi,3.158774223047143,-1.3018941912645265,0.24809549752559396,158676,11783,7.4258,29.0428,7.05,7189,70.5,0.9453999999999994
Nias Barat,Sumatera Utara,2024,-1.9283463,0.61793894,Lansia rendah - Kemiskinan tinggi,3.939373272238209,-1.2568016153200752,0.47878998411427776,97251,7094,7.2945,31.5596,7.26,6740,70.24,0.6551999999999998
Kota Sibolga,Sumatera Utara,2024,0.85038936,3.4938784,Lansia rendah - Kemiskinan tinggi,1.4398435406583017,1.441385412173681,-0.012399571847599237,91747,8252,8.9943,26.7714,10.45,12713,70.42,1.4818000000000007
Kota Tanjung Balai,Sumatera Utara,2024,-0.77601194,0.2015202,Lansia rendah - Kemiskinan tinggi,2.5465967528278424,0.6712059506273124,0.6255416278989421,185647,15782,8.5011,27.9471,9.69,12264,64.48,1.3992999999999993
Kota Pematang Siantar,Sumatera Utara,2024,2.325118,4.206652,Lansia tinggi - Kemiskinan rendah,-0.45768828935291445,1.954656010439889,-1.076214041570955,277054,35509,12.8166,23.8127,11.82,13349,75.32,1.5061
Kota Tebing Tinggi,Sumatera Utara,2024,1.78066,3.818276,Lansia tinggi - Kemiskinan rendah,0.29382060778237284,1.8247293059531293,-0.38599728515995146,180977,20355,11.2473,25.8674,10.87,13900,71.82,1.8251999999999988
Kota Medan,Sumatera Utara,2024,5.1326523,4.8935013,Lansia tinggi - Kemiskinan rendah,-2.993859891649468,1.327940934524804,1.9698625559997298,2486283,284173,11.4296,23.052,11.79,16069,74.74,1.7868000000000013
Kota Binjai,Sumatera Utara,2024,1.8249698,3.8926659,Lansia rendah - Kemiskinan rendah,0.346031336895578,1.6060781634131602,-0.286107958910807,307170,32023,10.4252,25.6815,11.2,12015,73.34,1.7095000000000002
Kota Padangsidimpuan,Sumatera Utara,2024,-0.6222367,2.7989426,Lansia rendah - Kemiskinan rendah,1.5139031901939368,1.3831992078529438,-0.023310735934600393,240067,22521,9.3811,26.4772,11.13,11964,70.48,1.2106999999999992
Kota Gunungsitoli,Sumatera Utara,2024,-1.829694,0.7955103,Lansia rendah - Kemiskinan tinggi,2.7443005457821825,0.09544915210943025,0.42248090546965295,145233,11224,7.7283,30.6962,8.76,9056,72.31,1.0629999999999997
Kepulauan Mentawai,Sumatera Barat,2024,-1.0312792,-0.19855238,Lansia rendah - Kemiskinan tinggi,3.3473512578421785,-1.196445963454255,0.16596638908216288,92757,7082,7.635,26.591,8.03,7192,65.32,1.0705
Pesisir Selatan,Sumatera Barat,2024,-0.17054403,1.4874465,Lansia tinggi - Kemiskinan rendah,0.9374169352118114,-0.4789397284085124,-0.48265456607370705,532913,62695,11.7646,24.9305,8.81,10211,71.64,1.1053999999999995
Solok,Sumatera Barat,2024,0.78036636,-0.2614044,Lansia tinggi - Kemiskinan rendah,1.0852194263105919,-0.7367079309574693,-0.5532343367420388,410426,48090,11.7171,24.4687,7.91,10988,69.85,1.2202000000000002
Sijunjung,Sumatera Barat,2024,-0.37034386,-0.04070434,Lansia rendah - Kemiskinan rendah,1.778035187047116,-0.20330531225281567,-0.2257679739147295,246775,25673,10.4034,25.4029,8.62,11395,67.37,1.2472999999999992
Tanah Datar,Sumatera Barat,2024,2.3127105,2.7361357,Lansia tinggi - Kemiskinan rendah,-0.1307611837571017,-0.3951575390939639,-1.607867366010568,388228,60477,15.5777,21.6965,9.29,11223,71.02,1.2878000000000007
Padang Pariaman,Sumatera Barat,2024,-0.5317878,1.4668804,Lansia tinggi - Kemiskinan rendah,1.316767793976485,-0.6278141002714087,-0.7342286806380338,459169,58125,12.6587,24.5787,8.42,11756,70.15,0.6439000000000004
Agam,Sumatera Barat,2024,2.0457559,2.479853,Lansia tinggi - Kemiskinan rendah,-0.06242612102630289,-0.44574337902574257,-1.253131430660011,559299,80629,14.4161,22.7674,9.23,10686,73.53,1.0580999999999996
Lima Puluh Kota,Sumatera Barat,2024,-0.33672115,1.5297067,Lansia tinggi - Kemiskinan rendah,0.9266776614270632,-1.0095956494751335,-1.1745354111830608,401086,53855,13.4273,22.9584,8.13,10648,70.52,0.8466000000000005
Pasaman,Sumatera Barat,2024,0.022208184,-0.6346388,Lansia rendah - Kemiskinan rendah,1.895517528414444,-0.8484271519128795,-0.25026825195668817,318080,32821,10.3185,25.7605,8.14,9194,68.66,1.2140000000000004
Solok Selatan,Sumatera Barat,2024,-0.9441394,1.3594543,Lansia rendah - Kemiskinan rendah,2.128902827389895,-0.051432779571988226,-0.25592755977684556,195034,18191,9.3271,25.5499,8.85,11240,69.04,0.8590999999999998
Dharmasraya,Sumatera Barat,2024,0.92353,2.0690222,Lansia rendah - Kemiskinan rendah,1.2838543399800133,0.5437999424734304,-0.2198027703089871,244026,21859,8.9577,25.7071,8.98,12254,72.64,1.157700000000001
Pasaman Barat,Sumatera Barat,2024,-0.21008025,0.6947794,Lansia rendah - Kemiskinan rendah,1.9575394760945433,-0.09343992952726515,0.4721245466624445,456467,37887,8.3001,26.9993,8.99,9888,68.86,1.3534000000000006
Kota Padang,Sumatera Barat,2024,2.6116247,4.4559865,Lansia tinggi - Kemiskinan rendah,-1.1053171954390397,2.0427911938130157,0.20177731231004156,954177,109003,11.4238,24.261,11.63,15458,74.53,1.6448999999999998
Kota Solok,Sumatera Barat,2024,1.7065994,4.145298,Lansia rendah - Kemiskinan rendah,0.6851844186342068,2.165613255764899,-0.3409521451714129,79459,7507,9.4476,26.7119,11.37,12995,74.96,1.5075999999999992
Kota Sawah Lunto,Sumatera Barat,2024,2.1250107,3.7274745,Lansia tinggi - Kemiskinan rendah,0.6329200890030946,0.8778266815496777,-1.0446774248369284,68725,8675,12.6228,24.518,10.53,11187,70.96,1.638399999999999
Kota Padang Panjang,Sumatera Barat,2024,1.5195174,4.0041285,Lansia rendah - Kemiskinan rendah,1.1015641474009659,1.942685336726387,-0.6156944142503512,59453,6147,10.3393,26.2056,12.0,11840,73.66,1.1723999999999997
Kota Bukittinggi,Sumatera Barat,2024,1.9304997,4.1624265,Lansia tinggi - Kemiskinan rendah,0.012747992320895957,2.3621268207819788,-0.7859712717150411,125015,13965,11.1707,25.169,11.65,14297,75.5,1.4738000000000007
Kota Payakumbuh,Sumatera Barat,2024,2.0070384,4.2550435,Lansia tinggi - Kemiskinan rendah,0.0918369599670435,1.896472513534445,-0.8694203262243628,146731,17026,11.6035,25.0377,10.89,14260,75.12,1.3861000000000008
Kota Pariaman,Sumatera Barat,2024,1.5052482,3.7695625,Lansia tinggi - Kemiskinan rendah,0.7943580717833584,1.6693819559389955,-0.7015422057127713,98336,11266,11.4566,25.0814,11.06,13784,71.22,1.3116000000000003
Kuantan Singingi,Riau,2024,0.039623406,0.36765248,Lansia rendah - Kemiskinan rendah,1.366286040834838,0.13508129515115436,-0.1120100949630288,349251,34558,9.8949,25.4049,9.14,11182,69.49,1.3560999999999996
Indragiri Hulu,Riau,2024,0.67879695,1.1742967,Lansia rendah - Kemiskinan rendah,1.3150020815833048,0.16891264241551004,0.4796201329426154,468366,37119,7.9252,26.6815,8.43,11333,70.91,1.6059999999999999
Indragiri Hilir,Riau,2024,1.1909708,0.0619612,Lansia rendah - Kemiskinan rendah,1.2157619519601903,-0.867821436268811,0.37730037425234875,684860,62097,9.0671,25.0099,7.32,11050,68.76,1.4755000000000003
Pelalawan,Riau,2024,0.26088426,2.665635,Lansia rendah - Kemiskinan rendah,1.8403746768724072,0.9815805568593685,0.9975515195944628,414943,24291,5.8541,28.9032,8.96,12575,72.18,1.3913000000000002
Siak,Riau,2024,0.5113545,3.0225236,Lansia rendah - Kemiskinan rendah,1.288794467194873,1.3827211950879361,0.8138320795541231,483754,31285,6.4671,27.1016,9.92,13080,71.8,1.5001000000000007
Kampar,Riau,2024,0.48767346,2.4923759,Lansia rendah - Kemiskinan rendah,0.9008971872562737,0.7151120882713949,1.0471454459720788,894848,68383,7.6419,27.1572,9.58,12034,71.61,1.5652999999999997
Rokan Hulu,Riau,2024,0.4528096,1.3516811,Lansia rendah - Kemiskinan tinggi,1.444627120262992,0.13742271025396235,0.5633132005835203,593486,44117,7.4335,26.1711,8.94,10586,71.0,1.4011000000000005
Bengkalis,Riau,2024,1.0324585,1.4634216,Lansia rendah - Kemiskinan rendah,0.07539432613478693,1.1606849045960432,0.6348297080059554,591800,55364,9.3552,27.32,9.74,12321,71.97,2.3766999999999996
Rokan Hilir,Riau,2024,0.61386496,1.2774364,Lansia rendah - Kemiskinan rendah,1.2922043678062864,-0.04381377189338617,0.7125226497995197,673323,52824,7.8453,27.0404,8.53,10447,71.16,1.5841000000000003
Kepulauan Meranti,Riau,2024,0.14425293,-0.5869515,Lansia rendah - Kemiskinan tinggi,1.651090570516888,-0.8885533037836156,-0.5804531889509967,213720,23149,10.8315,24.6205,8.12,8988,68.53,1.370800000000001
Kota Pekanbaru,Riau,2024,2.3800964,4.4329467,Lansia rendah - Kemiskinan rendah,-0.6465479427538222,2.5210186205090825,1.0638302038038066,1026671,90490,8.8139,26.1744,11.96,15212,73.26,2.0285
Kota Dumai,Riau,2024,0.65957946,3.270477,Lansia rendah - Kemiskinan rendah,1.1860714979033635,1.5036813570967005,0.4759565085185617,333031,26849,8.062,27.6329,10.29,12847,71.82,1.5940999999999992
Kerinci,Jambi,2024,-0.4431889,1.5595913,Lansia tinggi - Kemiskinan rendah,1.0759810105826306,-0.4941016320200198,-1.2642451063275053,256706,33720,13.1356,23.2842,8.6,11441,70.84,0.7804000000000002
Merangin,Jambi,2024,0.8310509,1.1043023,Lansia rendah - Kemiskinan rendah,0.8997163356904955,0.1808562923530415,0.037678763983636405,373409,32825,8.7906,25.5677,8.4,11425,72.0,1.6681999999999997
Sarolangun,Jambi,2024,0.20277178,2.1946871,Lansia rendah - Kemiskinan rendah,1.83572983731649,0.45563783763562793,0.5752985074501259,306514,24751,8.075,28.4555,8.35,12679,69.96,1.432999999999999
Batang Hari,Jambi,2024,0.9079707,1.0950304,Lansia rendah - Kemiskinan rendah,0.9935350934095055,0.058807360567850284,-0.03058570144962648,316550,28343,8.9537,25.6304,8.35,10872,71.6,1.7292999999999994
Muaro Jambi,Jambi,2024,0.80888355,1.1849759,Lansia rendah - Kemiskinan rendah,0.5270199592248129,0.16735522952057985,0.134811740807331,424579,35964,8.4705,25.1228,8.7,10007,72.14,2.1244999999999994
Tanjung Jabung Timur,Jambi,2024,-0.10655301,-0.466095,Lansia rendah - Kemiskinan tinggi,1.8609818844041421,-0.9122700189078196,-0.4155045812990083,238975,25949,10.8585,25.0876,7.7,10328,67.32,1.2306999999999988
Tanjung Jabung Barat,Jambi,2024,0.58983564,0.989053,Lansia rendah - Kemiskinan tinggi,1.4126023278813842,-0.12895127250701735,0.19512190467471177,335069,29860,8.9116,26.0314,8.32,10696,68.96,1.7308000000000003
Tebo,Jambi,2024,0.70934415,0.9406471,Lansia rendah - Kemiskinan rendah,1.4175986647898933,-0.058728859328052094,0.18703126715548254,355262,31459,8.8552,26.7251,8.04,11415,70.74,1.5033000000000003
Bungo,Jambi,2024,0.3897211,0.64571553,Lansia rendah - Kemiskinan rendah,1.380288410004578,0.31441848177964293,0.26091143017381396,381272,33559,8.8019,25.7194,8.6,12820,68.76,1.4597999999999995
Kota Jambi,Jambi,2024,2.65331,4.3356657,Lansia rendah - Kemiskinan rendah,-0.7411553686001513,1.893752394754872,-0.05400321196448607,635101,65056,10.2434,23.5186,11.51,13388,73.72,2.008799999999999
Kota Sungai Penuh,Jambi,2024,-0.649645,1.8166386,Lansia tinggi - Kemiskinan rendah,1.1780111246239195,0.5966576180339138,-1.4707675345377311,100847,12550,12.4446,23.4514,10.48,11499,73.26,0.5141999999999989
Ogan Komering Ulu,Sumatera Selatan,2024,0.19556773,0.5354523,Lansia rendah - Kemiskinan tinggi,1.4489130626108762,0.09486867179952249,0.13313249482478878,383039,38310,10.0016,26.7218,8.86,11339,69.06,1.485899999999999
Ogan Komering Ilir,Sumatera Selatan,2024,1.2957114,0.24867797,Lansia rendah - Kemiskinan tinggi,0.7023158616853926,-0.6811715449721669,0.47555230629148737,807085,76716,9.5053,25.0334,7.19,12305,69.53,1.5976
Muara Enim,Sumatera Selatan,2024,0.84876055,0.6403866,Lansia rendah - Kemiskinan tinggi,0.9488726370121605,-0.058367194318840195,0.3938834016631909,640962,64159,10.0098,26.5822,8.27,12291,69.98,1.5390999999999995
Lahat,Sumatera Selatan,2024,-0.43008494,-0.17810607,Lansia rendah - Kemiskinan tinggi,1.5698627591234964,-0.3895501347636621,-0.08422919653580059,450281,49274,10.9429,25.3046,8.69,11255,67.16,1.2181999999999995
Musi Rawas,Sumatera Selatan,2024,0.7661168,-0.118964404,Lansia rendah - Kemiskinan tinggi,1.316008209435676,-0.6707651082181559,-0.09872457302391756,411787,42514,10.3243,25.5375,7.57,11058,69.2,1.4441999999999986
Musi Banyuasin,Sumatera Selatan,2024,0.35820273,0.5647159,Lansia rendah - Kemiskinan tinggi,1.7250692226747875,-0.3415314075467183,0.6777536782194427,651950,56847,8.7195,27.7828,7.95,11424,69.76,1.2367999999999997
Banyu Asin,Sumatera Selatan,2024,1.2751487,0.29803577,Lansia rendah - Kemiskinan tinggi,0.5224096440018006,-0.7497268543723014,0.5271248049157451,885902,87297,9.854,25.3319,7.48,11277,70.0,1.7416
Ogan Komering Ulu Selatan,Sumatera Selatan,2024,0.08517463,-0.5847747,Lansia rendah - Kemiskinan tinggi,1.5118435133702794,-0.8390357456152283,-0.2821644492551635,429535,42839,9.9733,23.7291,8.25,9680,68.3,1.234
Ogan Komering Ulu Timur,Sumatera Selatan,2024,1.4947895,0.6375914,Lansia tinggi - Kemiskinan tinggi,0.44898168324144255,-0.332042162819451,-0.047323460501227585,674184,76758,11.3853,24.6262,8.08,12623,70.04,1.4791000000000007
Ogan Ilir,Sumatera Selatan,2024,-0.37918225,0.1261975,Lansia rendah - Kemiskinan tinggi,1.4658028248118842,-0.29460364868283434,0.2388155516264164,436141,45587,10.4524,26.3064,8.09,12093,66.59,1.5891000000000002
Empat Lawang,Sumatera Selatan,2024,-0.7936575,0.58155936,Lansia rendah - Kemiskinan tinggi,1.871528306383478,-1.2612898718145142,-0.6968214099574033,345641,36689,10.6148,21.6612,7.68,10889,65.91,0.7416999999999998
Penukal Abab Lematang Ilir,Sumatera Selatan,2024,-1.5941125,0.3573251,Lansia rendah - Kemiskinan tinggi,2.63742468694674,-0.77766303382182,0.32214444002783704,205384,16877,8.2173,28.6478,7.27,9604,69.22,1.1880999999999995
Musi Rawas Utara,Sumatera Selatan,2024,-0.47792393,0.019970668,Lansia rendah - Kemiskinan tinggi,2.1509598098493403,-0.5517111786790159,0.15139456309727167,198413,18174,9.1597,26.6318,7.51,11198,66.6,1.4461000000000013
Kota Palembang,Sumatera Selatan,2024,4.987815,4.521436,Lansia tinggi - Kemiskinan tinggi,-1.3898338016822915,1.3743103611649994,1.4776328518260122,1718440,194403,11.3128,25.6906,10.93,16150,72.4,1.6707
Kota Prabumulih,Sumatera Selatan,2024,0.8130695,3.4625854,Lansia rendah - Kemiskinan tinggi,1.2076642890960863,1.7582749342018267,0.2725089240900193,203312,17847,8.7781,27.8513,10.36,13982,71.64,1.5135000000000005
Kota Pagar Alam,Sumatera Selatan,2024,-0.23235308,-0.1366231,Lansia tinggi - Kemiskinan rendah,1.6793875793547821,-0.005906689061539274,-0.5332870481169437,149199,16790,11.2534,25.4164,9.44,10245,68.03,1.334999999999999
Kota Lubuklinggau,Sumatera Selatan,2024,0.86908054,3.3849895,Lansia rendah - Kemiskinan tinggi,0.9958715713332867,1.5718108933267658,0.20536370988886196,246046,22768,9.2536,26.945,9.94,14672,70.63,1.5787000000000004
Bengkulu Selatan,Bengkulu,2024,-0.080718495,0.049671162,Lansia rendah - Kemiskinan tinggi,1.274417441301492,0.21291441568498898,-0.5206133018999006,173315,18984,10.9535,24.6534,9.42,11040,68.58,1.4941999999999993
Rejang Lebong,Bengkulu,2024,0.111814894,-0.013304171,Lansia rendah - Kemiskinan tinggi,0.8663727869611323,0.012649966437289589,-0.45544043311216664,288832,29653,10.2665,23.4337,8.81,11385,69.46,1.5828000000000007
Bengkulu Utara,Bengkulu,2024,0.3795966,0.35387915,Lansia rendah - Kemiskinan tinggi,1.4294701210632457,-0.13351266200603285,-0.12901813335404735,310125,32061,10.3381,25.9444,8.32,11715,69.04,1.3938000000000006
Kaur,Bengkulu,2024,-0.14749356,-0.50773245,Lansia rendah - Kemiskinan tinggi,1.8147790079996622,-0.48638429086075263,-0.41863555650170925,132659,13466,10.1508,24.8675,8.47,9742,67.56,1.4389000000000003
Seluma,Bengkulu,2024,0.05189404,-0.5851556,Lansia rendah - Kemiskinan tinggi,1.6166938332101397,-0.6813923645732661,-0.39715253204788115,217507,21885,10.0617,24.6999,8.14,9474,68.58,1.4566
Mukomuko,Bengkulu,2024,-0.43465403,0.51889986,Lansia rendah - Kemiskinan tinggi,2.2777312208311087,0.13506814499407602,0.3414363504076373,201700,16883,8.3704,27.3872,8.57,11665,67.61,1.2820999999999998
Lebong,Bengkulu,2024,-0.4346104,-0.10819057,Lansia tinggi - Kemiskinan tinggi,1.9366805351616767,-0.2102046227373146,-0.30880974840019426,111750,12268,10.9781,24.8966,8.41,12362,64.18,1.4082999999999988
Kepahiang,Bengkulu,2024,0.06850865,-0.25096133,Lansia rendah - Kemiskinan tinggi,1.2231104835558844,-0.29763774841515017,-0.5472731591653571,156353,15534,9.9352,23.3939,8.37,10620,68.66,1.5919000000000008
Bengkulu Tengah,Bengkulu,2024,-0.39209858,-0.6062555,Lansia rendah - Kemiskinan tinggi,2.084843984507914,-0.5257452717542087,-0.21227329400091863,122673,11131,9.0737,25.7873,7.71,10672,68.69,1.217200000000001
Kota Bengkulu,Bengkulu,2024,1.5864784,4.0986056,Lansia rendah - Kemiskinan tinggi,0.2813387553322132,2.6181132004782417,0.3500194274798458,397321,35629,8.9673,25.6702,11.84,15542,71.08,1.7819000000000003
Lampung Barat,Lampung,2024,-0.046293765,0.31694514,Lansia rendah - Kemiskinan tinggi,1.6837496754067378,-0.1766369542647003,-0.005721826526459809,315923,30833,9.7597,26.0212,8.56,10965,68.45,1.3672000000000004
Tanggamus,Lampung,2024,1.0670662,-0.30052337,Lansia tinggi - Kemiskinan tinggi,1.1074453166652967,-1.1535407047240362,-0.051350430951012965,670367,74039,11.0445,25.0983,7.38,10524,69.6,1.2462
Lampung Selatan,Lampung,2024,1.5291436,0.062638044,Lansia rendah - Kemiskinan tinggi,0.6580553905947557,-0.8759033777755146,0.7458139813802922,1119314,113043,10.0993,25.9355,7.78,11133,70.38,1.3727
Lampung Timur,Lampung,2024,4.7104387,0.959975,Lansia tinggi - Kemiskinan tinggi,-0.11931284724684184,-0.984424341864107,0.11845721970839367,1153773,140501,12.1775,23.6495,8.2,11262,71.58,1.228200000000001
Lampung Tengah,Lampung,2024,4.979196,0.6547571,Lansia tinggi - Kemiskinan tinggi,-0.6675438493407962,-0.9387595317299131,0.7859569520600541,1525088,176213,11.5543,23.404,7.97,12595,70.6,1.5012999999999987
Lampung Utara,Lampung,2024,1.1404089,0.7107675,Lansia tinggi - Kemiskinan tinggi,0.5537436021394758,-0.528382394416747,0.13946224191255954,659887,73832,11.1886,26.011,8.38,9837,70.18,1.9166999999999987
Way Kanan,Lampung,2024,0.76523435,-0.09349771,Lansia rendah - Kemiskinan tinggi,1.4128444981910069,-0.6959921419136307,0.04203911864968962,497260,51385,10.3336,26.5974,7.75,10439,70.21,1.341800000000001
Tulangbawang,Lampung,2024,0.90172863,0.5296891,Lansia rendah - Kemiskinan rendah,1.2874108482567637,-0.28310837878176814,0.10705180618132663,450336,41564,9.2296,25.8762,7.65,12122,70.6,1.3255999999999997
Pesawaran,Lampung,2024,0.51580423,-0.4019569,Lansia tinggi - Kemiskinan tinggi,1.4717857225771385,-1.0238683647471276,-0.27515441382157485,500298,55328,11.059,25.6389,8.0,9190,70.17,1.1525999999999996
Pringsewu,Lampung,2024,1.4581358,0.9957831,Lansia tinggi - Kemiskinan rendah,0.5036853553086914,-0.13149107458155698,-0.48820686424171156,424679,49708,11.7048,24.6287,8.53,11543,71.26,1.5587
Mesuji,Lampung,2024,-0.2359304,-0.7992583,Lansia rendah - Kemiskinan rendah,2.2252410612318134,-1.1066921107976653,-0.18236981931685858,241600,22490,9.3088,26.1097,7.21,9454,69.09,1.0853000000000002
Tulang Bawang Barat,Lampung,2024,0.68791115,-0.26062086,Lansia tinggi - Kemiskinan rendah,1.1098451904639817,-0.8075324167032203,-0.5995558903949105,298696,34326,11.492,25.1811,7.8,9646,70.68,1.4963000000000015
Pesisir Barat,Lampung,2024,-1.0154436,-0.06483536,Lansia rendah - Kemiskinan tinggi,2.8653313280272013,-0.47136348907178766,0.2404544340099387,172316,16943,9.8325,28.1802,8.73,9550,64.74,1.2533999999999992
Kota Bandar Lampung,Lampung,2024,2.309076,3.1811152,Lansia tinggi - Kemiskinan rendah,-0.5417862166788482,0.9532375440896514,0.44271678632523725,1214333,134432,11.0704,23.5015,10.99,13667,72.28,1.2769999999999992
Kota Metro,Lampung,2024,1.992541,3.7902842,Lansia tinggi - Kemiskinan rendah,0.22103898526635335,1.5723752691110733,-0.7819671865012556,175712,20278,11.5405,24.16,11.01,13092,72.49,1.5894999999999992
Bangka,Kep. Bangka Belitung,2024,1.4200819,1.5163943,Lansia rendah - Kemiskinan rendah,0.5687421560945425,0.30466560238744883,-0.43195861712582023,342058,35201,10.2909,24.0556,8.45,13205,71.85,1.4135000000000009
Belitung,Kep. Bangka Belitung,2024,2.851802,3.8229053,Lansia tinggi - Kemiskinan rendah,-0.5000089339399609,0.9824634248458377,-0.867336739432723,191405,22191,11.5937,22.3024,9.05,14449,71.8,2.0852000000000004
Bangka Barat,Kep. Bangka Belitung,2024,1.1297636,0.8660055,Lansia rendah - Kemiskinan rendah,1.286049779547652,-0.07558788198714143,-0.2709097606673953,215818,19612,9.0873,24.6953,7.48,13199,70.63,1.2569000000000008
Bangka Tengah,Kep. Bangka Belitung,2024,1.0699469,0.96685725,Lansia rendah - Kemiskinan rendah,0.9979743392683369,0.1720143272286864,-0.12444392048770822,210482,17555,8.3404,25.2183,7.24,13677,72.4,1.4591000000000003
Bangka Selatan,Kep. Bangka Belitung,2024,1.1643732,0.44049543,Lansia rendah - Kemiskinan rendah,1.071403300179346,-0.3581470968533498,-0.17147080277654025,208491,17279,8.2876,23.4111,6.93,12718,69.29,1.6716999999999995
Belitung Timur,Kep. Bangka Belitung,2024,2.5470653,3.368858,Lansia tinggi - Kemiskinan rendah,0.23201629245642086,0.44837952581988616,-1.174002670401031,132835,14985,11.2809,22.1282,8.99,12610,72.9,1.4343000000000004
Kota Pangkal Pinang,Kep. Bangka Belitung,2024,1.794388,4.322854,Lansia rendah - Kemiskinan rendah,0.05930555324197321,2.28307261044065,-0.4908538839053486,230441,23943,10.3901,24.8185,10.67,16750,74.56,1.2690000000000001
Karimun,Kep. Riau,2024,1.0056353,2.0913472,Lansia tinggi - Kemiskinan rendah,0.8679582324686217,0.515005751127649,-0.5575338461555279,263344,29396,11.1626,25.4143,8.91,13287,72.24,1.1770999999999994
Bintan,Kep. Riau,2024,0.9528505,2.2306702,Lansia rendah - Kemiskinan rendah,1.1701301351485673,1.172056204505367,-0.15854762854576546,168190,15117,8.988,25.4498,9.15,15078,71.26,1.1668999999999992
Natuna,Kep. Riau,2024,-0.93980443,1.1639832,Lansia rendah - Kemiskinan rendah,2.3141609633696447,1.0086797451958396,0.12319374163787654,85664,8000,9.3388,27.0569,9.2,15560,66.46,0.8524000000000012
Lingga,Kep. Riau,2024,-0.7207574,0.507118,Lansia tinggi - Kemiskinan tinggi,2.3330621464242713,-0.8922959673649867,-0.8319340090535191,102006,12773,12.5218,24.0819,7.6,12906,63.78,0.7002000000000006
Kepulauan Anambas,Kep. Riau,2024,-0.83053404,0.96696866,Lansia rendah - Kemiskinan rendah,2.309290725330244,-0.16717558880544423,-0.18401804954060336,49728,4647,9.3448,26.7395,7.53,12983,68.42,0.9421999999999997
Kota Batam,Kep. Riau,2024,2.2011528,4.5520697,Lansia rendah - Kemiskinan rendah,-0.6648295396401392,3.359738895219741,1.8789749050857134,1276928,70891,5.5517,26.5392,11.21,19668,74.15,1.8851000000000004
Kota Tanjung Pinang,Kep. Riau,2024,1.8320615,4.2929354,Lansia rendah - Kemiskinan rendah,-0.030972230821707056,2.203693448526717,-0.47928016987997973,237432,25422,10.7071,24.4032,10.67,16663,73.21,1.4518000000000004
Kep. Seribu,DKI Jakarta,2024,0.7772165,3.2391303,Lansia rendah - Kemiskinan tinggi,1.3792582503052158,1.306447888297085,0.15156185618739182,28809,2348,8.1502,26.634,9.26,14110,69.82,1.6742999999999997
Kota Jakarta Selatan,DKI Jakarta,2024,5.093165,5.000349,Lansia tinggi - Kemiskinan rendah,-4.906449803719929,3.691075001354442,1.8007629262335239,2230653,262675,11.7757,20.7988,11.95,25573,75.12,2.505000000000001
Kota Jakarta Timur,DKI Jakarta,2024,5.2318616,5.1342974,Lansia tinggi - Kemiskinan rendah,-4.502240240282662,1.9693303053761555,2.805218966849304,3086010,339795,11.0108,22.2151,11.99,19193,75.42,2.298399999999999
Kota Jakarta Pusat,DKI Jakarta,2024,4.6321483,4.697137,Lansia tinggi - Kemiskinan rendah,-3.634511587567053,2.678136897559088,-0.24447179699955257,1044297,139019,13.3122,19.7485,11.61,18661,75.3,2.7368000000000006
Kota Jakarta Barat,DKI Jakarta,2024,5.2446218,5.1648793,Lansia tinggi - Kemiskinan rendah,-3.987639797862532,2.4727032739316477,2.148488262196838,2479571,274085,11.0537,21.9617,11.24,22119,74.41,2.1552999999999987
Kota Jakarta Utara,DKI Jakarta,2024,5.0457573,4.9550877,Lansia rendah - Kemiskinan rendah,-2.6914050484258376,2.262411828504358,1.416159430527739,1815606,192336,10.5935,22.8535,10.85,20032,74.0,1.9969999999999999
Bogor,Jawa Barat,2024,5.564471,-0.019148104,Lansia rendah - Kemiskinan rendah,-3.8216333427721283,-2.593329821023766,5.778858672725822,5682303,492192,8.6618,24.1386,8.39,11563,72.2,1.7005999999999997
Sukabumi,Jawa Barat,2024,5.5975957,0.18855762,Lansia tinggi - Kemiskinan rendah,-2.018322766380146,-2.438491631454683,2.256089606785595,2828024,327342,11.5749,23.4932,7.34,9815,72.11,1.7421999999999986
Cianjur,Jawa Barat,2024,5.569477,0.14696267,Lansia tinggi - Kemiskinan tinggi,-1.2291331900269058,-2.404639495619473,2.1830513388268953,2584994,286514,11.0837,24.718,7.33,9026,71.0,1.7148000000000003
Bandung,Jawa Barat,2024,5.4855795,-0.12631695,Lansia rendah - Kemiskinan rendah,-2.9102800188526676,-1.3228703798586257,3.523539966595401,3753116,371104,9.8879,24.4061,9.15,11392,74.59,1.7685999999999993
Garut,Jawa Barat,2024,5.4880743,0.16274168,Lansia rendah - Kemiskinan tinggi,-0.8442630421371121,-1.9673221229136517,2.483069692527134,2716950,265568,9.7745,25.9372,7.85,9168,72.32,1.4650999999999996
Tasikmalaya,Jawa Barat,2024,5.883532,0.64617723,Lansia tinggi - Kemiskinan tinggi,-1.6320685415323217,-2.1844396145940297,0.8592069964482736,1920921,269623,14.0361,22.4987,7.97,8965,70.44,1.8821999999999992
Ciamis,Jawa Barat,2024,6.3322635,1.5600893,Lansia tinggi - Kemiskinan rendah,-2.030098065090421,-1.8008461881526234,-0.829852837030422,1259226,217602,17.2806,20.6948,8.1,10085,72.92,1.6976999999999993
Kuningan,Jawa Barat,2024,5.2012434,1.3036513,Lansia tinggi - Kemiskinan tinggi,-1.0604899216219728,-1.2869367118505908,-0.27113308587494916,1213927,165604,13.642,22.8141,7.9,10418,74.57,1.4577999999999989
Cirebon,Jawa Barat,2024,5.4044147,0.2858775,Lansia rendah - Kemiskinan tinggi,-1.3889314214768895,-1.431044202180937,1.8547920809579908,2387961,239263,10.0196,23.7483,7.65,11529,73.09,1.584900000000001
Majalengka,Jawa Barat,2024,5.302903,1.04894,Lansia tinggi - Kemiskinan tinggi,-1.0645791813798418,-1.6715017818000886,-0.03237252624895748,1352541,184946,13.674,21.6686,7.53,10842,71.36,1.5441000000000003
Sumedang,Jawa Barat,2024,6.143551,1.7851955,Lansia tinggi - Kemiskinan tinggi,-1.7995517185209429,-0.8226350653197532,-0.5125131244986249,1187133,181122,15.2571,21.4956,8.74,11589,73.5,1.7517999999999994
Indramayu,Jawa Barat,2024,5.5568485,0.5916597,Lansia tinggi - Kemiskinan tinggi,-1.5738639392115303,-1.7657240962848773,0.9940450633872223,1914037,216412,11.3066,22.1606,6.95,11010,72.82,1.8429000000000002
Subang,Jawa Barat,2024,6.3343573,0.94034004,Lansia tinggi - Kemiskinan tinggi,-2.6342843364076733,-1.319446654963412,0.39306940472184787,1663156,230825,13.8787,21.3561,7.46,11894,73.57,2.347200000000001
Purwakarta,Jawa Barat,2024,1.7276812,0.63354766,Lansia rendah - Kemiskinan rendah,0.013703142089635741,-0.20920444550931044,0.4724996857461869,1050344,106210,10.1119,24.5298,8.14,13099,72.04,1.4236000000000004
Karawang,Jawa Barat,2024,5.3703713,0.17078778,Lansia rendah - Kemiskinan rendah,-1.9328980011329289,-1.0136900676718257,2.067120528140529,2554384,257141,10.0667,23.2772,8.05,12942,73.19,1.7235000000000014
Bekasi,Jawa Barat,2024,5.437633,-0.12437017,Lansia rendah - Kemiskinan rendah,-1.9385834131030313,-0.19214307386511623,3.0642924592937515,3273868,246041,7.5153,24.1364,9.76,12500,74.65,1.6448
Bandung Barat,Jawa Barat,2024,5.3258333,0.43367463,Lansia rendah - Kemiskinan tinggi,-0.8876045597627652,-1.379206995606137,1.1201628388205769,1884191,203828,10.8178,23.9182,8.24,9583,73.4,1.5385000000000009
Pangandaran,Jawa Barat,2024,6.668676,2.255177,Lansia tinggi - Kemiskinan rendah,-1.2228241075864101,-1.1225130159307493,-1.9100107625892566,434104,73525,16.9372,20.6328,8.1,9654,72.46,2.0692000000000004
Kota Bogor,Jawa Barat,2024,2.8313916,4.394564,Lansia tinggi - Kemiskinan rendah,-1.3633678440371009,1.1052544550949888,0.12562566618961568,1078351,120085,11.136,22.7341,10.71,13154,74.79,1.8766999999999996
Kota Sukabumi,Jawa Barat,2024,2.2433639,3.6932478,Lansia tinggi - Kemiskinan rendah,0.02628006054611258,1.0303256674231391,-0.6605982945364494,365735,42026,11.4908,23.9849,10.38,12252,73.4,1.579600000000001
Kota Bandung,Jawa Barat,2024,5.222381,5.106201,Lansia tinggi - Kemiskinan rendah,-3.9398873943629535,1.3411516871429823,1.7477072469061734,2528163,317897,12.5742,21.248,11.07,18795,75.37,1.822799999999999
Kota Cirebon,Jawa Barat,2024,2.7004554,3.9369922,Lansia tinggi - Kemiskinan tinggi,-0.42230778099985145,1.2394290327641948,-0.8102439244151823,344851,40617,11.7781,22.8728,10.53,12869,73.38,1.7887000000000004
Kota Bekasi,Jawa Barat,2024,5.1606345,5.0459666,Lansia rendah - Kemiskinan rendah,-3.900347302229471,1.7523047672120708,2.194418271236966,2644058,280895,10.6236,22.215,11.79,16775,76.02,2.4007000000000005
Kota Depok,Jawa Barat,2024,5.0241113,4.8068395,Lansia rendah - Kemiskinan rendah,-2.736078038873597,1.8691459902492709,1.7275358053496648,2163635,216208,9.9928,23.0819,11.59,16640,75.54,2.0066000000000006
Kota Cimahi,Jawa Barat,2024,2.9273646,4.3977084,Lansia tinggi - Kemiskinan rendah,-1.1153934087869866,1.781679238285192,-0.5476381744194387,598698,65902,11.0076,21.8626,11.52,13278,75.12,1.8780999999999999
Kota Tasikmalaya,Jawa Barat,2024,2.382746,3.2344651,Lansia tinggi - Kemiskinan tinggi,-0.2678322547702769,0.22041721800124867,-0.30340298789161324,750727,88540,11.7939,23.7395,9.63,11431,73.22,1.5671
Kota Banjar,Jawa Barat,2024,2.6591291,3.4415147,Lansia tinggi - Kemiskinan rendah,-0.3349282319168489,-0.003936909998874897,-1.5254609142062618,209791,30234,14.4115,22.2669,8.83,11811,72.08,1.7780000000000005
Cilacap,Jawa Tengah,2024,6.073304,0.78950745,Lansia tinggi - Kemiskinan tinggi,-2.8046018279267058,-1.6911196460858662,0.7553459023464685,2027379,287358,14.1739,21.768,7.4,11868,74.68,1.9596999999999998
Banyumas,Jawa Tengah,2024,5.796344,1.1585838,Lansia tinggi - Kemiskinan tinggi,-2.303311330584226,-1.3591837741922146,0.41207147868751803,1847097,269615,14.5967,21.726,7.91,12960,74.44,1.4186999999999994
Purbalingga,Jawa Tengah,2024,4.9661846,1.1782039,Lansia tinggi - Kemiskinan tinggi,-0.5483309696093818,-1.3891766548134763,-0.5254467425896389,1037637,141309,13.6183,22.6839,7.36,11343,73.82,1.1213999999999995
Banjarnegara,Jawa Tengah,2024,5.094978,1.2323526,Lansia tinggi - Kemiskinan tinggi,-0.9323099350868246,-1.7510560978505687,-0.70464393977471,1057562,150330,14.2148,22.2303,6.87,10595,74.88,1.2932000000000006
Kebumen,Jawa Tengah,2024,5.459151,1.2761909,Lansia tinggi - Kemiskinan tinggi,-1.4954275629341025,-1.6693224826984536,-0.24535422652283823,1414754,207918,14.6964,21.9988,7.87,10176,74.32,1.4280000000000008
Purworejo,Jawa Tengah,2024,6.7390585,2.1868806,Lansia tinggi - Kemiskinan tinggi,-2.177344826352661,-0.7146771999801724,-1.6724598096101744,795033,138649,17.4394,20.3056,8.65,11584,75.76,1.7710999999999988
Wonosobo,Jawa Tengah,2024,4.987919,1.105464,Lansia tinggi - Kemiskinan tinggi,-0.6329699968060212,-1.3298940011820715,-0.5131248396484859,920506,123391,13.4047,22.4329,6.9,11980,72.44,1.4876000000000005
Magelang,Jawa Tengah,2024,5.851411,1.5052916,Lansia tinggi - Kemiskinan tinggi,-1.9168585888294318,-1.4414812681338578,-0.4277304830969888,1341447,200202,14.9243,21.174,7.83,10926,74.66,1.659600000000001
Boyolali,Jawa Tengah,2024,6.1491165,2.25648,Lansia tinggi - Kemiskinan tinggi,-1.9827082130594869,-0.382484634243197,-0.7420726831669276,1099850,166403,15.1296,21.8539,8.17,14195,76.65,1.4143000000000008
Klaten,Jawa Tengah,2024,6.2010126,2.5947292,Lansia tinggi - Kemiskinan tinggi,-3.0566711551348904,-0.18936403138377003,-0.8302785679831889,1292800,210027,16.2459,20.0619,9.29,13513,77.46,1.7446999999999981
Sukoharjo,Jawa Tengah,2024,5.908683,2.7876334,Lansia tinggi - Kemiskinan rendah,-2.4754520173246894,0.5371745149822075,-1.0471875249910794,941650,137295,14.5803,20.6893,10.01,12758,78.38,1.8667999999999996
Wonogiri,Jawa Tengah,2024,7.0269403,2.1976259,Lansia tinggi - Kemiskinan tinggi,-3.146704965340465,-2.070642238244275,-2.2722957787129814,1054145,218792,20.7554,17.7468,7.68,10634,76.9,1.4771
Karanganyar,Jawa Tengah,2024,5.985995,2.66526,Lansia tinggi - Kemiskinan tinggi,-2.4768205917568955,0.11475037931973806,-1.0556298976884082,961909,147151,15.2978,21.226,9.26,12732,78.16,1.879100000000001
Sragen,Jawa Tengah,2024,6.1991663,2.282475,Lansia tinggi - Kemiskinan tinggi,-2.1167382500960583,-0.6788298803210822,-1.1606738116069975,1004761,161301,16.0537,20.6827,7.88,13890,76.38,1.4154
Grobogan,Jawa Tengah,2024,5.8984323,1.4453237,Lansia tinggi - Kemiskinan tinggi,-2.2126903191172325,-1.3806618917974172,0.06698585149575101,1506374,212589,14.1126,22.2724,7.29,11548,75.47,1.953100000000001
Blora,Jawa Tengah,2024,6.691924,2.0101364,Lansia tinggi - Kemiskinan tinggi,-2.362063583079771,-1.4421083996653437,-1.4169652918458746,907993,147620,16.2578,19.2907,7.26,10926,75.15,2.091199999999999
Rembang,Jawa Tengah,2024,6.2931137,2.470766,Lansia tinggi - Kemiskinan tinggi,-1.5837540632304927,-0.6708802312429816,-1.2820952265103418,665237,97153,14.6043,20.919,7.73,11830,75.19,1.9479000000000006
Pati,Jawa Tengah,2024,6.214702,1.730242,Lansia tinggi - Kemiskinan tinggi,-2.9106434422050413,-1.0343700896999537,-0.4839237962997439,1370821,206575,15.0694,20.4698,7.82,11829,76.76,2.1464999999999996
Kudus,Jawa Tengah,2024,5.644629,2.651371,Lansia tinggi - Kemiskinan rendah,-1.8006205734885021,0.6178902253309924,-0.38428602576034904,883322,104784,11.8625,22.4821,9.35,12533,77.25,2.171800000000001
Jepara,Jawa Tengah,2024,5.6942825,2.3134506,Lansia tinggi - Kemiskinan rendah,-1.534595501303712,-0.47162823796728504,-0.0536502978524947,1232880,148090,12.0117,22.547,8.27,11729,76.46,1.7624999999999993
Demak,Jawa Tengah,2024,5.618555,2.2710304,Lansia tinggi - Kemiskinan tinggi,-1.2478811441855737,-0.4280117570377285,0.1931713931361881,1252970,143484,11.4515,23.4815,8.28,11591,75.97,1.770999999999999
Semarang,Jawa Tengah,2024,6.003004,2.484372,Lansia tinggi - Kemiskinan rendah,-2.0095028159697983,-0.31868359162315874,-0.5490255706434928,1089767,150000,13.7644,21.4887,8.16,13377,76.34,1.7774999999999999
Temanggung,Jawa Tengah,2024,6.464426,2.227541,Lansia tinggi - Kemiskinan rendah,-1.794003206945701,-1.1527102764535762,-1.2639359858380665,814879,125145,15.3575,21.1958,7.53,10519,76.16,1.9392999999999994
Kendal,Jawa Tengah,2024,5.8102536,2.4692543,Lansia tinggi - Kemiskinan tinggi,-1.8877997309484402,-0.403370816303688,-0.3261601240578148,1064812,138195,12.9783,21.6647,7.74,13277,75.02,2.0624000000000002
Batang,Jawa Tengah,2024,5.6946216,2.2625787,Lansia tinggi - Kemiskinan rendah,-1.0513747137199498,-0.9461999385306475,-0.4750071401196153,838187,104196,12.4311,23.1191,7.08,10919,75.3,2.0029000000000003
Pekalongan,Jawa Tengah,2024,5.6208954,2.3575845,Lansia tinggi - Kemiskinan tinggi,-0.9877467351578497,-0.6925039686254802,-0.003066965081713178,1019006,120723,11.8471,23.6891,7.48,11701,74.32,1.960799999999999
Pemalang,Jawa Tengah,2024,5.198861,0.83119196,Lansia tinggi - Kemiskinan tinggi,-1.019258090480178,-1.9974858915013352,0.3701418292708495,1541685,184889,11.9927,22.966,6.56,10017,74.29,1.5469999999999988
Tegal,Jawa Tengah,2024,5.1671762,0.59347016,Lansia rendah - Kemiskinan rendah,-0.6879360957816443,-1.4376856409721581,0.9615278677706767,1674803,182325,10.8864,23.8875,7.36,10972,72.2,1.5713000000000008
Brebes,Jawa Tengah,2024,5.1818104,0.4591876,Lansia tinggi - Kemiskinan tinggi,-0.8343377325910857,-2.327749782554819,1.3148959558060553,2065501,237138,11.4809,23.0464,6.41,11389,70.34,1.3346
Kota Magelang,Jawa Tengah,2024,3.876766,4.3750634,Lansia tinggi - Kemiskinan rendah,-2.8837958773185077,1.871623667149209,-2.611676822452398,122431,20642,16.8601,18.47,11.43,13619,77.62,2.5577999999999985
Kota Surakarta,Jawa Tengah,2024,4.1553926,4.449829,Lansia tinggi - Kemiskinan rendah,-2.976573727616592,2.1350824472980605,-1.6167042035516368,528044,81108,15.3601,19.7343,11.25,16291,78.02,2.2048999999999985
Kota Salatiga,Jawa Tengah,2024,3.7120037,4.3724527,Lansia tinggi - Kemiskinan rendah,-1.8278626091863972,2.6261829349312444,-1.7667453943073552,201270,28064,13.9435,20.9857,11.48,17096,78.32,1.6157000000000004
Kota Semarang,Jawa Tengah,2024,4.8874946,4.825395,Lansia tinggi - Kemiskinan rendah,-3.7890059757164187,1.7104552401962396,0.4595515158993498,1708833,221043,12.9353,20.8773,11.05,16990,78.3,2.2082999999999995
Kota Pekalongan,Jawa Tengah,2024,2.9768465,3.9736135,Lansia tinggi - Kemiskinan rendah,-0.8713691296505653,1.276337150573465,-0.7557897521631463,321095,36528,11.3761,23.1097,9.34,14547,75.06,2.016499999999999
Kota Tegal,Jawa Tengah,2024,2.760628,3.7444954,Lansia tinggi - Kemiskinan rendah,-0.5034679019624477,1.0605501541402425,-0.962905772136859,285843,33014,11.5497,22.8244,9.28,14358,75.1,1.609
Kulon Progo,DI Yogyakarta,2024,7.115041,2.1143625,Lansia tinggi - Kemiskinan tinggi,-1.5293577887075356,-0.6804996980475468,-2.6785797296835696,445315,85505,19.201,19.7321,9.2,10990,75.72,1.2359000000000009
Bantul,DI Yogyakarta,2024,4.4555316,4.154513,Lansia tinggi - Kemiskinan tinggi,-2.6342852697869104,0.7937713273516809,-0.8818584400084181,1017750,165320,16.2437,20.3607,9.81,16851,74.36,1.7179000000000002
Gunung Kidul,DI Yogyakarta,2024,7.267594,2.2293665,Lansia tinggi - Kemiskinan tinggi,-1.7196687653951022,-2.329604401812969,-2.746767226611798,752188,159233,21.1693,18.5468,7.35,10630,74.68,0.7887999999999984
Sleman,DI Yogyakarta,2024,4.26949,4.346947,Lansia tinggi - Kemiskinan rendah,-2.777782152390244,1.5988295741379162,-0.6328526622340609,1168471,180275,15.4283,20.1589,11.33,17586,75.44,1.4817
Kota Yogyakarta,DI Yogyakarta,2024,4.172368,4.478942,Lansia tinggi - Kemiskinan rendah,-3.4423531409577244,3.2806004745612234,-1.8570533636007511,375779,63001,16.7654,18.5069,12.12,20603,75.16,2.3605
Pacitan,Jawa Timur,2024,7.1592526,2.2418275,Lansia tinggi - Kemiskinan tinggi,-2.0545443472076483,-1.8236892919903385,-2.7626764885559516,588569,121117,20.5782,17.767,7.9,10099,73.09,1.617799999999999
Ponorogo,Jawa Timur,2024,7.1345096,2.1693044,Lansia tinggi - Kemiskinan tinggi,-2.33143853922268,-1.8367197378731388,-1.915281147478935,962941,186596,19.3777,18.577,7.8,11065,73.82,1.4888000000000012
Trenggalek,Jawa Timur,2024,6.9710155,2.1427684,Lansia tinggi - Kemiskinan tinggi,-2.2561583742294027,-1.3093471755012578,-1.9877364579995729,744516,135322,18.1758,19.1236,7.92,10872,74.88,1.8606999999999978
Tulungagung,Jawa Timur,2024,6.5437274,2.0114617,Lansia tinggi - Kemiskinan rendah,-2.5015986881989223,-0.8062070520149275,-1.0894441837102808,1113847,181806,16.3223,19.5378,8.68,11966,75.18,1.8127999999999993
Blitar,Jawa Timur,2024,6.2181745,1.6889492,Lansia tinggi - Kemiskinan rendah,-2.523248699612248,-1.2605492914132406,-0.7543526034864073,1263645,206181,16.3164,20.2266,7.87,12020,74.61,1.8729000000000013
Kediri,Jawa Timur,2024,6.4810066,1.0407411,Lansia tinggi - Kemiskinan tinggi,-2.8823427138278883,-1.0661113588172557,0.26791438707279963,1689916,253909,15.0249,21.0564,8.26,12388,73.53,2.2071000000000005
Malang,Jawa Timur,2024,5.9891815,0.43351558,Lansia tinggi - Kemiskinan tinggi,-3.6466596448050064,-2.3278705823146604,1.6151438127096458,2735993,404812,14.7958,20.9517,7.8,11190,73.5,1.9754000000000005
Lumajang,Jawa Timur,2024,6.506499,1.4238088,Lansia tinggi - Kemiskinan rendah,-1.6295213560582429,-2.057869486543086,-0.806617438897604,1145849,186025,16.2347,20.2418,7.27,10124,71.19,1.8175000000000008
Jember,Jawa Timur,2024,5.8979588,0.39764792,Lansia tinggi - Kemiskinan tinggi,-2.673472313572671,-3.307006568421917,1.405646867000948,2603817,389488,14.9583,20.4376,6.54,10700,70.25,1.5523999999999987
Banyuwangi,Jawa Timur,2024,6.3935084,0.9122547,Lansia tinggi - Kemiskinan rendah,-2.724451261964738,-1.4831835344036368,0.2653366615185786,1754393,278325,15.8645,20.555,7.78,13320,71.61,1.8965999999999994
Bondowoso,Jawa Timur,2024,5.9648304,1.2980974,Lansia tinggi - Kemiskinan tinggi,-0.3685165137301744,-2.2759898559503404,-1.2953753354621098,792309,132489,16.7219,20.2093,6.53,11689,67.81,1.1677000000000017
Situbondo,Jawa Timur,2024,6.5298915,1.4192488,Lansia tinggi - Kemiskinan tinggi,-1.0602858854450803,-1.915952133685963,-1.644570839006909,700719,118259,16.8768,19.2258,6.93,11216,70.16,1.5446999999999989
Probolinggo,Jawa Timur,2024,5.367715,1.1082269,Lansia tinggi - Kemiskinan tinggi,-0.743263754836445,-2.005174193175976,-0.07342143654716171,1185242,168879,14.2485,21.9482,6.31,12258,68.33,1.6608
Pasuruan,Jawa Timur,2024,6.216058,0.8533983,Lansia tinggi - Kemiskinan rendah,-1.7814321879420254,-1.4593956404960655,0.6378012538404659,1657216,212611,12.8294,21.7197,7.46,11617,71.04,2.1050000000000004
Sidoarjo,Jawa Timur,2024,5.102598,4.667928,Lansia tinggi - Kemiskinan rendah,-3.415789866895543,1.0816966841662945,1.365045926907741,2171480,254285,11.7102,21.1685,10.91,15710,74.94,2.2576
Mojokerto,Jawa Timur,2024,5.5943966,2.6089022,Lansia tinggi - Kemiskinan tinggi,-2.104287911057441,0.2513617498354896,-0.0653495827967366,1154257,155139,13.4406,21.911,9.13,13903,73.5,2.2247000000000003
Jombang,Jawa Timur,2024,5.8708243,1.9602169,Lansia tinggi - Kemiskinan rendah,-1.8990926155222982,-0.5083222355136153,0.037869632337393065,1362697,187010,13.7235,21.8531,8.78,12454,73.47,1.8962000000000003
Nganjuk,Jawa Timur,2024,6.265738,1.8031828,Lansia tinggi - Kemiskinan tinggi,-2.0338547104567772,-0.7338505208632335,-0.6171250391053134,1131777,176814,15.6227,20.6998,8.25,13376,72.52,1.8370999999999995
Madiun,Jawa Timur,2024,7.0887165,2.0047297,Lansia tinggi - Kemiskinan tinggi,-2.1908827769691004,-1.0303774416723994,-1.877887938892325,757839,142350,18.7837,19.0724,8.2,12668,72.52,1.7819000000000003
Magetan,Jawa Timur,2024,7.299105,2.191756,Lansia tinggi - Kemiskinan tinggi,-1.7915689118684088,-0.9060491600173656,-2.2367989919339513,685500,135054,19.7015,19.5348,8.69,12915,73.54,1.1846999999999994
Ngawi,Jawa Timur,2024,6.908662,1.8648163,Lansia tinggi - Kemiskinan tinggi,-2.661483678574257,-1.1927786067808894,-1.666716029313505,884086,165807,18.7546,19.2523,7.84,12414,73.44,2.061
Bojonegoro,Jawa Timur,2024,6.6193857,1.1053389,Lansia tinggi - Kemiskinan tinggi,-2.7766402561395536,-1.5574290009981888,-0.5565197440740712,1325299,215100,16.2303,19.6729,7.59,11204,72.81,2.358699999999999
Tuban,Jawa Timur,2024,6.669176,1.2981062,Lansia tinggi - Kemiskinan tinggi,-2.3990705824224303,-1.4503502646052342,-0.6358983337188093,1225205,192804,15.7365,19.7645,7.53,11579,72.59,2.1770999999999994
Lamongan,Jawa Timur,2024,6.594674,1.3392779,Lansia tinggi - Kemiskinan tinggi,-2.8287092011596484,-1.0121245077225647,-0.5290923145079681,1378147,226161,16.4105,19.7732,8.48,12419,73.46,2.0520999999999994
Gresik,Jawa Timur,2024,4.8584733,4.109663,Lansia tinggi - Kemiskinan tinggi,-1.9328175984900158,0.6873748099375403,0.35380815666551213,1364019,164175,12.0361,21.8262,10.03,14356,73.56,1.9522999999999993
Bangkalan,Jawa Timur,2024,4.8035226,0.97327757,Lansia tinggi - Kemiskinan tinggi,-0.06831674153192871,-2.2986735648136767,-0.15708666024766477,1102522,130956,11.8779,22.0066,6.01,9841,71.02,1.3756000000000004
Sampang,Jawa Timur,2024,1.4868081,-0.45013034,Lansia tinggi - Kemiskinan tinggi,1.0759402487778256,-2.705631191734134,0.20173049297037068,1016254,111320,10.954,24.2188,5.08,9782,68.86,1.113900000000001
Pamekasan,Jawa Timur,2024,1.617352,-0.4632761,Lansia tinggi - Kemiskinan tinggi,0.3994410066277103,-1.7377520442834427,-0.18267609644530305,884697,109265,12.3506,22.9708,7.17,9811,68.53,1.4764999999999997
Sumenep,Jawa Timur,2024,6.5663123,1.4454798,Lansia tinggi - Kemiskinan tinggi,-1.8553536976099,-2.6687086932138344,-1.1275033022054854,1153188,193468,16.7768,19.3899,6.1,10156,72.7,1.658400000000002
Kota Kediri,Jawa Timur,2024,3.3151362,4.2971025,Lansia tinggi - Kemiskinan rendah,-1.2774001410294564,1.5413611695242795,-1.3935594705119076,298227,40777,13.6731,21.4967,10.92,13670,74.91,1.9411000000000005
Kota Blitar,Jawa Timur,2024,3.4595878,4.3521724,Lansia tinggi - Kemiskinan rendah,-1.118399316471634,1.7318207083501367,-1.6940342120594005,154867,21801,14.0772,21.2557,10.82,14933,74.9,1.7036999999999995
Kota Malang,Jawa Timur,2024,4.327857,4.3098745,Lansia tinggi - Kemiskinan rendah,-2.3090455690719325,2.040934038831829,-0.5412488324916944,872694,121909,13.9693,21.2007,11.14,17791,74.34,1.8918
Kota Probolinggo,Jawa Timur,2024,2.6185699,3.6099572,Lansia tinggi - Kemiskinan rendah,0.025486948482318368,0.8653178979105157,-0.8471043970782527,249539,30455,12.2045,23.2573,9.72,13405,71.22,1.6986999999999988
Kota Pasuruan,Jawa Timur,2024,2.7729287,3.903448,Lansia tinggi - Kemiskinan rendah,-0.26574056571939414,1.492839890429894,-0.648107077008234,219392,25303,11.5332,24.0287,9.94,14664,72.55,1.910400000000001
Kota Mojokerto,Jawa Timur,2024,3.2868369,4.2918386,Lansia tinggi - Kemiskinan rendah,-1.0713424807291205,2.14099432695732,-1.375204247181681,137393,18284,13.3078,22.0586,11.38,14842,74.31,1.9678000000000004
Kota Madiun,Jawa Timur,2024,3.7554421,4.4265475,Lansia tinggi - Kemiskinan rendah,-1.7142634581416796,2.405995767043567,-2.186404556541341,201767,33407,16.5572,19.3134,12.11,17518,73.71,1.452300000000001
Kota Surabaya,Jawa Timur,2024,5.3253803,5.223464,Lansia tinggi - Kemiskinan rendah,-4.678614825136922,1.1861771549592406,2.315286998378027,2921996,378637,12.9582,21.2182,10.89,19666,75.03,2.0372000000000003
Kota Batu,Jawa Timur,2024,3.1670973,4.1032004,Lansia tinggi - Kemiskinan rendah,-0.970435821251809,1.1565459258126993,-1.3855777072705138,222685,30311,13.6116,21.6966,9.87,14253,73.54,1.9197999999999986
Pandeglang,Banten,2024,1.4797732,-0.14468226,Lansia rendah - Kemiskinan tinggi,0.8572234554334467,-1.7476874439803176,1.1942880026039424,1325952,131235,9.8974,25.247,7.16,9574,65.84,1.7454
Lebak,Banten,2024,1.481821,-0.19510172,Lansia rendah - Kemiskinan rendah,0.7819180854906913,-1.9185237837098847,1.2410861062469625,1449205,135778,9.3691,25.5715,6.61,9631,68.39,1.5206
Tangerang,Banten,2024,5.350521,-0.10913639,Lansia rendah - Kemiskinan rendah,-1.6337199197647738,-0.6004163898097409,3.4991990246754563,3400486,260035,7.647,24.6187,9.06,13254,70.93,1.7285000000000004
Serang,Banten,2024,1.4256774,-0.07366861,Lansia rendah - Kemiskinan rendah,0.641998717781387,-1.1053294450105997,1.7754559572435127,1701803,149456,8.7822,25.0726,7.88,11767,65.94,1.5154999999999994
Kota Tangerang,Banten,2024,4.931268,4.6013837,Lansia rendah - Kemiskinan rendah,-2.014220385239515,1.5088080795297665,1.7682217227934731,1963966,190783,9.7142,23.7319,11.14,15641,72.51,2.1588000000000003
Kota Cilegon,Banten,2024,0.8759462,3.3388498,Lansia rendah - Kemiskinan rendah,0.8747136990423847,1.592823994973898,0.7364271462170205,455617,39227,8.6096,26.4753,10.39,14294,67.71,1.9703
Kota Serang,Banten,2024,0.81374884,2.9458191,Lansia rendah - Kemiskinan rendah,0.9503885361597106,0.8965384134924229,1.0107042723889321,734866,54961,7.4791,26.33,8.93,14603,69.31,1.6082999999999998
Kota Tangerang Selatan,Banten,2024,4.750993,4.780551,Lansia tinggi - Kemiskinan rendah,-2.5797319009887474,2.3914982838899967,0.8343750613085054,1399496,154218,11.0195,22.1843,11.86,17028,73.36,2.4868000000000006
