Kab_kota,Provinsi,Tahun,PC1,PC2,PC3,PC4,PC5,PC6,Tipologi_Lansia,pct_lansia,p0_miskin,rls,pengeluaran,ahh_rata2,tpt_total,UMAP1,UMAP2
Simeulue,Aceh,2024,-2.2229215289142825,-1.7515964266400872,0.7161026146313296,1.4432441017230488,0.08257352087406995,1.1307626404748496,Lansia rendah - Kemiskinan tinggi,8.484,17.69,9.89,8106,65.78,5.5,1.7162468,1.5060664
Aceh Singkil,Aceh,2024,-2.010257090740333,-1.8668981734029864,1.3887232228991633,1.4411853608875766,0.21273677385403172,-0.26953241993180005,Lansia rendah - Kemiskinan tinggi,6.3405,19.06,8.72,9862,67.94,6.44,1.9782472,1.478258
Aceh Selatan,Aceh,2024,-1.863917514243371,-1.1295975925888169,-0.038472137370832576,0.13476752371991543,-0.705884522514207,1.1532809472734997,Lansia rendah - Kemiskinan tinggi,10.7883,12.02,8.92,9190,65.02,4.56,0.844422,2.303843
Aceh Tenggara,Aceh,2024,-1.0774662661542163,-1.3951478434430231,0.048036891222110016,0.5306121921381459,0.717463378606314,0.8639063518688403,Lansia rendah - Kemiskinan tinggi,8.2391,11.99,10.1,8876,68.82,4.79,2.6170537,2.788449
Aceh Timur,Aceh,2024,-0.9888236552465363,-1.6016531955486142,1.756227233700575,0.17105477715954057,0.1361948849965809,0.06398427124692695,Lansia rendah - Kemiskinan tinggi,7.9263,13.26,8.48,9889,69.23,7.75,3.5899038,2.1521044
Aceh Tengah,Aceh,2024,-0.7467409955453318,-0.9844109056209456,-0.21107949459203626,1.2756250744079767,0.13636751510253312,0.11534206903906195,Lansia rendah - Kemiskinan tinggi,8.8787,14.27,10.03,11805,69.34,4.21,1.9107866,2.309438
Aceh Barat,Aceh,2024,-1.2279697414083477,-0.9194384157789277,0.780871554290757,1.7230480473629273,-0.07257973237536644,0.6099423363393789,Lansia rendah - Kemiskinan tinggi,10.1682,17.6,9.99,10548,68.53,5.58,2.1117496,1.6802694
Aceh Besar,Aceh,2024,0.05625097900782967,-1.3911752663904198,1.5798999545481966,0.9246249375336891,0.2430741625655116,0.7174710804487537,Lansia rendah - Kemiskinan tinggi,9.475,13.21,10.37,10810,70.34,7.93,4.19048,2.0077348
Pidie,Aceh,2024,-1.607340898638341,-0.7594579521541994,0.9960422182805665,1.6295050612449078,-0.7049906387483619,0.30484863238005017,Lansia rendah - Kemiskinan tinggi,10.8519,18.59,9.04,11187,67.46,5.74,1.858779,1.6943258
Bireuen,Aceh,2024,-0.6624495642023595,-0.2199545841535937,-0.1085082973622665,0.5644273328946394,0.855148448822554,0.2730190841538839,Lansia rendah - Kemiskinan tinggi,9.9862,12.1,9.59,10150,71.88,3.93,2.0549717,2.9856079
Aceh Utara,Aceh,2024,-1.294709786877162,-1.0970593939996376,1.5444925540075862,0.946729204473422,0.22654948608507547,0.460742121930045,Lansia rendah - Kemiskinan tinggi,9.3803,16.11,9.11,9374,69.32,6.88,2.4238098,1.6302629
Aceh Barat Daya,Aceh,2024,-2.2756101959716792,-1.1047956995530537,-0.147762419740618,0.8071098177707234,-0.42885619833494965,0.5601263576497205,Lansia rendah - Kemiskinan tinggi,9.5001,15.32,8.78,9559,65.69,3.83,1.1850935,1.8589271
Gayo Lues,Aceh,2024,-2.9093751386133975,-1.3090154413002022,-0.6465081765471679,1.3779130764292455,-0.0166711286010216,-0.31875059895977603,Lansia rendah - Kemiskinan tinggi,6.9191,18.3,8.44,9967,66.07,2.4,1.2149012,1.9239312
Aceh Tamiang,Aceh,2024,-0.6253770703090789,-1.1135308742711651,1.300432589997495,0.25941599446786795,0.43866343426170545,0.5562849457517567,Lansia rendah - Kemiskinan tinggi,9.3267,12.17,9.3,9529,70.26,6.95,3.6246884,2.1245701
Nagan Raya,Aceh,2024,-1.4978461322759307,-0.5174204525569155,0.8431194658317772,1.2566156060875378,0.3289929848225494,0.4295174293618856,Lansia rendah - Kemiskinan tinggi,10.2517,16.94,9.25,9523,69.79,5.22,2.1361806,1.7452736
Aceh Jaya,Aceh,2024,-1.483707672281834,-0.9061988622727805,-0.9325532724343678,0.49753382646824573,-0.05938200286268671,0.056287195086736054,Lansia rendah - Kemiskinan tinggi,8.7581,12.25,9.02,11007,67.74,2.75,0.97568136,2.9384246
Bener Meriah,Aceh,2024,-1.325660712318596,-0.6234262605161703,-0.9243083333581652,2.230681867389012,0.380959212671282,-0.4067700172131231,Lansia rendah - Kemiskinan tinggi,8.2634,18.18,10.13,12360,69.84,2.2,1.8258874,2.239727
Pidie Jaya,Aceh,2024,-1.2571902516310112,-0.062495627907459765,0.16532366163325873,1.88734583723914,0.2958294440498858,-0.030027106513612994,Lansia rendah - Kemiskinan tinggi,10.548,18.28,9.59,11274,70.82,3.82,1.852498,2.195308
Kota Banda Aceh,Aceh,2024,3.3212785211485247,-1.9583049727021948,0.01991052584194736,1.4140382003365772,-0.3126502348650244,0.045303564364247366,Lansia rendah - Kemiskinan rendah,8.4371,6.95,13.1,18100,72.22,7.55,7.4338098,1.3896371
Kota Sabang,Aceh,2024,-0.16069733206895687,-0.5026090253333152,-0.9045155480442999,1.9136545687224495,0.5686660480919231,0.19054926373924758,Lansia rendah - Kemiskinan tinggi,9.5077,14.58,11.22,12625,71.22,2.95,1.9914033,2.3660607
Kota Langsa,Aceh,2024,1.0154912049331257,-1.5536881317631177,0.7441876342537592,0.936023417902392,-0.17137658676034798,0.7137320036625108,Lansia rendah - Kemiskinan tinggi,9.6524,10.33,11.28,13133,69.97,7.34,5.218843,1.900469
Kota Lhokseumawe,Aceh,2024,1.3972764673576286,-1.581447157134992,1.4348750142512445,0.8889136435866475,0.46668623607517123,0.4936525165558933,Lansia rendah - Kemiskinan tinggi,8.8008,10.44,11.31,12694,72.3,8.47,5.38174,1.7326072
Kota Subulussalam,Aceh,2024,-2.8024942610508012,-2.44259174400003,0.46831997303089284,0.7101201051893372,-0.035665787050765924,0.1789693306002574,Lansia rendah - Kemiskinan tinggi,5.436,16.38,8.43,8491,64.56,5.12,1.621552,1.501054
Nias,Sumatera Utara,2024,-3.0913573608326703,-0.09116456095317177,-0.2260549460770448,-0.18895579632869625,1.0790975306902197,-0.8718380068420828,Lansia rendah - Kemiskinan tinggi,7.5802,14.89,6.4,7698,70.56,2.1,1.2538797,2.5184107
Mandailing Natal,Sumatera Utara,2024,-0.924226622891956,-2.444212575512051,0.6840711562709672,-0.4458354295024187,-1.2049734086908106,1.0423863579263122,Lansia rendah - Kemiskinan rendah,8.7654,8.69,9.11,10644,63.7,7.22,3.5862772,2.6366973
Tapanuli Selatan,Sumatera Utara,2024,-0.5964084893819744,-1.4455865007210291,-1.2980668387279763,-0.2840034963126252,-0.7869502264653994,0.5701375520760745,Lansia rendah - Kemiskinan rendah,9.3224,6.92,9.56,12213,65.78,3.41,2.9976776,3.405318
Tapanuli Tengah,Sumatera Utara,2024,-0.5857703452073353,-1.6677442425697981,1.3001432555365777,0.1700527244447457,-0.3459951608668404,0.21903144480485706,Lansia rendah - Kemiskinan tinggi,8.5858,11.8,8.92,11128,68.24,7.45,3.7630455,2.4055827
Tapanuli Utara,Sumatera Utara,2024,-0.2068455988251596,0.10198830259960154,-2.0455261160370526,0.38980410049689934,0.01749283190476442,0.5582877360153032,Lansia tinggi - Kemiskinan rendah,11.7143,8.21,10.31,12382,69.82,1.21,1.7905296,4.9940343
Toba Samosir / Toba,Sumatera Utara,2024,0.2710743639680964,0.23676877872010463,-2.138062692942051,0.6003994048130614,0.37068782251214916,0.3826778830856055,Lansia tinggi - Kemiskinan rendah,11.4443,8.07,10.77,12960,71.46,1.09,1.8817397,4.9994984
Labuhan Batu,Sumatera Utara,2024,0.3465406393053358,-1.2854585850385731,0.261369612815463,-0.2126270311676191,0.3488645887171679,-0.08870992195371558,Lansia rendah - Kemiskinan rendah,8.0917,7.84,9.5,12102,71.04,5.9,4.3297224,3.2677245
Asahan,Sumatera Utara,2024,-0.029283871837643104,-1.0783759838935905,0.3369954206457442,-0.3810772951062303,-0.38476815886012666,0.036094902812540824,Lansia rendah - Kemiskinan rendah,9.5788,8.12,8.85,12301,69.32,5.94,3.9370875,3.3458176
Simalungun,Sumatera Utara,2024,0.6315772983869393,-0.016004632484489998,0.08723526087071114,-0.101941448248229,0.2149271904797259,0.39720694849403926,Lansia tinggi - Kemiskinan rendah,11.8861,7.72,9.73,12119,72.44,5.17,5.812212,3.4634619
Dairi,Sumatera Utara,2024,-0.37647567348584277,-0.15406173274980559,-1.8927066523437057,-0.08719326167628745,0.46064580084842177,0.4104323306563138,Lansia rendah - Kemiskinan rendah,10.3471,7.1,9.89,11355,70.32,1.43,1.7542143,4.913802
Karo,Sumatera Utara,2024,0.5442975173382778,0.13116815804232182,-1.4382602682567591,0.2100636825024768,0.39653765551253534,-0.0227796304636729,Lansia rendah - Kemiskinan rendah,10.8917,7.37,10.12,13278,72.48,2.4,2.1098692,5.122968
Deli Serdang,Sumatera Utara,2024,1.9405775632272106,-1.3516702405524825,0.8617054338235133,-0.7658642852833177,0.20477420909935604,0.3054857305156443,Lansia rendah - Kemiskinan rendah,9.3505,3.44,10.29,13279,72.53,8.02,5.7556624,1.594775
Langkat,Sumatera Utara,2024,-0.0760629891398366,-0.7355586594161202,0.5764007437850552,-0.2614172985527367,-0.3501591349430496,0.07823163861057437,Lansia rendah - Kemiskinan tinggi,10.441,9.04,8.74,12080,69.95,6.08,4.083196,3.556508
Nias Selatan,Sumatera Utara,2024,-3.176722543391965,-0.5877436073643816,0.2207773932100233,0.08708300788495608,0.9878987988660967,-0.9048725931887186,Lansia rendah - Kemiskinan tinggi,6.6333,16.32,6.52,7730,69.84,3.03,1.2274637,2.422351
Humbang Hasundutan,Sumatera Utara,2024,-1.0050203940311413,0.16164059521433874,-1.847920001897186,0.03929451081766161,1.0267905077923511,1.0490269783025752,Lansia tinggi - Kemiskinan rendah,11.0839,8.44,10.13,8844,70.54,0.92,1.498123,4.8641863
Pakpak Bharat,Sumatera Utara,2024,-1.4574117565823816,-1.34438066070017,-2.2403692174831256,-0.41380509798358056,0.7296714119989065,0.643202793055869,Lansia rendah - Kemiskinan rendah,7.1746,6.87,9.73,9158,67.28,0.97,1.5703973,4.569665
Samosir,Sumatera Utara,2024,-1.08340824268756,0.8550361326781156,-1.4499713055822594,0.5775121208371008,1.0802566269494738,0.4555969836859388,Lansia tinggi - Kemiskinan tinggi,11.8654,11.63,9.61,9634,72.46,0.89,1.5431316,4.876879
Serdang Bedagai,Sumatera Utara,2024,0.04932687517305157,-0.6867573039805382,-0.21252832403795047,-0.48455080056437894,-0.1789612543341122,0.24382057883625624,Lansia rendah - Kemiskinan rendah,10.3573,6.97,9.12,12015,69.88,4.88,3.8921807,3.5128338
Batu Bara,Sumatera Utara,2024,-0.8359793880163692,-1.090539775344088,0.5084574198619949,-0.039569367747083306,-0.48264665880561997,0.10801876427865278,Lansia rendah - Kemiskinan tinggi,9.5907,10.94,8.51,11373,68.16,5.75,3.75267,2.8269455
Padang Lawas Utara,Sumatera Utara,2024,-0.6936553719236795,-1.8063881166848226,-0.7638993695660719,0.06977482057405335,0.3371548056769346,0.24346007771336012,Lansia rendah - Kemiskinan tinggi,6.7531,8.97,9.82,10925,68.04,3.99,2.7940922,3.2350042
Padang Lawas,Sumatera Utara,2024,-0.6275992762389676,-2.059162371788883,-0.033374996198256436,-0.3926589128271339,0.3993499297969933,0.5674042116715641,Lansia rendah - Kemiskinan rendah,6.8014,7.87,9.63,9821,67.93,5.47,3.1793747,3.0203717
Labuhan Batu Selatan,Sumatera Utara,2024,-0.3629514295645141,-1.3965715355159305,-1.1141453556076883,-0.20756739259234203,0.41205918356125215,-0.5363409141333902,Lansia rendah - Kemiskinan rendah,6.4713,7.73,9.19,12353,69.78,3.24,2.844251,3.909493
Labuhan Batu Utara,Sumatera Utara,2024,-0.038267210241021046,-1.1080633331902658,-0.30686406376236214,0.013027678379297985,0.15271592169928366,-0.48974915664306834,Lansia rendah - Kemiskinan tinggi,7.8819,8.98,9.14,12839,70.53,4.6,3.5228426,3.6868143
Nias Utara,Sumatera Utara,2024,-3.613814656470355,-0.18681017029805191,0.5267256745874535,1.255035508351109,1.2275182373579896,-0.7643832119635519,Lansia rendah - Kemiskinan tinggi,7.4258,21.5,7.05,7189,70.5,2.82,1.3661913,2.197996
Nias Barat,Sumatera Utara,2024,-4.117585873118239,0.04758474086953729,-0.27276252582159305,1.5994520521115525,1.4637037164100337,-0.7411778587362072,Lansia rendah - Kemiskinan tinggi,7.2945,22.68,7.26,6740,70.24,1.0,1.2225589,2.2918973
Kota Sibolga,Sumatera Utara,2024,0.43984667568053665,-1.3311454332702675,0.6077856690592188,0.8493727837001751,0.04476654893363878,0.24063579360039222,Lansia rendah - Kemiskinan tinggi,8.9943,11.39,10.45,12713,70.42,6.52,4.890068,2.0406425
Kota Tanjung Balai,Sumatera Utara,2024,-1.1951589800526001,-1.8604087265465035,-0.742037701156988,0.716342431387564,-1.0120620559116473,0.45311490659457426,Lansia rendah - Kemiskinan tinggi,8.5011,11.97,9.69,12264,64.48,4.08,0.6370551,2.579604
Kota Pematang Siantar,Sumatera Utara,2024,2.5238438437969424,-0.174573789055155,1.1692368722492348,0.5499151154630004,0.5472376892518068,0.9503012696255358,Lansia tinggi - Kemiskinan rendah,12.8166,7.2,11.82,13349,75.32,8.0,6.053945,1.5307022
Kota Tebing Tinggi,Sumatera Utara,2024,1.3215059626147398,-0.6253843426154543,0.2623608951082333,0.6352962376022355,-0.12373392869035604,0.43098011633771005,Lansia tinggi - Kemiskinan rendah,11.2473,8.79,10.87,13900,71.82,6.18,5.6179585,2.0808663
Kota Medan,Sumatera Utara,2024,2.8984157175353795,-0.6268474691269454,1.0020406783332039,0.9409403012211349,0.007053938028389475,0.17327749764603734,Lansia tinggi - Kemiskinan rendah,11.4296,7.94,11.79,16069,74.74,8.13,6.4961934,1.5326775
Kota Binjai,Sumatera Utara,2024,1.5358141726317593,-0.6215969582465476,-0.23448665703762672,-0.18283547345554654,0.8536712493825724,0.790210987014355,Lansia rendah - Kemiskinan rendah,10.4252,4.75,11.2,12015,73.34,5.44,6.720641,2.8855617
Kota Padangsidimpuan,Sumatera Utara,2024,1.2089923730972236,-1.5949742417183144,0.4949615817618158,-0.026667711210488096,0.23128822206911637,0.9716579809881107,Lansia rendah - Kemiskinan rendah,9.3811,6.23,11.13,11964,70.48,7.17,5.531784,1.8446275
Kota Gunungsitoli,Sumatera Utara,2024,-1.5773314289990124,-0.3907326507235431,-0.045697999527254875,0.7059207131137272,1.4188855594300671,-0.3573226799196051,Lansia rendah - Kemiskinan tinggi,7.7283,14.72,8.76,9056,72.31,3.3,1.8002372,2.8595054
Kepulauan Mentawai,Sumatera Barat,2024,-3.372225361594456,-1.1292501976284077,-1.175980505231851,0.13194222147038162,0.3444294162356319,0.4466883613449493,Lansia rendah - Kemiskinan tinggi,7.635,13.89,8.03,7192,65.32,1.44,0.94112957,2.1033506
Pesisir Selatan,Sumatera Barat,2024,-0.17201808852243916,0.0012958758850045566,0.25849692199161967,-0.6631041096919743,0.33685145780698666,0.5324578948381187,Lansia tinggi - Kemiskinan rendah,11.7646,7.49,8.81,10211,71.64,5.06,3.7444344,4.916487
Solok,Sumatera Barat,2024,-0.550102067353318,-0.13044278285712507,0.1500185559422915,-0.947441234024748,-0.34532774228206103,0.21089898241126948,Lansia tinggi - Kemiskinan rendah,11.7171,7.31,7.91,10988,69.85,4.91,3.6539485,4.953463
Sijunjung,Sumatera Barat,2024,-0.472838208836041,-1.004689939709634,-0.39988772076815615,-0.9692777612689824,-0.6637199604694191,0.5132854239056226,Lansia rendah - Kemiskinan rendah,10.4034,5.78,8.62,11395,67.37,4.73,3.4228344,3.4710102
Tanah Datar,Sumatera Barat,2024,0.6384955953191561,0.6448420645359156,0.07310985589405582,-1.0333663716405723,-0.4906271676330396,1.3137983739995627,Lansia tinggi - Kemiskinan rendah,15.5777,4.28,9.29,11223,71.02,5.3,5.751739,5.1930285
Padang Pariaman,Sumatera Barat,2024,0.24802022459367176,-0.2513041955188212,0.780858631007809,-0.9695955061846356,-0.632080515140037,0.5010011902214924,Lansia tinggi - Kemiskinan rendah,12.6587,6.27,8.42,11756,70.15,6.59,4.234872,4.6303697
Agam,Sumatera Barat,2024,0.42586564708507835,0.9437734670707663,0.1597499627762673,-0.5625520307166331,0.36946519976279474,0.8047944586864342,Lansia tinggi - Kemiskinan rendah,14.4161,6.83,9.23,10686,73.53,4.73,5.9124904,5.4318285
Lima Puluh Kota,Sumatera Barat,2024,-0.5660893019327333,0.5739904022459277,-0.37217722755255606,-0.914389877007292,-0.2300275543703495,0.5034258073185195,Lansia tinggi - Kemiskinan rendah,13.4273,6.92,8.13,10648,70.52,3.68,3.5416358,5.423282
Pasaman,Sumatera Barat,2024,-0.9377874437411631,-0.7853608972563381,0.2413716291158678,-1.1828376573895905,-0.010356829075418593,0.6429585555253805,Lansia rendah - Kemiskinan rendah,10.3185,6.74,8.14,9194,68.66,5.25,3.6380455,4.594484
Solok Selatan,Sumatera Barat,2024,-0.7386389900309526,-0.6050428287141274,-1.4548999349675946,-0.6252678514579323,0.11676633932946644,0.0973328773406619,Lansia rendah - Kemiskinan rendah,9.3271,6.56,8.85,11240,69.04,2.3,1.7048033,4.407981
Dharmasraya,Sumatera Barat,2024,0.7548532225135868,-0.8073850609552673,0.33808892304737004,-0.868511141839506,0.45915405821767974,-0.24711530818414154,Lansia rendah - Kemiskinan rendah,8.9577,5.32,8.98,12254,72.64,6.02,4.8082566,3.5979838
Pasaman Barat,Sumatera Barat,2024,-0.40207924826485697,-1.59140034426779,0.5277849608386767,-0.8145461083329941,0.20993498171838457,0.532731542167152,Lansia rendah - Kemiskinan rendah,8.3001,7.0,8.99,9888,68.86,6.34,3.4916558,3.0236287
Kota Padang,Sumatera Barat,2024,3.4170459635218178,-1.0414509337951974,1.6048131421562484,-0.021628411355182467,-0.06329456041023634,0.5375518110196652,Lansia tinggi - Kemiskinan rendah,11.4238,4.06,11.63,15458,74.53,9.88,6.264322,1.4246829
Kota Solok,Sumatera Barat,2024,1.861464548053805,-0.3730989611996003,-1.256666586787106,-0.2596878609994929,1.30949206554957,0.2675861003934117,Lansia rendah - Kemiskinan rendah,9.4476,3.07,11.37,12995,74.96,3.62,6.942159,2.7678504
Kota Sawah Lunto,Sumatera Barat,2024,1.1855780115868464,-0.42358980100683896,-0.2623922762658214,-0.997615389228316,0.09607021490693081,1.4317891560720324,Lansia tinggi - Kemiskinan rendah,12.6228,2.33,10.53,11187,70.96,5.55,6.5774584,3.1179047
Kota Padang Panjang,Sumatera Barat,2024,1.6527702545330618,-0.627175548324789,-0.5328664650586177,0.21892234447682227,1.1379813806285644,1.028998880884761,Lansia rendah - Kemiskinan rendah,10.3393,5.31,12.0,11840,73.66,4.94,6.8820505,2.7950332
Kota Bukittinggi,Sumatera Barat,2024,2.4293439952433737,-0.06252217425684463,-0.7089053498270232,0.1223926473240602,0.856198582443078,0.3294588284240438,Lansia tinggi - Kemiskinan rendah,11.1707,4.08,11.65,14297,75.5,4.72,7.1703515,2.532042
Kota Payakumbuh,Sumatera Barat,2024,2.039703475335238,0.12184544422191036,-0.43556445254210824,0.058286960584310335,0.5871009617747079,0.12144185888702151,Lansia tinggi - Kemiskinan rendah,11.6035,5.19,10.89,14260,75.12,4.87,7.1542425,2.5986087
Kota Pariaman,Sumatera Barat,2024,1.6439578868088396,-0.6837946695379986,-0.5352608612371486,-0.1629312274731585,-0.15041645479131124,0.7640780712714319,Lansia tinggi - Kemiskinan rendah,11.4566,4.26,11.06,13784,71.22,5.32,6.5898476,2.9196527
Kuantan Singingi,Riau,2024,-0.6942978548021145,-0.4310813617104935,-1.266334337759954,-0.2709955033689581,0.1762488776527405,0.2151816902022163,Lansia rendah - Kemiskinan rendah,9.8949,7.89,9.14,11182,69.49,2.48,1.7713764,4.590438
Indragiri Hulu,Riau,2024,-0.5485263407438187,-0.6392840237072632,-1.2439365857770028,-0.8702504542250136,0.6177578974762801,-0.47187204652494524,Lansia rendah - Kemiskinan rendah,7.9252,6.02,8.43,11333,70.91,2.55,2.3649664,4.2251844
Indragiri Hilir,Riau,2024,-1.2964673067427879,-0.40157933472485435,-1.489402753020248,-1.3449112249635036,-0.06854730156439291,-0.442769326246176,Lansia rendah - Kemiskinan rendah,9.0671,5.66,7.32,11050,68.76,1.86,1.7135105,4.2127275
Pelalawan,Riau,2024,-0.36038802339780873,-0.9098713661342855,-1.433239878788912,-0.04827531023227305,1.0277262915658438,-1.134839885068177,Lansia rendah - Kemiskinan rendah,5.8541,8.49,8.96,12575,72.18,2.13,2.6305583,4.0414147
Siak,Riau,2024,0.8114236505004394,-1.4917469225846371,-0.7453521464522372,-0.44201098608934225,0.7126217219512777,-0.4495136489987068,Lansia rendah - Kemiskinan rendah,6.4671,5.08,9.92,13080,71.8,4.53,4.6872106,3.3276622
Kampar,Riau,2024,0.14590171330752758,-0.964021668404073,-0.8539735053569111,-0.2639789475750549,0.7458896113748154,-0.27674461680269635,Lansia rendah - Kemiskinan rendah,7.6419,6.92,9.58,12034,71.61,3.67,3.103103,3.8679526
Rokan Hulu,Riau,2024,-0.9137504477282572,-0.7631246641271459,-0.9318793248120225,-0.06483847017788219,0.9261325191082704,-0.34320750291022284,Lansia rendah - Kemiskinan tinggi,7.4335,9.62,8.94,10586,71.0,2.73,2.509831,4.045176
Bengkalis,Riau,2024,0.7996670295810314,-0.8947822525189958,0.1889888525790916,-0.38643140417815347,0.370084203363789,0.11183092481322143,Lansia rendah - Kemiskinan rendah,9.3552,6.36,9.74,12321,71.97,5.88,4.86808,3.343311
Rokan Hilir,Riau,2024,-0.48358606623841865,-0.9054321652113352,-0.27168292815326445,-0.8083069625262403,0.7476356430880459,-0.21500145179292515,Lansia rendah - Kemiskinan rendah,7.8453,7.01,8.53,10447,71.16,4.31,3.171794,4.0908904
Kepulauan Meranti,Riau,2024,-2.9383560366303043,-0.0828385637381314,1.1337244092380518,2.0474564155092363,-0.044539634142217656,0.04240987513636049,Lansia rendah - Kemiskinan tinggi,10.8315,23.15,8.12,8988,68.53,4.51,1.6291832,1.793579
Kota Pekanbaru,Riau,2024,2.428614118020159,-1.0924601864881127,-1.1644900826064974,0.12297420216574229,0.5551244813552418,0.15958927101564396,Lansia rendah - Kemiskinan rendah,8.8139,3.15,11.96,15212,73.26,4.63,7.0668316,2.203818
Kota Dumai,Riau,2024,1.1771280324494289,-1.2254630625488583,-0.8143187273594151,-0.7184082312001875,0.5955689964765895,0.07959264492447841,Lansia rendah - Kemiskinan rendah,8.062,3.14,10.29,12847,71.82,4.66,4.873857,3.2450826
Kerinci,Jambi,2024,-0.41253520663020365,0.6686579936049591,-1.0545157454159135,-0.6108665595029802,-0.12348828841241015,0.3564983754559884,Lansia tinggi - Kemiskinan rendah,13.1356,6.93,8.6,11441,70.84,2.51,2.4725685,5.1025553
Merangin,Jambi,2024,-0.35252484781058596,-0.44911456366422436,-0.1959931200738446,-0.47040960954415983,0.573768087328678,-0.4864295649214124,Lansia rendah - Kemiskinan rendah,8.7906,8.4,8.4,11425,72.0,4.18,2.9694448,4.1482053
Sarolangun,Jambi,2024,-0.25736572828695253,-1.1064034639837217,-0.03484962029283949,-0.4286313439404705,-0.12123673702546614,-0.6095399740861176,Lansia rendah - Kemiskinan rendah,8.075,8.36,8.35,12679,69.96,5.03,3.6974785,3.578692
Batang Hari,Jambi,2024,-0.5062826504014838,-0.5090143916747173,-0.0016227497903814711,-0.5149769368541974,0.5501442115609996,-0.3063351272915859,Lansia rendah - Kemiskinan rendah,8.9537,8.63,8.35,10872,71.6,4.49,2.994026,4.2391386
Muaro Jambi,Jambi,2024,0.16861476294793276,-0.8738659362929437,0.024108934815496058,-1.4877575114251156,0.9264245699903962,0.13481783804413383,Lansia rendah - Kemiskinan rendah,8.4705,3.65,8.7,10007,72.14,5.27,3.605796,4.0093718
Tanjung Jabung Timur,Jambi,2024,-1.9226082898822472,-0.1549147050141432,-1.100205284370951,-0.41940515457164323,-0.4443712290030033,0.12396256841669685,Lansia rendah - Kemiskinan tinggi,10.8585,10.14,7.7,10328,67.32,2.06,0.8316196,3.3323355
Tanjung Jabung Barat,Jambi,2024,-1.229264231233916,-0.6991898961379572,-0.6975222795099534,-0.324753875799325,0.11380408646035249,-0.1121101330020205,Lansia rendah - Kemiskinan tinggi,8.9116,9.54,8.32,10696,68.96,3.2,1.294071,3.7785459
Tebo,Jambi,2024,-0.6692908338758546,-0.3536410398746143,-1.1800629908032998,-0.9781391356567758,0.3752330103638231,-0.48002943082653005,Lansia rendah - Kemiskinan rendah,8.8552,6.12,8.04,11415,70.74,2.5,2.1363566,4.2518296
Bungo,Jambi,2024,0.022517320279876886,-1.194317107205159,-0.5529525850873463,-0.9657391722741073,-0.4412473808422281,-0.18200125454544733,Lansia rendah - Kemiskinan rendah,8.8019,5.06,8.6,12820,68.76,4.67,3.752994,3.545938
Kota Jambi,Jambi,2024,1.965190210391024,-0.9120658196257985,0.7713960285410476,0.5603565164206221,0.549613343342087,0.5355295922765513,Lansia rendah - Kemiskinan rendah,10.2434,7.73,11.51,13388,73.72,7.38,5.9137506,1.7550898
Kota Sungai Penuh,Jambi,2024,1.262093094992931,0.14537875140775736,-0.6882017327133986,-0.7925903735791816,0.6485622251802118,0.9608606559839972,Lansia tinggi - Kemiskinan rendah,12.4446,2.92,10.48,11499,73.26,4.3,6.8580856,3.132307
Ogan Komering Ulu,Sumatera Selatan,2024,-0.8521936166166496,-0.6164386939006566,-0.3026233546430709,0.11696893371694994,-0.14338213411604206,0.1193652046915899,Lansia rendah - Kemiskinan tinggi,10.0016,10.68,8.86,11339,69.06,4.05,1.9740815,3.3250105
Ogan Komering Ilir,Sumatera Selatan,2024,-1.41500456007014,-0.22614490592006278,-0.30011849167741106,-0.06989956742418091,-0.39075651334048095,-0.9547408686806286,Lansia rendah - Kemiskinan tinggi,9.5053,12.08,7.19,12305,69.53,3.38,1.5073713,3.6358232
Muara Enim,Sumatera Selatan,2024,-0.6145341940212831,-0.39770619854220474,-0.2644309098022065,-0.1673342234529465,-0.24348066086602357,-0.37170981709369605,Lansia rendah - Kemiskinan tinggi,10.0098,9.79,8.27,12291,69.98,4.09,2.0446017,3.5641975
Lahat,Sumatera Selatan,2024,-1.6931435089557947,-0.40113341903286587,-0.545882909341136,0.7586327613159477,-0.6311404374625347,0.22825031499248857,Lansia rendah - Kemiskinan tinggi,10.9429,14.14,8.69,11255,67.16,3.11,0.9396934,2.6138837
Musi Rawas,Sumatera Selatan,2024,-1.963930439002699,0.15081580949472437,-0.8454811126553753,0.27439849118858844,-0.13422201243295426,-0.5209818456363826,Lansia rendah - Kemiskinan tinggi,10.3243,13.44,7.57,11058,69.2,1.94,1.0009372,3.1384606
Musi Banyuasin,Sumatera Selatan,2024,-1.647934529845643,-0.2785454375481299,-0.9076450492318049,0.3281359624618632,0.17906946268759727,-0.7349842543149602,Lansia rendah - Kemiskinan tinggi,8.7195,12.88,7.95,11424,69.76,2.13,1.073813,3.069181
Banyu Asin,Sumatera Selatan,2024,-1.176350891159913,-0.1614634463643941,-0.5010200793877562,-0.6022353054411803,-0.050869246793370564,-0.511853138567834,Lansia rendah - Kemiskinan tinggi,9.854,9.31,7.48,11277,70.0,3.24,1.5069134,3.8480957
Ogan Komering Ulu Selatan,Sumatera Selatan,2024,-1.7899545564552957,-0.2742342005302277,-1.2560016195184707,-0.32534306852420475,0.14255658953864786,0.22125942843980342,Lansia rendah - Kemiskinan tinggi,9.9733,9.86,8.25,9680,68.3,1.8,0.89165336,3.550738
Ogan Komering Ulu Timur,Sumatera Selatan,2024,-0.6559310977819443,0.09954007124072854,-0.5130112839297728,-0.17710330573519817,-0.473231691082944,-0.3438641916519984,Lansia tinggi - Kemiskinan tinggi,11.3853,9.75,8.08,12623,70.04,3.45,1.9138074,3.7460341
Ogan Ilir,Sumatera Selatan,2024,-1.67901014502932,-0.4912208072512337,-0.9171295191066795,0.28379332157914156,-0.921935867828228,-0.14677292378528042,Lansia rendah - Kemiskinan tinggi,10.4524,12.3,8.09,12093,66.59,2.65,0.640674,2.9857602
Empat Lawang,Sumatera Selatan,2024,-1.9494638510211975,-0.5611933946353987,-0.8186942155876811,-0.29305095013369725,-0.9081847996251273,0.13400045748337291,Lansia rendah - Kemiskinan tinggi,10.6148,10.78,7.68,10889,65.91,2.84,0.45882922,2.967842
Penukal Abab Lematang Ilir,Sumatera Selatan,2024,-1.7310032082215723,-0.7274049185180156,-0.1815880403178791,-0.7730940731004596,0.2985533870780081,-0.392644615366131,Lansia rendah - Kemiskinan tinggi,8.2173,9.82,7.27,9604,69.22,3.72,1.1772528,3.8072286
Musi Rawas Utara,Sumatera Selatan,2024,-2.280872595609678,-0.9556057755150568,0.6515749803314971,0.8802129157262298,-0.828057333306607,-0.4511013407349887,Lansia rendah - Kemiskinan tinggi,9.1597,17.38,7.51,11198,66.6,4.91,1.5431625,1.7346574
Kota Palembang,Sumatera Selatan,2024,1.9186415297256647,-0.642415393276019,0.5756065230517683,1.0389820162770926,-0.5519822938043891,-0.07848770656049775,Lansia tinggi - Kemiskinan tinggi,11.3128,9.77,10.93,16150,72.4,6.98,5.817494,2.0284278
Kota Prabumulih,Sumatera Selatan,2024,0.7070086466821479,-0.9410707757486007,-0.24654791501563864,0.7784254959968988,0.18261250954899189,-0.28206860154005636,Lansia rendah - Kemiskinan tinggi,8.7781,10.13,10.36,13982,71.64,4.94,4.8639727,2.3006315
Kota Pagar Alam,Sumatera Selatan,2024,-0.9999760414800726,-0.342552244658712,-1.3360197818380417,-0.2031380206047,-0.0726647592112203,0.8864743800668767,Lansia tinggi - Kemiskinan rendah,11.2534,8.18,9.44,10245,68.03,2.34,1.5907882,4.5250573
Kota Lubuklinggau,Sumatera Selatan,2024,0.5415383639741377,-0.9475987352295498,-0.03481836905072283,0.8728700979908454,-0.3510858057761222,-0.42517027143148917,Lansia rendah - Kemiskinan tinggi,9.2536,11.14,9.94,14672,70.63,5.29,4.8349986,2.2709737
Bengkulu Selatan,Bengkulu,2024,-1.6147428021307055,-0.23188207400386562,-0.2748308601926842,1.5819521975240043,-0.17859165381964262,0.2816982743467771,Lansia rendah - Kemiskinan tinggi,10.9535,17.1,9.42,11040,68.58,3.25,1.6352744,2.1630387
Rejang Lebong,Bengkulu,2024,-1.5111387474236346,-0.0864606744335453,-0.7387712440154101,0.962760974129417,0.011466229081945589,-0.1784725537909325,Lansia rendah - Kemiskinan tinggi,10.2665,14.65,8.81,11385,69.46,2.43,1.3228177,2.8134255
Bengkulu Utara,Bengkulu,2024,-1.1673336881452216,-0.23655534537418885,-0.761087981604748,0.07238683799669635,-0.2680087055527558,-0.19557837213387297,Lansia rendah - Kemiskinan tinggi,10.3381,10.96,8.32,11715,69.04,2.89,1.3823647,3.3747141
Kaur,Bengkulu,2024,-2.2845427996866903,-0.5103622562964224,0.10735875975296871,1.090217913999314,-0.19307798643506582,0.21545574802246548,Lansia rendah - Kemiskinan tinggi,10.1508,17.12,8.47,9742,67.56,3.71,1.3872846,1.8830072
Seluma,Bengkulu,2024,-2.5501918589347956,-0.07740324332128046,-0.38007588960466177,1.03827238452808,0.156422767793478,-0.0656866554572642,Lansia rendah - Kemiskinan tinggi,10.0617,17.23,8.14,9474,68.58,2.38,1.128879,2.1070237
Mukomuko,Bengkulu,2024,-1.4144049451102751,-0.9341985693989261,-1.2008257934289037,0.12477179601160862,-0.21614914937872867,-0.26247575242526966,Lansia rendah - Kemiskinan tinggi,8.3704,10.76,8.57,11665,67.61,2.41,0.8001562,3.192315
Lebong,Bengkulu,2024,-1.6369132523658991,-0.8439935517211402,-1.3091272347270833,0.04707540900983538,-1.519580263114361,0.33723680350389534,Lansia tinggi - Kemiskinan tinggi,10.9781,10.45,8.41,12362,64.18,2.55,0.4207842,2.7989628
Kepahiang,Bengkulu,2024,-1.748833685476956,-0.26110441286746716,-0.8288504980226918,0.3834759143047249,-0.011238585942301918,-0.07434275774203736,Lansia rendah - Kemiskinan tinggi,9.9352,12.9,8.37,10620,68.66,2.37,0.98827034,2.9782057
Bengkulu Tengah,Bengkulu,2024,-1.638331024523636,-0.47048757862816026,-0.8655971742172223,-0.39734192871502455,-0.007804717197809572,-0.3481578500042233,Lansia rendah - Kemiskinan tinggi,9.0737,10.14,7.71,10672,68.69,2.56,1.0387214,3.5981183
Kota Bengkulu,Bengkulu,2024,1.0519718445203818,-1.1545135521350423,-0.34028979902840595,2.163221566735385,-0.08663858727503,-0.1134175566663057,Lansia rendah - Kemiskinan tinggi,8.9673,13.76,11.84,15542,71.08,5.0,4.9018974,2.1802418
Lampung Barat,Lampung,2024,-1.4493148886994487,-0.3887792502787268,-1.20306948174674,0.05998002371768302,-0.050503373362287544,-0.0055269742956653755,Lansia rendah - Kemiskinan tinggi,9.7597,10.68,8.56,10965,68.45,2.09,0.9118223,3.361602
Tanggamus,Lampung,2024,-1.4967388893830487,0.1301552732397454,-0.36376280691356844,-0.5204921293970904,-0.15540396773601048,-0.19904650079457292,Lansia tinggi - Kemiskinan tinggi,11.0445,10.28,7.38,10524,69.6,3.19,1.404776,3.515022
Lampung Selatan,Lampung,2024,-1.1420844118727478,-0.2702129576855818,0.4942102346458543,0.058870571206691785,-0.059984908100958925,-0.40760742459525234,Lansia rendah - Kemiskinan tinggi,10.0993,12.57,7.78,11133,70.38,4.84,1.9521251,3.3392916
Lampung Timur,Lampung,2024,-1.1229515751446113,0.7069028141859439,-0.25536420614923855,0.4398207870935128,0.09458941866567973,-0.21998019423178924,Lansia tinggi - Kemiskinan tinggi,12.1775,13.19,8.2,11262,71.58,3.02,1.7826653,3.5928304
Lampung Tengah,Lampung,2024,-0.7055977821406677,0.29097462210151015,-0.46240674725144754,-0.08681211021435613,-0.3770857193660957,-0.44834577259954994,Lansia tinggi - Kemiskinan tinggi,11.5543,10.37,7.97,12595,70.6,3.33,1.8604856,3.673666
Lampung Utara,Lampung,2024,-1.5221859422544282,-0.17612663139627643,1.3190934271253578,0.9507352776258169,0.028046896606641076,0.17485307411860324,Lansia tinggi - Kemiskinan tinggi,11.1886,16.92,8.38,9837,70.18,5.85,2.24871,1.8018584
Way Kanan,Lampung,2024,-1.3391505292045909,-0.022769083943985607,-0.35582576814818523,-0.36849005885717007,0.14730147645950256,-0.22064369996788108,Lansia rendah - Kemiskinan tinggi,10.3336,10.43,7.75,10439,70.21,3.27,1.4233856,3.6810808
Tulangbawang,Lampung,2024,-0.7268522765425043,-0.2925061742252689,-0.6869456439876143,-0.7351644710868769,0.014885525656464546,-0.7354445118401783,Lansia rendah - Kemiskinan rendah,9.2296,7.88,7.65,12122,70.6,3.23,2.006177,3.9486015
Pesawaran,Lampung,2024,-1.475496374680756,-0.030309574192823718,0.3427451919436111,-0.17260523340372497,0.2562441672092705,0.2707756123806991,Lansia tinggi - Kemiskinan tinggi,11.059,11.86,8.0,9190,70.17,4.36,1.8132157,3.3945913
Pringsewu,Lampung,2024,-0.24278622670889433,0.1051723331142594,-0.07775531602315885,-0.4392674086347123,-0.018781604163591935,0.09423194881503623,Lansia tinggi - Kemiskinan rendah,11.7048,8.32,8.53,11543,71.26,4.39,3.4247618,5.0326133
Mesuji,Lampung,2024,-1.5190260011603824,-0.4121824536589744,-0.803871340530437,-1.4573277754007277,0.21803445137541094,-0.10371908350463126,Lansia rendah - Kemiskinan rendah,9.3088,6.31,7.21,9454,69.09,2.85,1.3530132,3.9790585
Tulang Bawang Barat,Lampung,2024,-0.8859416447104583,0.10531075743669717,-0.06854045138423538,-1.093898248019199,0.20618681795977495,0.28717016030593145,Lansia tinggi - Kemiskinan rendah,11.492,7.22,7.8,9646,70.68,4.12,3.440312,5.111913
Pesisir Barat,Lampung,2024,-2.245823107978257,-1.1080344520841257,-0.7611675678656656,0.29205140930404744,-0.6197845119049755,0.7637916676167785,Lansia rendah - Kemiskinan tinggi,9.8325,12.64,8.73,9550,64.74,3.04,0.6675208,2.34282
Kota Bandar Lampung,Lampung,2024,1.73847397541646,-0.8702664484307732,0.7762700663738592,0.32034330450607507,-0.027500463597574833,0.5856327115605237,Lansia tinggi - Kemiskinan rendah,11.0704,7.37,10.99,13667,72.28,7.44,5.7236347,1.817393
Kota Metro,Lampung,2024,1.1046687183534643,-0.09700159655224093,-0.9700393204547048,0.3310474171419617,0.3828691580490852,0.5625330708985431,Lansia tinggi - Kemiskinan rendah,11.5405,6.78,11.01,13092,72.49,3.71,6.787728,3.1943097
Bangka,Kep. Bangka Belitung,2024,0.6529023309769624,-0.35251764504559135,-0.2560531667645526,-1.1265376220618815,-0.09820124844695037,-0.380649983576897,Lansia rendah - Kemiskinan rendah,10.2909,4.24,8.45,13205,71.85,4.91,5.008845,3.544881
Belitung,Kep. Bangka Belitung,2024,0.763696931195007,0.08888827814152371,-0.7572477522464489,-0.3738257573871777,-0.3890825449724059,-0.35309939924718453,Lansia tinggi - Kemiskinan rendah,11.5937,6.11,9.05,14449,71.8,3.88,5.971136,3.4853265
Bangka Barat,Kep. Bangka Belitung,2024,0.30978968374631116,-0.7300146283815852,-0.3504095981254676,-1.8049112972107237,-0.34094328759521114,-0.7354196748495873,Lansia rendah - Kemiskinan rendah,9.0873,2.59,7.48,13199,70.63,4.88,4.050973,3.733178
Bangka Tengah,Kep. Bangka Belitung,2024,0.0629010762996325,-0.38395760483998953,-0.32104315589625876,-1.1416617844154482,0.055146000664336364,-1.4238187304736782,Lansia rendah - Kemiskinan rendah,8.3404,5.94,7.24,13677,72.4,4.23,4.00374,3.7745776
Bangka Selatan,Kep. Bangka Belitung,2024,-0.29516648620225006,-1.0320995528415529,-0.22221754871095814,-1.8359814354110384,-0.5109919362661882,-0.8625176890909335,Lansia rendah - Kemiskinan rendah,8.2876,3.74,6.93,12718,69.29,4.94,3.8908722,3.64891
Belitung Timur,Kep. Bangka Belitung,2024,0.25799175310897204,0.42824082490435483,-1.1262048271050111,-0.4615340130139619,0.38600017056098657,-0.23660463354906963,Lansia tinggi - Kemiskinan rendah,11.2809,6.36,8.99,12610,72.9,2.63,2.3945878,5.1503386
Kota Pangkal Pinang,Kep. Bangka Belitung,2024,2.6886047584445874,-0.4705262011043283,-0.22112608832641145,-0.05728459379620145,-0.027807803051497822,-0.5132604125688904,Lansia rendah - Kemiskinan rendah,10.3901,4.04,10.67,16750,74.56,5.98,7.3017583,1.8450232
Karimun,Kep. Riau,2024,0.833203195837652,-0.20911770248953931,0.12047305345901045,-0.6769808563929951,-0.13343598202914156,-0.15620749495520397,Lansia tinggi - Kemiskinan rendah,11.1626,5.78,8.91,13287,72.24,5.52,5.4723573,3.5342722
Bintan,Kep. Riau,2024,0.9516137767999074,-0.8077369282472698,-0.6868273091461076,-0.4465171750495017,-0.31408885496482286,-0.7332706253680507,Lansia rendah - Kemiskinan rendah,8.988,5.44,9.15,15078,71.26,4.53,5.29664,3.4224348
Natuna,Kep. Riau,2024,0.36993842082433886,-1.4164617621222293,-1.3565418339981152,-0.4667191804186686,-1.458427376988493,-0.2552554316107908,Lansia rendah - Kemiskinan rendah,9.3388,5.04,9.2,15560,66.46,3.89,3.6221354,3.3705416
Lingga,Kep. Riau,2024,-1.5969299198138778,-0.536467126314429,-0.8267522531517276,-0.31573914041600226,-2.1342991751590934,0.2692654456753514,Lansia tinggi - Kemiskinan tinggi,12.5218,9.99,7.6,12906,63.78,3.38,0.37917432,2.7809718
Kepulauan Anambas,Kep. Riau,2024,-0.8844512627640714,-0.49137012345294095,-1.3589460422306778,-0.9073359533214582,-0.6130995553768616,-0.710021509161423,Lansia rendah - Kemiskinan rendah,9.3448,6.67,7.53,12983,68.42,2.38,1.7773604,4.1830144
Kota Batam,Kep. Riau,2024,3.4538321382076864,-2.13298001870319,0.1437493344688193,0.4915109133450135,-0.12776253411267394,-1.5842051825619357,Lansia rendah - Kemiskinan rendah,5.5517,4.85,11.21,19668,74.15,7.68,7.626303,1.253519
Kota Tanjung Pinang,Kep. Riau,2024,1.9675311030304288,-0.31060100838205,-0.6929929515649044,0.5381988902122825,-0.2508186567466387,-0.4930101195280038,Lansia rendah - Kemiskinan rendah,10.7071,6.86,10.67,16663,73.21,4.69,7.0337973,2.1278107
Kep. Seribu,DKI Jakarta,2024,0.29179407799736445,-1.6373496180823561,1.4244699783729482,0.8163799845056832,-0.5750477286509706,-0.5620751066377159,Lansia rendah - Kemiskinan tinggi,8.1502,13.03,9.26,14110,69.82,7.93,4.2951145,2.1842773
Kota Jakarta Selatan,DKI Jakarta,2024,5.058731431509774,-0.1834312455296909,-1.4460928399193518,1.1127644261093725,-1.7524413967239227,-1.784344894210188,Lansia tinggi - Kemiskinan rendah,11.7757,3.03,11.95,25573,75.12,5.22,7.892445,1.4534853
Kota Jakarta Timur,DKI Jakarta,2024,3.9243929845735934,-0.5752722153411756,-0.08234446663868004,0.62430210539394,-0.32926865731941074,-0.4795732979943708,Lansia tinggi - Kemiskinan rendah,11.0108,4.09,11.99,19193,75.42,6.95,7.77047,1.5153639
Kota Jakarta Pusat,DKI Jakarta,2024,3.5708652946702593,0.19110746319202346,-0.20411940429994455,0.5790273617057945,-0.5658130070292896,-0.20000622672057902,Lansia tinggi - Kemiskinan rendah,13.3122,4.63,11.61,18661,75.3,6.24,7.953959,1.6863815
Kota Jakarta Barat,DKI Jakarta,2024,4.045332116750132,-0.4841426943875679,-0.6163870245717898,0.646774764675943,-1.2467724963999278,-1.3207408394024887,Lansia tinggi - Kemiskinan rendah,11.0537,3.94,11.24,22119,74.41,6.18,7.901194,1.4428421
Kota Jakarta Utara,DKI Jakarta,2024,3.132548017788037,-0.5212532120527898,-0.2522789172465242,0.7892664262817624,-0.8849908314419705,-1.1491447544297113,Lansia rendah - Kemiskinan rendah,10.5935,6.44,10.85,20032,74.0,6.18,7.8767776,1.5064151
Bogor,Jawa Barat,2024,0.3794062965302423,-1.0263618918230486,1.2047466196483874,-0.8715433860079383,0.35195854159039736,-0.3106394520558264,Lansia rendah - Kemiskinan rendah,8.6618,7.05,8.39,11563,72.2,7.34,4.6717753,4.1525407
Sukabumi,Jawa Barat,2024,-0.26079899329951683,-0.0823467030802528,1.4830795418410359,-1.4370700202402218,0.15846587287342126,0.13005087411033592,Lansia tinggi - Kemiskinan rendah,11.5749,6.87,7.34,9815,72.11,7.11,4.5802813,4.825921
Cianjur,Jawa Barat,2024,-1.1483796339349086,-0.0992658906077586,1.1665305175913587,-0.8335542086738397,0.2375231469610345,0.13634795761057247,Lansia tinggi - Kemiskinan tinggi,11.0837,10.14,7.33,9026,71.0,5.99,4.291093,4.965134
Bandung,Jawa Barat,2024,0.8844405856080292,-0.3129712021278598,0.7562993193135483,-0.7218292887654107,0.9401770975111339,-0.08065811232675606,Lansia rendah - Kemiskinan rendah,9.8879,6.19,9.15,11392,74.59,6.36,5.0238385,3.762218
Garut,Jawa Barat,2024,-0.6008078820437597,-0.4835265840777499,1.5343099511450846,-0.7627243577995567,0.683142867481359,0.03053192456176488,Lansia rendah - Kemiskinan tinggi,9.7745,9.68,7.85,9168,72.32,6.96,4.5293126,5.000072
Tasikmalaya,Jawa Barat,2024,-1.3189788776203941,0.832249292963333,0.07021594795905957,-0.48984231513062443,-0.004223990701221003,0.7765782255909158,Lansia tinggi - Kemiskinan tinggi,14.0361,10.23,7.97,8965,70.44,3.74,3.712952,5.8977604
Ciamis,Jawa Barat,2024,-0.3449740443037384,2.0139112098455247,-0.15116435295072056,-0.8489929419034773,-0.10311480633299074,0.9159150104200814,Lansia tinggi - Kemiskinan rendah,17.2806,7.39,8.1,10085,72.92,3.37,5.3427167,7.1348977
Kuningan,Jawa Barat,2024,0.004541017968281502,0.7700231778582789,2.262291527152809,-0.20364529858417935,0.2990093983372727,0.09739518579001398,Lansia tinggi - Kemiskinan tinggi,13.642,11.88,7.9,10418,74.57,7.78,4.965496,5.5385666
Cirebon,Jawa Barat,2024,-0.24330066704675576,-0.19556014469638627,1.4412686337667218,-0.3240143842825166,0.28814009491960174,-0.6718494041873427,Lansia rendah - Kemiskinan tinggi,10.0196,11.0,7.65,11529,73.09,6.74,4.676266,5.036206
Majalengka,Jawa Barat,2024,-0.977149444798276,0.930274903878072,0.22025146923300426,-0.35009900385211873,-0.251637234808829,0.03637716635600921,Lansia tinggi - Kemiskinan tinggi,13.674,10.82,7.53,10842,71.36,4.01,3.8161347,5.965483
Sumedang,Jawa Barat,2024,0.46882261514426077,1.051982551768966,1.0483466399559056,-0.26647313055398086,-0.14799037649391644,0.5521270346853665,Lansia tinggi - Kemiskinan tinggi,15.2571,9.1,8.74,11589,73.5,6.16,5.653168,5.734372
Indramayu,Jawa Barat,2024,-0.7587847575943188,0.31857401246084743,1.4601219193852897,-0.41782035031396325,0.08950735389172358,-0.6625299987726473,Lansia tinggi - Kemiskinan tinggi,11.3066,11.93,6.95,11010,72.82,6.25,4.694125,5.4416986
Subang,Jawa Barat,2024,0.13241899220220926,0.848586781447786,1.4938466818038818,-0.6413770631513209,-0.252637700119541,-0.20629985717835425,Lansia tinggi - Kemiskinan tinggi,13.8787,9.49,7.46,11894,73.57,6.73,5.2610965,5.6375437
Purwakarta,Jawa Barat,2024,0.49578408772174354,-0.6105798697326661,1.2723955617284548,-0.5398906561399092,-0.26197435071636954,-0.5491015925162682,Lansia rendah - Kemiskinan rendah,10.1119,8.41,8.14,13099,72.04,7.34,4.6681695,4.1891184
Karawang,Jawa Barat,2024,0.7665339961932723,-0.5530120481909913,1.6621225750966135,-0.719097661750644,-0.03916122025693024,-0.6173688903673415,Lansia rendah - Kemiskinan rendah,10.0667,7.86,8.05,12942,73.19,8.04,4.7296023,4.4434843
Bekasi,Jawa Barat,2024,1.8128757975198653,-1.4724878359094153,1.5589415047286392,-0.7872782376703326,0.9450012995609394,-0.2582239029974538,Lansia rendah - Kemiskinan rendah,7.5153,4.8,9.76,12500,74.65,8.82,5.694408,1.458228
Bandung Barat,Jawa Barat,2024,-0.3403649996876548,-0.0449535816497264,1.4797965749949034,-0.4021635333470458,0.7633959052185423,0.08376310556502685,Lansia rendah - Kemiskinan tinggi,10.8178,10.49,8.24,9583,73.4,6.7,4.667904,5.0563827
Pangandaran,Jawa Barat,2024,-0.9623163958072808,2.1981649599925395,-0.9096447190260092,-0.5451295373529804,0.07947342590073751,0.8384431817398428,Lansia tinggi - Kemiskinan rendah,16.9372,8.75,8.1,9654,72.46,1.58,5.2385726,7.2202816
Kota Bogor,Jawa Barat,2024,2.0905721039403105,-0.5345238836459246,1.2879003036547176,-0.007099181771512529,0.5265647692552667,0.40068556836636027,Lansia tinggi - Kemiskinan rendah,11.136,6.53,10.71,13154,74.79,8.13,5.9571266,1.5025175
Kota Sukabumi,Jawa Barat,2024,1.5798485265261963,-0.6285989553583249,1.48393307466098,-0.10170395734084986,0.2985170531797737,0.6649048931265559,Lansia tinggi - Kemiskinan rendah,11.4908,7.2,10.38,12252,73.4,8.34,5.805516,1.6544392
Kota Bandung,Jawa Barat,2024,3.688338061377316,-0.11102276115826384,0.34889700654018546,0.1969520486505043,-0.6525464800591372,-0.4546823994295628,Lansia tinggi - Kemiskinan rendah,12.5742,3.87,11.07,18795,75.37,7.4,7.714938,1.5757506
Kota Cirebon,Jawa Barat,2024,1.216247314186757,-0.18562126097446902,0.5825177796807015,0.46592385170760275,0.3048144949681983,0.4329494272687173,Lansia tinggi - Kemiskinan tinggi,11.7781,9.02,10.53,12869,73.38,6.29,5.7007675,2.2980313
Kota Bekasi,Jawa Barat,2024,3.576603946708834,-0.6819219596440318,0.5637352649064874,0.2619701526671107,0.28030844574609864,-0.10256558603241885,Lansia rendah - Kemiskinan rendah,10.6236,4.01,11.79,16775,76.02,7.82,7.2766194,1.4726249
Kota Depok,Jawa Barat,2024,3.3214851699394923,-0.6667757371571932,-0.30544234728444153,-0.08272722425251294,0.390363342038853,-0.22148244793756122,Lansia rendah - Kemiskinan rendah,9.9928,2.34,11.59,16640,75.54,6.27,7.3837223,1.772971
Kota Cimahi,Jawa Barat,2024,2.7999251910962677,-0.8575371369356499,1.4012361302877057,-0.16508074484194635,0.6532861154355593,0.7666300658681336,Lansia tinggi - Kemiskinan rendah,11.0076,4.39,11.52,13278,75.12,8.97,6.0136123,1.4698133
Kota Tasikmalaya,Jawa Barat,2024,0.40382126373880983,-0.022078201715435977,1.078958767174714,0.40285678593316276,0.4186638620555679,0.34739221916116625,Lansia tinggi - Kemiskinan tinggi,11.7939,11.1,9.63,11431,73.22,6.49,5.5380087,2.5739722
Kota Banjar,Jawa Barat,2024,0.5646783717718992,0.621031970605104,0.31461746219804115,-0.8298821222713187,-0.3094161346365708,0.6538371652827344,Lansia tinggi - Kemiskinan rendah,14.4115,5.85,8.83,11811,72.08,5.44,5.7750373,5.32054
Cilacap,Jawa Tengah,2024,0.32036741627207516,0.9606408438249799,2.1970441841716433,-0.4736297159018538,-0.14606618251713974,-0.28162246934268137,Lansia tinggi - Kemiskinan tinggi,14.1739,10.68,7.4,11868,74.68,7.83,5.08933,5.5349717
Banyumas,Jawa Tengah,2024,0.2768967212726917,1.2538547077801812,1.3404450901214462,0.1403247190108839,-0.28492973957903434,-0.38607598941892235,Lansia tinggi - Kemiskinan tinggi,14.5967,11.95,7.91,12960,74.44,6.18,5.484304,5.851436
Purbalingga,Jawa Tengah,2024,-0.8111576698734642,1.2782780843101293,1.0649405320223662,0.27404465879714324,0.07543251911768202,-0.49944775641748185,Lansia tinggi - Kemiskinan tinggi,13.6183,14.18,7.36,11343,73.82,4.96,5.044128,6.3342695
Banjarnegara,Jawa Tengah,2024,-0.9200800756260263,1.6006221394989386,1.6191832775223804,0.11134586675941095,0.25940211527383616,-0.5317564263100342,Lansia tinggi - Kemiskinan tinggi,14.2148,14.71,6.87,10595,74.88,5.57,4.9842625,6.250936
Kebumen,Jawa Tengah,2024,-0.9376855945383213,1.5733663446292478,1.302571316428164,0.6402873127319432,0.3548496866712427,0.004095475359023069,Lansia tinggi - Kemiskinan tinggi,14.6964,15.71,7.87,10176,74.32,5.07,5.140193,6.4374094
Purworejo,Jawa Tengah,2024,0.2366042850734836,2.426841499558656,0.3355312056055013,0.17588635185742574,0.20727566470850772,0.3980192376708526,Lansia tinggi - Kemiskinan tinggi,17.4394,10.87,8.65,11584,75.76,3.89,6.006658,6.9498043
Wonosobo,Jawa Tengah,2024,-1.3016173487111486,1.2674049571064425,0.6336311334350391,0.42293549370421085,-0.33351179267354086,-0.7973123532241783,Lansia tinggi - Kemiskinan tinggi,13.4047,15.28,6.9,11980,72.44,4.02,4.7762866,6.470067
Magelang,Jawa Tengah,2024,-0.45375760151269945,1.8126973430785114,0.19894580536800532,-0.1843268436516298,0.36127532960253816,-0.06484060192248908,Lansia tinggi - Kemiskinan tinggi,14.9243,10.83,7.83,10926,74.66,3.55,6.109593,6.686785
Boyolali,Jawa Tengah,2024,0.6842720401466136,2.1511553383657893,-0.24321237998708867,0.057889958181070844,0.1452123562871574,-0.8046106365857187,Lansia tinggi - Kemiskinan tinggi,15.1296,9.63,8.17,14195,76.65,3.16,6.6370044,6.3279915
Klaten,Jawa Tengah,2024,0.9209631157849114,2.3043962160833615,0.2756265134427036,0.8308863316945552,0.4187658067423939,-0.19591832967942066,Lansia tinggi - Kemiskinan tinggi,16.2459,12.04,9.29,13513,77.46,3.97,6.8052344,6.369868
Sukoharjo,Jawa Tengah,2024,1.5192626330292278,1.8382502483541496,-0.2776422937551319,0.132966107071128,1.1657934084244426,0.048860761755204256,Lansia tinggi - Kemiskinan rendah,14.5803,7.47,10.01,12758,78.38,3.65,6.9087114,6.0294666
Wonogiri,Jawa Tengah,2024,-0.24599787848566346,3.8729110184937663,0.03566015914553807,-0.20938952463555657,0.16736547718450698,0.5450813826829348,Lansia tinggi - Kemiskinan tinggi,20.7554,10.71,7.68,10634,76.9,2.4,5.821531,7.4807477
Karanganyar,Jawa Tengah,2024,0.9982597637851123,2.203913680422757,-0.06868701528887826,0.2889886256247638,0.9154563347764623,-0.19330543272998466,Lansia tinggi - Kemiskinan tinggi,15.2978,9.59,9.26,12732,78.16,3.47,6.828275,6.3865876
Sragen,Jawa Tengah,2024,0.2740159485266209,2.407037820818184,0.22455540318423445,0.45318501081445656,-0.058311763764608636,-0.7670878088300108,Lansia tinggi - Kemiskinan tinggi,16.0537,12.41,7.88,13890,76.38,3.53,6.5149574,6.5655637
Grobogan,Jawa Tengah,2024,-0.5379575503009776,1.9025617767854155,0.15732962998137123,-0.17627435257681323,0.45737638961708643,-0.6669730498729253,Lansia tinggi - Kemiskinan tinggi,14.1126,11.43,7.29,11548,75.47,3.23,6.237893,6.632629
Blora,Jawa Tengah,2024,-0.5734507244436909,2.3244243488379253,0.47173001049739144,-0.26996971081997645,0.18158391231781665,-0.14320188896599192,Lansia tinggi - Kemiskinan tinggi,16.2578,11.42,7.26,10926,75.15,3.67,6.068358,6.984956
Rembang,Jawa Tengah,2024,-0.7110449404051087,2.043709547092821,0.06922550367243717,0.5330480428648743,0.3606064406796754,-0.5848682837532213,Lansia tinggi - Kemiskinan tinggi,14.6043,14.02,7.73,11830,75.19,2.84,5.9517055,6.9057302
Pati,Jawa Tengah,2024,0.25883160858164334,2.089351687241398,0.30007689275544486,-0.42290752994880365,0.5806698531731385,-0.3842178815183891,Lansia tinggi - Kemiskinan tinggi,15.0694,9.17,7.82,11829,76.76,3.87,6.3410835,6.5908766
Kudus,Jawa Tengah,2024,0.9627157611396027,1.153495913430678,-0.5539765657289238,-0.1619768753457237,1.282700744154583,-0.47448350699644587,Lansia tinggi - Kemiskinan rendah,11.8625,7.23,9.35,12533,77.25,3.19,6.789501,5.931048
Jepara,Jawa Tengah,2024,0.49391840076843047,1.193949259081618,-0.37264426773190695,-0.8609515913505724,1.085010789037565,-0.5433040645513543,Lansia tinggi - Kemiskinan rendah,12.0117,6.09,8.27,11729,76.46,3.34,6.4964027,6.0764594
Demak,Jawa Tengah,2024,-0.02394074089095987,0.8936647082486883,0.6849365765409643,0.1977290686129908,0.9615979457360649,-0.6992118003513714,Lansia tinggi - Kemiskinan tinggi,11.4515,11.89,8.28,11591,75.97,4.75,5.9059906,5.961648
Semarang,Jawa Tengah,2024,0.8152066020287205,1.587567683664204,-0.17452956689468585,-0.5822690271698229,0.4045544209436821,-0.6649581584949159,Lansia tinggi - Kemiskinan rendah,13.7644,6.96,8.16,13377,76.34,3.73,6.5926423,6.1262584
Temanggung,Jawa Tengah,2024,-0.3819483289755507,2.3651820719534404,-0.3408325736633652,-0.6867721784839838,0.7719033080221448,-0.1723472953659394,Lansia tinggi - Kemiskinan rendah,15.3575,8.67,7.53,10519,76.16,2.35,6.2709265,6.7785
Kendal,Jawa Tengah,2024,0.40345108255760875,1.0945652312742513,0.5767563097835313,-0.342754028902045,0.07343099437837454,-0.8016307869035387,Lansia tinggi - Kemiskinan tinggi,12.9783,9.35,7.74,13277,75.02,5.01,5.9330926,5.8361773
Batang,Jawa Tengah,2024,-0.10521749685058161,0.9950651180199628,1.1290346851345205,-0.9611283121987446,0.5685448077208878,-0.5926714052770153,Lansia tinggi - Kemiskinan rendah,12.4311,8.73,7.08,10919,75.3,5.67,5.3307595,5.6349945
Pekalongan,Jawa Tengah,2024,-0.3877844950217222,1.0265775282731664,-0.18790547328884258,-0.5968736678565607,0.5192987055046993,-0.749009477103898,Lansia tinggi - Kemiskinan tinggi,11.8471,8.95,7.48,11701,74.32,3.3,6.1261554,6.0623064
Pemalang,Jawa Tengah,2024,-1.140735809157913,0.8230956290137189,2.1181519551707257,-0.07204372724793877,0.43281474264845904,-0.7522382524314367,Lansia tinggi - Kemiskinan tinggi,11.9927,14.92,6.56,10017,74.29,6.63,4.715691,5.8467836
Tegal,Jawa Tengah,2024,0.054523769602309737,-0.32317656892588886,1.5699089316353534,-1.347297449168316,-0.007297193055349052,-0.20252789644806055,Lansia rendah - Kemiskinan rendah,10.8864,6.81,7.36,10972,72.2,7.53,4.603607,4.7375255
Brebes,Jawa Tengah,2024,-1.2372569611434525,-0.2067176789444478,2.6398780889786475,0.03225515886069151,-0.821891899850636,-0.6719314892723376,Lansia tinggi - Kemiskinan tinggi,11.4809,15.6,6.41,11389,70.34,8.35,4.5825686,5.6071987
Kota Magelang,Jawa Tengah,2024,2.432380725108158,1.8698247757780468,-0.30324705352151693,0.383389310250297,0.6575687559606473,0.9556931549986861,Lansia tinggi - Kemiskinan rendah,16.8601,5.94,11.43,13619,77.62,4.4,7.7078795,2.7685583
Kota Surakarta,Jawa Tengah,2024,2.7086105691513325,1.6077108235953603,-0.22512526153064472,1.0404444109826632,0.32478987825263644,-0.0574381561955178,Lansia tinggi - Kemiskinan rendah,15.3601,8.31,11.25,16291,78.02,4.61,7.8670506,2.4453971
Kota Salatiga,Jawa Tengah,2024,3.2341847733580127,1.2785577252047309,-0.9872921176492038,0.5019596536886017,0.5186408086760572,-0.29009314102055406,Lansia tinggi - Kemiskinan rendah,13.9435,4.57,11.48,17096,78.32,3.86,7.842605,2.317935
Kota Semarang,Jawa Tengah,2024,3.4264927079602656,0.7447565245361547,-0.05331741726074716,0.13985989624716133,0.45437964756763827,-0.44333323163248717,Lansia tinggi - Kemiskinan rendah,12.9353,4.03,11.05,16990,78.3,5.82,7.742363,1.9809498
Kota Pekalongan,Jawa Tengah,2024,1.4178137867309382,0.3573202497173461,-0.0801094078467189,-0.166507057247332,0.29471692595273685,-0.6203085394804579,Lansia tinggi - Kemiskinan rendah,11.3761,6.71,9.34,14547,75.06,4.91,6.176347,3.364461
Kota Tegal,Jawa Tengah,2024,1.4302490595252233,0.279197573698463,0.48228958811321304,-0.06843988095227835,0.23055077050369138,-0.5582981901716266,Lansia tinggi - Kemiskinan rendah,11.5497,7.64,9.28,14358,75.1,5.88,5.960403,3.1506987
Kulon Progo,DI Yogyakarta,2024,-0.5008923850707331,3.228430370663127,-0.19361317046188373,1.3352230403254806,0.30814401538944614,0.7022746827508741,Lansia tinggi - Kemiskinan tinggi,19.201,15.62,9.2,10990,75.72,2.01,5.802346,7.632389
Bantul,DI Yogyakarta,2024,1.3542357985248556,1.7429352066072976,-0.451301395210062,1.2628477153395123,-0.8743168675762678,-0.3836878385127556,Lansia tinggi - Kemiskinan tinggi,16.2437,11.66,9.81,16851,74.36,3.62,6.7699137,5.548527
Gunung Kidul,DI Yogyakarta,2024,-1.1773204852224333,3.838729563295031,0.181658606003782,0.5459034882575963,-0.41756186161206826,0.529215521466143,Lansia tinggi - Kemiskinan tinggi,21.1693,15.18,7.35,10630,74.68,2.16,5.6484537,7.6846232
Sleman,DI Yogyakarta,2024,2.673814976293874,1.2421595736421063,-0.7873112889924665,1.0323177734626268,-0.47781394618763245,-0.005231521977177995,Lansia tinggi - Kemiskinan rendah,15.4283,7.46,11.33,17586,75.44,4.13,7.911973,2.3311677
Kota Yogyakarta,DI Yogyakarta,2024,3.9851997037803963,1.0662955221270163,-0.4108228172724189,1.2970193813433848,-1.390595835010831,0.0371509290528369,Lansia tinggi - Kemiskinan rendah,16.7654,6.26,12.12,20603,75.16,5.8,8.053542,1.8666153
Pacitan,Jawa Timur,2024,-1.211658119610152,3.379734168170422,-0.43168396088400685,0.2903204187792497,-0.42854336602077286,0.9869013845896067,Lansia tinggi - Kemiskinan tinggi,20.5782,13.08,7.9,10099,73.09,1.56,5.6540346,7.7180557
Ponorogo,Jawa Timur,2024,-0.09820453525528623,2.6472964785475748,0.4723093808865737,-0.548287345855625,-0.529665467137305,0.7989410093224865,Lansia tinggi - Kemiskinan tinggi,19.3777,9.11,7.8,11065,73.82,4.19,5.869106,7.2872567
Trenggalek,Jawa Timur,2024,-0.20080003535166305,2.5858068299104877,0.4572317021006188,-0.231975774729429,-0.04804674088845722,0.5038436226080509,Lansia tinggi - Kemiskinan tinggi,18.1758,10.5,7.92,10872,74.88,3.9,5.9378815,7.225922
Tulungagung,Jawa Timur,2024,0.7600291394351709,1.874073628092815,-0.004447290459309596,-0.6943649627019567,0.1498665178005405,0.42147309124943755,Lansia tinggi - Kemiskinan rendah,16.3223,6.28,8.68,11966,75.18,4.12,6.158179,6.247552
Blitar,Jawa Timur,2024,0.33153357367512926,1.8610105633451677,0.5376155004559942,-0.641442957571975,-0.16891522066360504,0.12541151427396863,Lansia tinggi - Kemiskinan rendah,16.3164,8.16,7.87,12020,74.61,4.77,5.8685207,6.3133416
Kediri,Jawa Timur,2024,0.20281966911672805,1.2832812304997427,0.6213183446766826,-0.14117583400986952,-0.27375815849189494,0.05576602522198559,Lansia tinggi - Kemiskinan tinggi,15.0249,9.95,8.26,12388,73.53,5.1,5.783676,5.9934516
Malang,Jawa Timur,2024,-0.09638936400473735,1.272188188251576,0.7198213998234576,-0.6151969797900858,-0.060225413102203564,0.14981519162140794,Lansia tinggi - Kemiskinan tinggi,14.7958,8.98,7.8,11190,73.5,5.13,5.687305,5.8120103
Lumajang,Jawa Timur,2024,-1.0304897525444028,1.660912761445906,-0.11185623300919255,-0.9026344010363284,-0.4688897139854966,0.5603511859691684,Lansia tinggi - Kemiskinan rendah,16.2347,8.65,7.27,10124,71.19,3.28,4.7583165,7.062518
Jember,Jawa Timur,2024,-1.365404922055606,1.327208172957612,-0.13502416957103214,-1.0405817826831028,-0.7317338832032467,0.04310290500767018,Lansia tinggi - Kemiskinan tinggi,14.9583,9.01,6.54,10700,70.25,3.23,4.5176444,6.9528213
Banyuwangi,Jawa Timur,2024,0.21014917194608082,1.3474272396492273,-0.22203433536862904,-0.8525334570355044,-0.9955928566620922,0.09266731990714028,Lansia tinggi - Kemiskinan rendah,15.8645,6.54,7.78,13320,71.61,4.03,5.78706,6.193026
Bondowoso,Jawa Timur,2024,-1.762979110404851,1.4045831539233913,0.15556677740306615,-0.27593894830040383,-1.7694464043469513,0.24716053277941585,Lansia tinggi - Kemiskinan tinggi,16.7219,12.6,6.53,11689,67.81,3.63,4.5029063,6.8440523
Situbondo,Jawa Timur,2024,-1.3697079449237952,1.8121282540789805,-0.029953565907705718,-0.3541746679261882,-1.0703671129796657,0.2820015362783689,Lansia tinggi - Kemiskinan tinggi,16.8768,11.51,6.93,11216,70.16,3.15,4.656485,7.011127
Probolinggo,Jawa Timur,2024,-2.2632587246842233,1.116812053711546,0.0819827212233344,0.4881419850168782,-1.4243305778889657,-0.6064443531778162,Lansia tinggi - Kemiskinan tinggi,14.2485,16.45,6.31,12258,68.33,3.0,4.402588,6.670413
Pasuruan,Jawa Timur,2024,-0.4950393405575167,0.4389618990410746,0.4417298685100339,-0.7793755534359809,-0.4594099547281597,-0.10135012991720721,Lansia tinggi - Kemiskinan rendah,12.8294,8.63,7.46,11617,71.04,5.02,3.7407372,5.445389
Sidoarjo,Jawa Timur,2024,2.676110492785004,-0.18553855692765284,0.1656179689010848,0.0023862500157898025,0.09157595381047466,-0.020246360427078832,Lansia tinggi - Kemiskinan rendah,11.7102,4.53,10.91,15710,74.94,6.49,7.2705398,1.8171382
Mojokerto,Jawa Timur,2024,0.6023896955207786,0.915704953128911,-0.3208699643593546,0.25756579824924475,-0.15086614577453875,-0.23900890482291456,Lansia tinggi - Kemiskinan tinggi,13.4406,9.37,9.13,13903,73.5,3.87,6.386996,5.4475236
Jombang,Jawa Timur,2024,0.2560501045151392,1.0472830112618035,-0.2604081595310794,-0.155214102590784,0.07429712513948268,0.014103717610073077,Lansia tinggi - Kemiskinan rendah,13.7235,8.6,8.78,12454,73.47,3.75,6.307988,5.708408
Nganjuk,Jawa Timur,2024,0.0583301098590381,1.4835699063655117,-0.06213585962681768,0.046715245433919486,-0.6960504483303933,-0.041281204025505495,Lansia tinggi - Kemiskinan tinggi,15.6227,10.17,8.25,13376,72.52,3.87,5.7570386,6.42079
Madiun,Jawa Timur,2024,0.02846444625782993,2.2263906216071203,0.36677571840187567,0.0324849037398516,-1.0320426647593357,0.6001304653717545,Lansia tinggi - Kemiskinan tinggi,18.7837,10.63,8.2,12668,72.52,4.34,5.719122,7.117758
Magetan,Jawa Timur,2024,0.37473134485977766,2.6837985761481478,-0.23701257575612178,0.032064212164505626,-0.8261096517688382,0.7539103428131856,Lansia tinggi - Kemiskinan tinggi,19.7015,9.32,8.69,12915,73.54,3.28,5.7243686,7.3678403
Ngawi,Jawa Timur,2024,-0.70000827156602,2.8542941948952185,-0.18336778136673987,0.6021129684715264,-0.6779268413657709,0.15884453452742445,Lansia tinggi - Kemiskinan tinggi,18.7546,13.81,7.84,12414,73.44,2.4,5.6485004,7.613548
Bojonegoro,Jawa Timur,2024,-0.6277942445706051,1.7560176694993803,0.6233816401306461,-0.12582159953698,-0.3967221363545333,0.21167189564314587,Lansia tinggi - Kemiskinan tinggi,16.2303,11.69,7.59,11204,72.81,4.42,5.384208,6.763773
Tuban,Jawa Timur,2024,-0.9357581055437478,1.7034670836004402,0.7053643458509289,0.41851491951206404,-0.4609317520653211,-0.06607196305947506,Lansia tinggi - Kemiskinan tinggi,15.7365,14.36,7.53,11579,72.59,4.28,5.2101326,6.735408
Lamongan,Jawa Timur,2024,-0.05610622766954889,1.776219828321033,0.4290442199116142,0.4110786256404685,-0.39904442145997027,0.21900713015577997,Lansia tinggi - Kemiskinan tinggi,16.4105,12.16,8.48,12419,73.46,4.34,5.627426,6.7571
Gresik,Jawa Timur,2024,1.280454565340719,-0.0011466223225798304,0.7468146333899182,0.6856494123004576,-0.10881587974367314,-0.1027628951357484,Lansia tinggi - Kemiskinan tinggi,12.0361,10.32,10.03,14356,73.56,6.45,5.727858,2.3109953
Bangkalan,Jawa Timur,2024,-2.4333247760086034,0.6795560405677447,1.6804494648597,0.4843762093027029,-0.2194064436908068,-0.8153264076490643,Lansia tinggi - Kemiskinan tinggi,11.8779,18.66,6.01,9841,71.02,5.35,4.5087743,6.1779056
Sampang,Jawa Timur,2024,-3.79291253852473,0.8024829033440186,0.47690789087939567,0.6899649238820602,-0.4699883422345598,-1.3296474333457493,Lansia tinggi - Kemiskinan tinggi,10.954,20.83,5.08,9782,68.86,2.5,4.2690797,6.2877064
Pamekasan,Jawa Timur,2024,-2.424488650662232,0.6778000342249091,-0.8022623334775972,0.015467885468075907,-0.3322823304488316,-0.02755667459381481,Lansia tinggi - Kemiskinan tinggi,12.3506,13.41,7.17,9811,68.53,1.64,0.9481699,3.2748291
Sumenep,Jawa Timur,2024,-2.4665010388827038,2.776594173149906,0.11520897972767533,0.5663204048004842,-0.2954129541104657,-0.45359370900063434,Lansia tinggi - Kemiskinan tinggi,16.7768,17.78,6.1,10156,72.7,1.69,5.416879,7.6487136
Kota Kediri,Jawa Timur,2024,1.6583848140668676,0.8091008506599787,-0.6957756613056693,0.3163121169623024,0.45853729400194776,0.4948270043470832,Lansia tinggi - Kemiskinan rendah,13.6731,6.51,10.92,13670,74.91,3.91,7.2922134,2.925827
Kota Blitar,Jawa Timur,2024,2.0785232779271166,0.7233906913354855,-0.17242140989519658,0.39758836726788055,0.012369581839708294,0.3123380425506864,Lansia tinggi - Kemiskinan rendah,14.0772,6.75,10.82,14933,74.9,5.11,7.5077667,2.6847312
Kota Malang,Jawa Timur,2024,3.185054786514504,0.2884263700012976,-0.2187298338188092,0.18512819002254133,-0.7397145019825008,0.04061329003722936,Lansia tinggi - Kemiskinan rendah,13.9693,3.91,11.14,17791,74.34,6.1,7.8574357,1.8553997
Kota Probolinggo,Jawa Timur,2024,0.7919935854992889,-0.05705202922047785,-0.534397915555743,-0.25569839061414357,-0.31548552284358694,0.31951417902261864,Lansia tinggi - Kemiskinan rendah,12.2045,6.18,9.72,13405,71.22,4.44,6.148406,3.5424917
Kota Pasuruan,Jawa Timur,2024,1.300376387853267,-0.08072103680651271,-0.5037248149902037,-0.025267621518057778,-0.18496900525177798,-0.11612696958165344,Lansia tinggi - Kemiskinan rendah,11.5332,6.32,9.94,14664,72.55,4.63,6.308686,3.2400799
Kota Mojokerto,Jawa Timur,2024,2.0394305175622742,0.5336613748738364,-1.0514348292734452,0.41230161325540327,0.20982643567273335,0.4550805808581629,Lansia tinggi - Kemiskinan rendah,13.3078,5.57,11.38,14842,74.31,3.76,7.3795238,2.8449254
Kota Madiun,Jawa Timur,2024,3.08930612328998,0.9939688349293232,-1.129119526983618,0.677278255809098,-0.8851851520566376,0.8144864325142118,Lansia tinggi - Kemiskinan rendah,16.5572,4.38,12.11,17518,73.71,4.3,8.001414,2.1095443
Kota Surabaya,Jawa Timur,2024,3.348966090803018,0.3864826800281779,-0.8708647298979137,0.35117423363910316,-0.7974038236427886,-0.7712477373280882,Lansia tinggi - Kemiskinan rendah,12.9582,3.96,10.89,19666,75.03,4.91,7.9353614,1.6367805
Kota Batu,Jawa Timur,2024,1.5889342170639575,0.6991083447419454,-1.0427201840366491,-0.6733636477239714,-0.09354590773000132,0.23839299930971464,Lansia tinggi - Kemiskinan rendah,13.6116,3.06,9.87,14253,73.54,3.63,7.118717,3.0999768
Pandeglang,Banten,2024,-1.3632159714964929,-1.6019858358080585,1.7121870393545946,-1.1682713698775102,-1.0388094318144405,0.5071825337832713,Lansia rendah - Kemiskinan tinggi,9.8974,9.18,7.16,9574,65.84,8.09,3.6044555,2.7658598
Lebak,Banten,2024,-1.4357397448739735,-0.9264189217403043,1.0037050703187942,-1.3970035797328313,-0.35321056800538636,-0.1634615073673427,Lansia rendah - Kemiskinan rendah,9.3691,8.44,6.61,9631,68.39,6.23,3.9105623,4.5298047
Tangerang,Banten,2024,0.5854823939953804,-1.4081464929743384,0.20608281862739777,-0.5169447068271837,0.05794206101567337,-0.4992109114103403,Lansia rendah - Kemiskinan rendah,7.647,6.55,9.06,13254,70.93,6.06,4.444108,3.375756
Serang,Banten,2024,0.009613708025800376,-2.3188069941108536,1.5679328776012247,-1.6654423304917412,-1.3023883958064935,0.3827126049751071,Lansia rendah - Kemiskinan rendah,8.7822,4.51,7.88,11767,65.94,9.18,3.6956074,2.8523848
Kota Tangerang,Banten,2024,2.1452032027620915,-1.0038924934146414,-0.2949568454905957,0.2582302540571693,-0.06560411478348184,-0.036089104362274436,Lansia rendah - Kemiskinan rendah,9.7142,5.43,11.14,15641,72.51,5.92,7.084502,2.0613685
Kota Cilegon,Banten,2024,1.148849424093544,-2.0078929723829253,-0.4605594247616547,-0.517424111521146,-0.7955079851788843,0.40751949658589576,Lansia rendah - Kemiskinan rendah,8.6096,3.75,10.39,14294,67.71,6.08,4.3990173,3.181648
Kota Serang,Banten,2024,0.8807424988347902,-1.9050977281187342,0.4551409853556475,-0.66867182369748,-0.6701330775785298,-0.5845850871633453,Lansia rendah - Kemiskinan rendah,7.4791,5.65,8.93,14603,69.31,7.12,4.3212404,3.3164425
Kota Tangerang Selatan,Banten,2024,3.029763414500962,-0.6096491090903554,-1.0405897384511402,0.09492838122210345,-0.17767483848536766,0.1261310455919229,Lansia tinggi - Kemiskinan rendah,11.0195,2.36,11.86,17028,73.36,5.09,7.366601,1.9349275
