Kab_kota,Provinsi,Tahun,PC1,PC2,PC3,PC4,PC5,PC6,Tipologi_Lansia,pct_lansia,p0_miskin,rls,pengeluaran,ahh_rata2,tpt_total
Simeulue,Aceh,2024,-2.2229215289142825,-1.7515964266400872,0.7161026146313296,1.4432441017230488,0.0825735208740699,1.1307626404748496,Lansia rendah - Kemiskinan tinggi,8.484,17.69,9.89,8106,65.78,5.5
Aceh Singkil,Aceh,2024,-2.010257090740333,-1.8668981734029864,1.3887232228991633,1.4411853608875766,0.2127367738540317,-0.2695324199318,Lansia rendah - Kemiskinan tinggi,6.3405,19.06,8.72,9862,67.94,6.44
Aceh Selatan,Aceh,2024,-1.863917514243371,-1.1295975925888169,-0.0384721373708325,0.1347675237199154,-0.705884522514207,1.1532809472734995,Lansia rendah - Kemiskinan tinggi,10.7883,12.02,8.92,9190,65.02,4.56
Aceh Tenggara,Aceh,2024,-1.0774662661542165,-1.3951478434430231,0.04803689122211,0.5306121921381459,0.717463378606314,0.8639063518688403,Lansia rendah - Kemiskinan tinggi,8.2391,11.99,10.1,8876,68.82,4.79
Aceh Timur,Aceh,2024,-0.9888236552465364,-1.6016531955486142,1.756227233700575,0.1710547771595405,0.1361948849965809,0.0639842712469269,Lansia rendah - Kemiskinan tinggi,7.9263,13.26,8.48,9889,69.23,7.75
Aceh Tengah,Aceh,2024,-0.7467409955453318,-0.9844109056209456,-0.2110794945920362,1.275625074407977,0.1363675151025331,0.1153420690390619,Lansia rendah - Kemiskinan tinggi,8.8787,14.27,10.03,11805,69.34,4.21
Aceh Barat,Aceh,2024,-1.2279697414083477,-0.9194384157789276,0.780871554290757,1.7230480473629273,-0.0725797323753664,0.6099423363393789,Lansia rendah - Kemiskinan tinggi,10.1682,17.6,9.99,10548,68.53,5.58
Aceh Besar,Aceh,2024,0.0562509790078296,-1.3911752663904198,1.5798999545481966,0.9246249375336892,0.2430741625655116,0.7174710804487537,Lansia rendah - Kemiskinan tinggi,9.475,13.21,10.37,10810,70.34,7.93
Pidie,Aceh,2024,-1.607340898638341,-0.7594579521541994,0.9960422182805664,1.6295050612449078,-0.7049906387483619,0.3048486323800501,Lansia rendah - Kemiskinan tinggi,10.8519,18.59,9.04,11187,67.46,5.74
Bireuen,Aceh,2024,-0.6624495642023595,-0.2199545841535937,-0.1085082973622665,0.5644273328946394,0.855148448822554,0.2730190841538839,Lansia rendah - Kemiskinan tinggi,9.9862,12.1,9.59,10150,71.88,3.93
Aceh Utara,Aceh,2024,-1.294709786877162,-1.0970593939996376,1.5444925540075862,0.946729204473422,0.2265494860850754,0.460742121930045,Lansia rendah - Kemiskinan tinggi,9.3803,16.11,9.11,9374,69.32,6.88
Aceh Barat Daya,Aceh,2024,-2.2756101959716792,-1.1047956995530537,-0.147762419740618,0.8071098177707234,-0.4288561983349496,0.5601263576497205,Lansia rendah - Kemiskinan tinggi,9.5001,15.32,8.78,9559,65.69,3.83
Gayo Lues,Aceh,2024,-2.909375138613397,-1.3090154413002022,-0.6465081765471679,1.3779130764292455,-0.0166711286010216,-0.318750598959776,Lansia rendah - Kemiskinan tinggi,6.9191,18.3,8.44,9967,66.07,2.4
Aceh Tamiang,Aceh,2024,-0.6253770703090789,-1.1135308742711651,1.300432589997495,0.2594159944678679,0.4386634342617054,0.5562849457517567,Lansia rendah - Kemiskinan tinggi,9.3267,12.17,9.3,9529,70.26,6.95
Nagan Raya,Aceh,2024,-1.4978461322759309,-0.5174204525569155,0.8431194658317772,1.2566156060875378,0.3289929848225494,0.4295174293618856,Lansia rendah - Kemiskinan tinggi,10.2517,16.94,9.25,9523,69.79,5.22
Aceh Jaya,Aceh,2024,-1.483707672281834,-0.9061988622727803,-0.9325532724343678,0.4975338264682457,-0.0593820028626867,0.056287195086736,Lansia rendah - Kemiskinan tinggi,8.7581,12.25,9.02,11007,67.74,2.75
Bener Meriah,Aceh,2024,-1.325660712318596,-0.6234262605161703,-0.9243083333581652,2.230681867389012,0.380959212671282,-0.4067700172131231,Lansia rendah - Kemiskinan tinggi,8.2634,18.18,10.13,12360,69.84,2.2
Pidie Jaya,Aceh,2024,-1.2571902516310112,-0.0624956279074597,0.1653236616332587,1.88734583723914,0.2958294440498858,-0.0300271065136129,Lansia rendah - Kemiskinan tinggi,10.548,18.28,9.59,11274,70.82,3.82
Kota Banda Aceh,Aceh,2024,3.3212785211485247,-1.9583049727021948,0.0199105258419473,1.4140382003365772,-0.3126502348650244,0.0453035643642473,Lansia rendah - Kemiskinan rendah,8.4371,6.95,13.1,18100,72.22,7.55
Kota Sabang,Aceh,2024,-0.1606973320689568,-0.5026090253333152,-0.9045155480443,1.913654568722449,0.5686660480919231,0.1905492637392475,Lansia rendah - Kemiskinan tinggi,9.5077,14.58,11.22,12625,71.22,2.95
Kota Langsa,Aceh,2024,1.0154912049331255,-1.5536881317631177,0.7441876342537592,0.936023417902392,-0.1713765867603479,0.7137320036625108,Lansia rendah - Kemiskinan tinggi,9.6524,10.33,11.28,13133,69.97,7.34
Kota Lhokseumawe,Aceh,2024,1.3972764673576286,-1.581447157134992,1.4348750142512443,0.8889136435866475,0.4666862360751712,0.4936525165558933,Lansia rendah - Kemiskinan tinggi,8.8008,10.44,11.31,12694,72.3,8.47
Kota Subulussalam,Aceh,2024,-2.802494261050801,-2.44259174400003,0.4683199730308928,0.7101201051893372,-0.0356657870507659,0.1789693306002574,Lansia rendah - Kemiskinan tinggi,5.436,16.38,8.43,8491,64.56,5.12
Nias,Sumatera Utara,2024,-3.0913573608326703,-0.0911645609531717,-0.2260549460770448,-0.1889557963286962,1.0790975306902195,-0.8718380068420828,Lansia rendah - Kemiskinan tinggi,7.5802,14.89,6.4,7698,70.56,2.1
Mandailing Natal,Sumatera Utara,2024,-0.924226622891956,-2.444212575512051,0.6840711562709672,-0.4458354295024187,-1.2049734086908106,1.0423863579263122,Lansia rendah - Kemiskinan rendah,8.7654,8.69,9.11,10644,63.7,7.22
Tapanuli Selatan,Sumatera Utara,2024,-0.5964084893819744,-1.4455865007210291,-1.2980668387279763,-0.2840034963126252,-0.7869502264653994,0.5701375520760745,Lansia rendah - Kemiskinan rendah,9.3224,6.92,9.56,12213,65.78,3.41
Tapanuli Tengah,Sumatera Utara,2024,-0.5857703452073353,-1.667744242569798,1.3001432555365775,0.1700527244447457,-0.3459951608668404,0.219031444804857,Lansia rendah - Kemiskinan tinggi,8.5858,11.8,8.92,11128,68.24,7.45
Tapanuli Utara,Sumatera Utara,2024,-0.2068455988251596,0.1019883025996015,-2.0455261160370526,0.3898041004968993,0.0174928319047644,0.5582877360153032,Lansia tinggi - Kemiskinan rendah,11.7143,8.21,10.31,12382,69.82,1.21
Toba Samosir / Toba,Sumatera Utara,2024,0.2710743639680964,0.2367687787201046,-2.138062692942051,0.6003994048130614,0.3706878225121491,0.3826778830856055,Lansia tinggi - Kemiskinan rendah,11.4443,8.07,10.77,12960,71.46,1.09
Labuhan Batu,Sumatera Utara,2024,0.3465406393053358,-1.2854585850385731,0.261369612815463,-0.2126270311676191,0.3488645887171679,-0.0887099219537155,Lansia rendah - Kemiskinan rendah,8.0917,7.84,9.5,12102,71.04,5.9
Asahan,Sumatera Utara,2024,-0.0292838718376431,-1.0783759838935905,0.3369954206457442,-0.3810772951062303,-0.3847681588601266,0.0360949028125408,Lansia rendah - Kemiskinan rendah,9.5788,8.12,8.85,12301,69.32,5.94
Simalungun,Sumatera Utara,2024,0.6315772983869393,-0.0160046324844899,0.0872352608707111,-0.101941448248229,0.2149271904797259,0.3972069484940392,Lansia tinggi - Kemiskinan rendah,11.8861,7.72,9.73,12119,72.44,5.17
Dairi,Sumatera Utara,2024,-0.3764756734858427,-0.1540617327498055,-1.8927066523437055,-0.0871932616762874,0.4606458008484217,0.4104323306563138,Lansia rendah - Kemiskinan rendah,10.3471,7.1,9.89,11355,70.32,1.43
Karo,Sumatera Utara,2024,0.5442975173382778,0.1311681580423218,-1.4382602682567591,0.2100636825024768,0.3965376555125353,-0.0227796304636729,Lansia rendah - Kemiskinan rendah,10.8917,7.37,10.12,13278,72.48,2.4
Deli Serdang,Sumatera Utara,2024,1.9405775632272104,-1.3516702405524823,0.8617054338235133,-0.7658642852833177,0.204774209099356,0.3054857305156443,Lansia rendah - Kemiskinan rendah,9.3505,3.44,10.29,13279,72.53,8.02
Langkat,Sumatera Utara,2024,-0.0760629891398366,-0.7355586594161202,0.5764007437850552,-0.2614172985527367,-0.3501591349430496,0.0782316386105743,Lansia rendah - Kemiskinan tinggi,10.441,9.04,8.74,12080,69.95,6.08
Nias Selatan,Sumatera Utara,2024,-3.176722543391965,-0.5877436073643816,0.2207773932100233,0.087083007884956,0.9878987988660968,-0.9048725931887186,Lansia rendah - Kemiskinan tinggi,6.6333,16.32,6.52,7730,69.84,3.03
Humbang Hasundutan,Sumatera Utara,2024,-1.0050203940311413,0.1616405952143387,-1.847920001897186,0.0392945108176616,1.0267905077923511,1.0490269783025752,Lansia tinggi - Kemiskinan rendah,11.0839,8.44,10.13,8844,70.54,0.92
Pakpak Bharat,Sumatera Utara,2024,-1.4574117565823816,-1.34438066070017,-2.2403692174831256,-0.4138050979835805,0.7296714119989065,0.643202793055869,Lansia rendah - Kemiskinan rendah,7.1746,6.87,9.73,9158,67.28,0.97
Samosir,Sumatera Utara,2024,-1.08340824268756,0.8550361326781156,-1.4499713055822594,0.5775121208371008,1.0802566269494738,0.4555969836859388,Lansia tinggi - Kemiskinan tinggi,11.8654,11.63,9.61,9634,72.46,0.89
Serdang Bedagai,Sumatera Utara,2024,0.0493268751730515,-0.6867573039805382,-0.2125283240379504,-0.4845508005643789,-0.1789612543341122,0.2438205788362562,Lansia rendah - Kemiskinan rendah,10.3573,6.97,9.12,12015,69.88,4.88
Batu Bara,Sumatera Utara,2024,-0.8359793880163692,-1.090539775344088,0.5084574198619949,-0.0395693677470833,-0.4826466588056199,0.1080187642786527,Lansia rendah - Kemiskinan tinggi,9.5907,10.94,8.51,11373,68.16,5.75
Padang Lawas Utara,Sumatera Utara,2024,-0.6936553719236795,-1.8063881166848224,-0.7638993695660719,0.0697748205740533,0.3371548056769346,0.2434600777133601,Lansia rendah - Kemiskinan tinggi,6.7531,8.97,9.82,10925,68.04,3.99
Padang Lawas,Sumatera Utara,2024,-0.6275992762389676,-2.059162371788883,-0.0333749961982564,-0.3926589128271339,0.3993499297969933,0.5674042116715641,Lansia rendah - Kemiskinan rendah,6.8014,7.87,9.63,9821,67.93,5.47
Labuhan Batu Selatan,Sumatera Utara,2024,-0.3629514295645141,-1.3965715355159305,-1.1141453556076883,-0.207567392592342,0.4120591835612521,-0.5363409141333902,Lansia rendah - Kemiskinan rendah,6.4713,7.73,9.19,12353,69.78,3.24
Labuhan Batu Utara,Sumatera Utara,2024,-0.038267210241021,-1.1080633331902658,-0.3068640637623621,0.0130276783792979,0.1527159216992836,-0.4897491566430683,Lansia rendah - Kemiskinan tinggi,7.8819,8.98,9.14,12839,70.53,4.6
Nias Utara,Sumatera Utara,2024,-3.613814656470355,-0.1868101702980519,0.5267256745874535,1.255035508351109,1.2275182373579896,-0.7643832119635519,Lansia rendah - Kemiskinan tinggi,7.4258,21.5,7.05,7189,70.5,2.82
Nias Barat,Sumatera Utara,2024,-4.117585873118239,0.0475847408695372,-0.272762525821593,1.5994520521115525,1.4637037164100335,-0.7411778587362072,Lansia rendah - Kemiskinan tinggi,7.2945,22.68,7.26,6740,70.24,1.0
Kota Sibolga,Sumatera Utara,2024,0.4398466756805366,-1.3311454332702677,0.6077856690592188,0.8493727837001751,0.0447665489336387,0.2406357936003922,Lansia rendah - Kemiskinan tinggi,8.9943,11.39,10.45,12713,70.42,6.52
Kota Tanjung Balai,Sumatera Utara,2024,-1.1951589800526,-1.8604087265465037,-0.742037701156988,0.716342431387564,-1.012062055911647,0.4531149065945742,Lansia rendah - Kemiskinan tinggi,8.5011,11.97,9.69,12264,64.48,4.08
Kota Pematang Siantar,Sumatera Utara,2024,2.5238438437969424,-0.174573789055155,1.1692368722492348,0.5499151154630004,0.5472376892518068,0.9503012696255358,Lansia tinggi - Kemiskinan rendah,12.8166,7.2,11.82,13349,75.32,8.0
Kota Tebing Tinggi,Sumatera Utara,2024,1.3215059626147398,-0.6253843426154543,0.2623608951082333,0.6352962376022355,-0.123733928690356,0.43098011633771,Lansia tinggi - Kemiskinan rendah,11.2473,8.79,10.87,13900,71.82,6.18
Kota Medan,Sumatera Utara,2024,2.8984157175353795,-0.6268474691269454,1.002040678333204,0.9409403012211348,0.0070539380283894,0.1732774976460373,Lansia tinggi - Kemiskinan rendah,11.4296,7.94,11.79,16069,74.74,8.13
Kota Binjai,Sumatera Utara,2024,1.5358141726317591,-0.6215969582465476,-0.2344866570376267,-0.1828354734555465,0.8536712493825724,0.790210987014355,Lansia rendah - Kemiskinan rendah,10.4252,4.75,11.2,12015,73.34,5.44
Kota Padangsidimpuan,Sumatera Utara,2024,1.2089923730972236,-1.5949742417183144,0.4949615817618158,-0.026667711210488,0.2312882220691163,0.9716579809881108,Lansia rendah - Kemiskinan rendah,9.3811,6.23,11.13,11964,70.48,7.17
Kota Gunungsitoli,Sumatera Utara,2024,-1.5773314289990124,-0.3907326507235431,-0.0456979995272548,0.7059207131137272,1.4188855594300671,-0.3573226799196051,Lansia rendah - Kemiskinan tinggi,7.7283,14.72,8.76,9056,72.31,3.3
Kepulauan Mentawai,Sumatera Barat,2024,-3.372225361594456,-1.1292501976284075,-1.175980505231851,0.1319422214703816,0.3444294162356319,0.4466883613449493,Lansia rendah - Kemiskinan tinggi,7.635,13.89,8.03,7192,65.32,1.44
Pesisir Selatan,Sumatera Barat,2024,-0.1720180885224391,0.0012958758850045,0.2584969219916196,-0.6631041096919743,0.3368514578069866,0.5324578948381187,Lansia tinggi - Kemiskinan rendah,11.7646,7.49,8.81,10211,71.64,5.06
Solok,Sumatera Barat,2024,-0.550102067353318,-0.130442782857125,0.1500185559422915,-0.947441234024748,-0.345327742282061,0.2108989824112694,Lansia tinggi - Kemiskinan rendah,11.7171,7.31,7.91,10988,69.85,4.91
Sijunjung,Sumatera Barat,2024,-0.472838208836041,-1.004689939709634,-0.3998877207681561,-0.9692777612689824,-0.6637199604694191,0.5132854239056226,Lansia rendah - Kemiskinan rendah,10.4034,5.78,8.62,11395,67.37,4.73
Tanah Datar,Sumatera Barat,2024,0.6384955953191561,0.6448420645359156,0.0731098558940558,-1.0333663716405723,-0.4906271676330396,1.313798373999563,Lansia tinggi - Kemiskinan rendah,15.5777,4.28,9.29,11223,71.02,5.3
Padang Pariaman,Sumatera Barat,2024,0.2480202245936717,-0.2513041955188212,0.780858631007809,-0.9695955061846356,-0.632080515140037,0.5010011902214924,Lansia tinggi - Kemiskinan rendah,12.6587,6.27,8.42,11756,70.15,6.59
Agam,Sumatera Barat,2024,0.4258656470850783,0.9437734670707664,0.1597499627762673,-0.5625520307166331,0.3694651997627947,0.8047944586864342,Lansia tinggi - Kemiskinan rendah,14.4161,6.83,9.23,10686,73.53,4.73
Lima Puluh Kota,Sumatera Barat,2024,-0.5660893019327333,0.5739904022459277,-0.372177227552556,-0.914389877007292,-0.2300275543703495,0.5034258073185195,Lansia tinggi - Kemiskinan rendah,13.4273,6.92,8.13,10648,70.52,3.68
Pasaman,Sumatera Barat,2024,-0.9377874437411632,-0.7853608972563381,0.2413716291158678,-1.1828376573895905,-0.0103568290754185,0.6429585555253805,Lansia rendah - Kemiskinan rendah,10.3185,6.74,8.14,9194,68.66,5.25
Solok Selatan,Sumatera Barat,2024,-0.7386389900309526,-0.6050428287141274,-1.4548999349675946,-0.6252678514579323,0.1167663393294664,0.0973328773406619,Lansia rendah - Kemiskinan rendah,9.3271,6.56,8.85,11240,69.04,2.3
Dharmasraya,Sumatera Barat,2024,0.7548532225135868,-0.8073850609552673,0.33808892304737,-0.868511141839506,0.4591540582176797,-0.2471153081841415,Lansia rendah - Kemiskinan rendah,8.9577,5.32,8.98,12254,72.64,6.02
Pasaman Barat,Sumatera Barat,2024,-0.4020792482648569,-1.59140034426779,0.5277849608386767,-0.8145461083329941,0.2099349817183845,0.532731542167152,Lansia rendah - Kemiskinan rendah,8.3001,7.0,8.99,9888,68.86,6.34
Kota Padang,Sumatera Barat,2024,3.4170459635218178,-1.0414509337951974,1.6048131421562484,-0.0216284113551824,-0.0632945604102363,0.5375518110196652,Lansia tinggi - Kemiskinan rendah,11.4238,4.06,11.63,15458,74.53,9.88
Kota Solok,Sumatera Barat,2024,1.861464548053805,-0.3730989611996003,-1.256666586787106,-0.2596878609994929,1.30949206554957,0.2675861003934117,Lansia rendah - Kemiskinan rendah,9.4476,3.07,11.37,12995,74.96,3.62
Kota Sawah Lunto,Sumatera Barat,2024,1.1855780115868464,-0.4235898010068389,-0.2623922762658214,-0.997615389228316,0.0960702149069308,1.4317891560720324,Lansia tinggi - Kemiskinan rendah,12.6228,2.33,10.53,11187,70.96,5.55
Kota Padang Panjang,Sumatera Barat,2024,1.6527702545330618,-0.627175548324789,-0.5328664650586177,0.2189223444768222,1.1379813806285644,1.028998880884761,Lansia rendah - Kemiskinan rendah,10.3393,5.31,12.0,11840,73.66,4.94
Kota Bukittinggi,Sumatera Barat,2024,2.4293439952433737,-0.0625221742568446,-0.7089053498270232,0.1223926473240602,0.856198582443078,0.3294588284240438,Lansia tinggi - Kemiskinan rendah,11.1707,4.08,11.65,14297,75.5,4.72
Kota Payakumbuh,Sumatera Barat,2024,2.039703475335238,0.1218454442219103,-0.4355644525421082,0.0582869605843103,0.5871009617747079,0.1214418588870215,Lansia tinggi - Kemiskinan rendah,11.6035,5.19,10.89,14260,75.12,4.87
Kota Pariaman,Sumatera Barat,2024,1.6439578868088396,-0.6837946695379986,-0.5352608612371486,-0.1629312274731585,-0.1504164547913112,0.7640780712714319,Lansia tinggi - Kemiskinan rendah,11.4566,4.26,11.06,13784,71.22,5.32
Kuantan Singingi,Riau,2024,-0.6942978548021145,-0.4310813617104935,-1.266334337759954,-0.2709955033689581,0.1762488776527405,0.2151816902022163,Lansia rendah - Kemiskinan rendah,9.8949,7.89,9.14,11182,69.49,2.48
Indragiri Hulu,Riau,2024,-0.5485263407438187,-0.6392840237072632,-1.2439365857770028,-0.8702504542250136,0.6177578974762801,-0.4718720465249452,Lansia rendah - Kemiskinan rendah,7.9252,6.02,8.43,11333,70.91,2.55
Indragiri Hilir,Riau,2024,-1.296467306742788,-0.4015793347248543,-1.489402753020248,-1.3449112249635036,-0.0685473015643929,-0.442769326246176,Lansia rendah - Kemiskinan rendah,9.0671,5.66,7.32,11050,68.76,1.86
Pelalawan,Riau,2024,-0.3603880233978087,-0.9098713661342857,-1.433239878788912,-0.048275310232273,1.0277262915658438,-1.134839885068177,Lansia rendah - Kemiskinan rendah,5.8541,8.49,8.96,12575,72.18,2.13
Siak,Riau,2024,0.8114236505004394,-1.4917469225846371,-0.7453521464522372,-0.4420109860893422,0.7126217219512777,-0.4495136489987068,Lansia rendah - Kemiskinan rendah,6.4671,5.08,9.92,13080,71.8,4.53
Kampar,Riau,2024,0.1459017133075275,-0.964021668404073,-0.8539735053569111,-0.2639789475750549,0.7458896113748154,-0.2767446168026963,Lansia rendah - Kemiskinan rendah,7.6419,6.92,9.58,12034,71.61,3.67
Rokan Hulu,Riau,2024,-0.9137504477282572,-0.7631246641271459,-0.9318793248120224,-0.0648384701778821,0.9261325191082704,-0.3432075029102228,Lansia rendah - Kemiskinan tinggi,7.4335,9.62,8.94,10586,71.0,2.73
Bengkalis,Riau,2024,0.7996670295810314,-0.8947822525189958,0.1889888525790916,-0.3864314041781534,0.370084203363789,0.1118309248132214,Lansia rendah - Kemiskinan rendah,9.3552,6.36,9.74,12321,71.97,5.88
Rokan Hilir,Riau,2024,-0.4835860662384186,-0.9054321652113352,-0.2716829281532644,-0.8083069625262403,0.7476356430880459,-0.2150014517929251,Lansia rendah - Kemiskinan rendah,7.8453,7.01,8.53,10447,71.16,4.31
Kepulauan Meranti,Riau,2024,-2.9383560366303043,-0.0828385637381314,1.1337244092380518,2.0474564155092363,-0.0445396341422176,0.0424098751363604,Lansia rendah - Kemiskinan tinggi,10.8315,23.15,8.12,8988,68.53,4.51
Kota Pekanbaru,Riau,2024,2.428614118020159,-1.0924601864881127,-1.1644900826064974,0.1229742021657422,0.5551244813552418,0.1595892710156439,Lansia rendah - Kemiskinan rendah,8.8139,3.15,11.96,15212,73.26,4.63
Kota Dumai,Riau,2024,1.1771280324494289,-1.2254630625488585,-0.8143187273594151,-0.7184082312001875,0.5955689964765895,0.0795926449244784,Lansia rendah - Kemiskinan rendah,8.062,3.14,10.29,12847,71.82,4.66
Kerinci,Jambi,2024,-0.4125352066302036,0.6686579936049591,-1.0545157454159135,-0.6108665595029802,-0.1234882884124101,0.3564983754559884,Lansia tinggi - Kemiskinan rendah,13.1356,6.93,8.6,11441,70.84,2.51
Merangin,Jambi,2024,-0.3525248478105859,-0.4491145636642243,-0.1959931200738446,-0.4704096095441598,0.573768087328678,-0.4864295649214124,Lansia rendah - Kemiskinan rendah,8.7906,8.4,8.4,11425,72.0,4.18
Sarolangun,Jambi,2024,-0.2573657282869525,-1.1064034639837217,-0.0348496202928394,-0.4286313439404705,-0.1212367370254661,-0.6095399740861176,Lansia rendah - Kemiskinan rendah,8.075,8.36,8.35,12679,69.96,5.03
Batang Hari,Jambi,2024,-0.5062826504014838,-0.5090143916747173,-0.0016227497903814,-0.5149769368541974,0.5501442115609996,-0.3063351272915859,Lansia rendah - Kemiskinan rendah,8.9537,8.63,8.35,10872,71.6,4.49
Muaro Jambi,Jambi,2024,0.1686147629479327,-0.8738659362929437,0.024108934815496,-1.4877575114251156,0.9264245699903962,0.1348178380441338,Lansia rendah - Kemiskinan rendah,8.4705,3.65,8.7,10007,72.14,5.27
Tanjung Jabung Timur,Jambi,2024,-1.9226082898822472,-0.1549147050141432,-1.100205284370951,-0.4194051545716432,-0.4443712290030033,0.1239625684166968,Lansia rendah - Kemiskinan tinggi,10.8585,10.14,7.7,10328,67.32,2.06
Tanjung Jabung Barat,Jambi,2024,-1.229264231233916,-0.6991898961379572,-0.6975222795099534,-0.324753875799325,0.1138040864603524,-0.1121101330020205,Lansia rendah - Kemiskinan tinggi,8.9116,9.54,8.32,10696,68.96,3.2
Tebo,Jambi,2024,-0.6692908338758546,-0.3536410398746143,-1.1800629908032998,-0.9781391356567758,0.3752330103638231,-0.48002943082653,Lansia rendah - Kemiskinan rendah,8.8552,6.12,8.04,11415,70.74,2.5
Bungo,Jambi,2024,0.0225173202798768,-1.194317107205159,-0.5529525850873463,-0.9657391722741072,-0.4412473808422281,-0.1820012545454473,Lansia rendah - Kemiskinan rendah,8.8019,5.06,8.6,12820,68.76,4.67
Kota Jambi,Jambi,2024,1.965190210391024,-0.9120658196257984,0.7713960285410476,0.5603565164206221,0.549613343342087,0.5355295922765513,Lansia rendah - Kemiskinan rendah,10.2434,7.73,11.51,13388,73.72,7.38
Kota Sungai Penuh,Jambi,2024,1.262093094992931,0.1453787514077573,-0.6882017327133986,-0.7925903735791816,0.6485622251802118,0.9608606559839972,Lansia tinggi - Kemiskinan rendah,12.4446,2.92,10.48,11499,73.26,4.3
Ogan Komering Ulu,Sumatera Selatan,2024,-0.8521936166166496,-0.6164386939006566,-0.3026233546430709,0.1169689337169499,-0.143382134116042,0.1193652046915899,Lansia rendah - Kemiskinan tinggi,10.0016,10.68,8.86,11339,69.06,4.05
Ogan Komering Ilir,Sumatera Selatan,2024,-1.41500456007014,-0.2261449059200627,-0.300118491677411,-0.0698995674241809,-0.3907565133404809,-0.9547408686806286,Lansia rendah - Kemiskinan tinggi,9.5053,12.08,7.19,12305,69.53,3.38
Muara Enim,Sumatera Selatan,2024,-0.6145341940212831,-0.3977061985422047,-0.2644309098022065,-0.1673342234529465,-0.2434806608660235,-0.371709817093696,Lansia rendah - Kemiskinan tinggi,10.0098,9.79,8.27,12291,69.98,4.09
Lahat,Sumatera Selatan,2024,-1.693143508955795,-0.4011334190328658,-0.545882909341136,0.7586327613159477,-0.6311404374625347,0.2282503149924885,Lansia rendah - Kemiskinan tinggi,10.9429,14.14,8.69,11255,67.16,3.11
Musi Rawas,Sumatera Selatan,2024,-1.963930439002699,0.1508158094947243,-0.8454811126553753,0.2743984911885884,-0.1342220124329542,-0.5209818456363826,Lansia rendah - Kemiskinan tinggi,10.3243,13.44,7.57,11058,69.2,1.94
Musi Banyuasin,Sumatera Selatan,2024,-1.647934529845643,-0.2785454375481299,-0.9076450492318048,0.3281359624618632,0.1790694626875972,-0.7349842543149602,Lansia rendah - Kemiskinan tinggi,8.7195,12.88,7.95,11424,69.76,2.13
Banyu Asin,Sumatera Selatan,2024,-1.176350891159913,-0.1614634463643941,-0.5010200793877562,-0.6022353054411803,-0.0508692467933705,-0.511853138567834,Lansia rendah - Kemiskinan tinggi,9.854,9.31,7.48,11277,70.0,3.24
Ogan Komering Ulu Selatan,Sumatera Selatan,2024,-1.7899545564552957,-0.2742342005302277,-1.256001619518471,-0.3253430685242047,0.1425565895386478,0.2212594284398034,Lansia rendah - Kemiskinan tinggi,9.9733,9.86,8.25,9680,68.3,1.8
Ogan Komering Ulu Timur,Sumatera Selatan,2024,-0.6559310977819443,0.0995400712407285,-0.5130112839297728,-0.1771033057351981,-0.473231691082944,-0.3438641916519984,Lansia tinggi - Kemiskinan tinggi,11.3853,9.75,8.08,12623,70.04,3.45
Ogan Ilir,Sumatera Selatan,2024,-1.67901014502932,-0.4912208072512337,-0.9171295191066796,0.2837933215791415,-0.921935867828228,-0.1467729237852804,Lansia rendah - Kemiskinan tinggi,10.4524,12.3,8.09,12093,66.59,2.65
Empat Lawang,Sumatera Selatan,2024,-1.9494638510211972,-0.5611933946353987,-0.8186942155876811,-0.2930509501336972,-0.9081847996251272,0.1340004574833729,Lansia rendah - Kemiskinan tinggi,10.6148,10.78,7.68,10889,65.91,2.84
Penukal Abab Lematang Ilir,Sumatera Selatan,2024,-1.7310032082215725,-0.7274049185180156,-0.1815880403178791,-0.7730940731004596,0.2985533870780081,-0.392644615366131,Lansia rendah - Kemiskinan tinggi,8.2173,9.82,7.27,9604,69.22,3.72
Musi Rawas Utara,Sumatera Selatan,2024,-2.280872595609678,-0.9556057755150568,0.6515749803314971,0.8802129157262298,-0.828057333306607,-0.4511013407349887,Lansia rendah - Kemiskinan tinggi,9.1597,17.38,7.51,11198,66.6,4.91
Kota Palembang,Sumatera Selatan,2024,1.9186415297256647,-0.642415393276019,0.5756065230517683,1.0389820162770926,-0.5519822938043891,-0.0784877065604977,Lansia tinggi - Kemiskinan tinggi,11.3128,9.77,10.93,16150,72.4,6.98
Kota Prabumulih,Sumatera Selatan,2024,0.7070086466821479,-0.9410707757486008,-0.2465479150156386,0.7784254959968988,0.1826125095489918,-0.2820686015400563,Lansia rendah - Kemiskinan tinggi,8.7781,10.13,10.36,13982,71.64,4.94
Kota Pagar Alam,Sumatera Selatan,2024,-0.9999760414800726,-0.342552244658712,-1.3360197818380417,-0.2031380206047,-0.0726647592112203,0.8864743800668767,Lansia tinggi - Kemiskinan rendah,11.2534,8.18,9.44,10245,68.03,2.34
Kota Lubuklinggau,Sumatera Selatan,2024,0.5415383639741377,-0.9475987352295498,-0.0348183690507228,0.8728700979908454,-0.3510858057761222,-0.4251702714314891,Lansia rendah - Kemiskinan tinggi,9.2536,11.14,9.94,14672,70.63,5.29
Bengkulu Selatan,Bengkulu,2024,-1.6147428021307055,-0.2318820740038656,-0.2748308601926842,1.5819521975240045,-0.1785916538196426,0.2816982743467771,Lansia rendah - Kemiskinan tinggi,10.9535,17.1,9.42,11040,68.58,3.25
Rejang Lebong,Bengkulu,2024,-1.5111387474236346,-0.0864606744335453,-0.7387712440154101,0.962760974129417,0.0114662290819455,-0.1784725537909325,Lansia rendah - Kemiskinan tinggi,10.2665,14.65,8.81,11385,69.46,2.43
Bengkulu Utara,Bengkulu,2024,-1.1673336881452216,-0.2365553453741888,-0.761087981604748,0.0723868379966963,-0.2680087055527558,-0.1955783721338729,Lansia rendah - Kemiskinan tinggi,10.3381,10.96,8.32,11715,69.04,2.89
Kaur,Bengkulu,2024,-2.2845427996866903,-0.5103622562964224,0.1073587597529687,1.090217913999314,-0.1930779864350658,0.2154557480224654,Lansia rendah - Kemiskinan tinggi,10.1508,17.12,8.47,9742,67.56,3.71
Seluma,Bengkulu,2024,-2.550191858934796,-0.0774032433212804,-0.3800758896046617,1.03827238452808,0.156422767793478,-0.0656866554572642,Lansia rendah - Kemiskinan tinggi,10.0617,17.23,8.14,9474,68.58,2.38
Mukomuko,Bengkulu,2024,-1.4144049451102751,-0.934198569398926,-1.2008257934289035,0.1247717960116086,-0.2161491493787286,-0.2624757524252696,Lansia rendah - Kemiskinan tinggi,8.3704,10.76,8.57,11665,67.61,2.41
Lebong,Bengkulu,2024,-1.6369132523658991,-0.8439935517211402,-1.3091272347270833,0.0470754090098353,-1.519580263114361,0.3372368035038953,Lansia tinggi - Kemiskinan tinggi,10.9781,10.45,8.41,12362,64.18,2.55
Kepahiang,Bengkulu,2024,-1.748833685476956,-0.2611044128674671,-0.8288504980226918,0.3834759143047249,-0.0112385859423019,-0.0743427577420373,Lansia rendah - Kemiskinan tinggi,9.9352,12.9,8.37,10620,68.66,2.37
Bengkulu Tengah,Bengkulu,2024,-1.638331024523636,-0.4704875786281602,-0.8655971742172223,-0.3973419287150245,-0.0078047171978095,-0.3481578500042233,Lansia rendah - Kemiskinan tinggi,9.0737,10.14,7.71,10672,68.69,2.56
Kota Bengkulu,Bengkulu,2024,1.0519718445203818,-1.1545135521350425,-0.3402897990284059,2.163221566735385,-0.08663858727503,-0.1134175566663057,Lansia rendah - Kemiskinan tinggi,8.9673,13.76,11.84,15542,71.08,5.0
Lampung Barat,Lampung,2024,-1.4493148886994487,-0.3887792502787268,-1.20306948174674,0.059980023717683,-0.0505033733622875,-0.0055269742956653,Lansia rendah - Kemiskinan tinggi,9.7597,10.68,8.56,10965,68.45,2.09
Tanggamus,Lampung,2024,-1.4967388893830489,0.1301552732397454,-0.3637628069135684,-0.5204921293970904,-0.1554039677360104,-0.1990465007945729,Lansia tinggi - Kemiskinan tinggi,11.0445,10.28,7.38,10524,69.6,3.19
Lampung Selatan,Lampung,2024,-1.1420844118727478,-0.2702129576855818,0.4942102346458543,0.0588705712066917,-0.0599849081009589,-0.4076074245952523,Lansia rendah - Kemiskinan tinggi,10.0993,12.57,7.78,11133,70.38,4.84
Lampung Timur,Lampung,2024,-1.1229515751446113,0.7069028141859439,-0.2553642061492385,0.4398207870935128,0.0945894186656797,-0.2199801942317892,Lansia tinggi - Kemiskinan tinggi,12.1775,13.19,8.2,11262,71.58,3.02
Lampung Tengah,Lampung,2024,-0.7055977821406677,0.2909746221015101,-0.4624067472514475,-0.0868121102143561,-0.3770857193660957,-0.4483457725995499,Lansia tinggi - Kemiskinan tinggi,11.5543,10.37,7.97,12595,70.6,3.33
Lampung Utara,Lampung,2024,-1.5221859422544282,-0.1761266313962764,1.3190934271253578,0.9507352776258168,0.028046896606641,0.1748530741186032,Lansia tinggi - Kemiskinan tinggi,11.1886,16.92,8.38,9837,70.18,5.85
Way Kanan,Lampung,2024,-1.3391505292045909,-0.0227690839439856,-0.3558257681481852,-0.36849005885717,0.1473014764595025,-0.220643699967881,Lansia rendah - Kemiskinan tinggi,10.3336,10.43,7.75,10439,70.21,3.27
Tulangbawang,Lampung,2024,-0.7268522765425043,-0.2925061742252689,-0.6869456439876143,-0.7351644710868769,0.0148855256564645,-0.7354445118401783,Lansia rendah - Kemiskinan rendah,9.2296,7.88,7.65,12122,70.6,3.23
Pesawaran,Lampung,2024,-1.475496374680756,-0.0303095741928237,0.3427451919436111,-0.1726052334037249,0.2562441672092705,0.2707756123806991,Lansia tinggi - Kemiskinan tinggi,11.059,11.86,8.0,9190,70.17,4.36
Pringsewu,Lampung,2024,-0.2427862267088943,0.1051723331142594,-0.0777553160231588,-0.4392674086347123,-0.0187816041635919,0.0942319488150362,Lansia tinggi - Kemiskinan rendah,11.7048,8.32,8.53,11543,71.26,4.39
Mesuji,Lampung,2024,-1.5190260011603824,-0.4121824536589744,-0.803871340530437,-1.4573277754007277,0.2180344513754109,-0.1037190835046312,Lansia rendah - Kemiskinan rendah,9.3088,6.31,7.21,9454,69.09,2.85
Tulang Bawang Barat,Lampung,2024,-0.8859416447104583,0.1053107574366971,-0.0685404513842353,-1.093898248019199,0.2061868179597749,0.2871701603059314,Lansia tinggi - Kemiskinan rendah,11.492,7.22,7.8,9646,70.68,4.12
Pesisir Barat,Lampung,2024,-2.245823107978257,-1.1080344520841257,-0.7611675678656656,0.2920514093040474,-0.6197845119049755,0.7637916676167785,Lansia rendah - Kemiskinan tinggi,9.8325,12.64,8.73,9550,64.74,3.04
Kota Bandar Lampung,Lampung,2024,1.73847397541646,-0.8702664484307732,0.7762700663738592,0.320343304506075,-0.0275004635975748,0.5856327115605237,Lansia tinggi - Kemiskinan rendah,11.0704,7.37,10.99,13667,72.28,7.44
Kota Metro,Lampung,2024,1.1046687183534645,-0.0970015965522409,-0.9700393204547048,0.3310474171419617,0.3828691580490852,0.5625330708985431,Lansia tinggi - Kemiskinan rendah,11.5405,6.78,11.01,13092,72.49,3.71
Bangka,Kep. Bangka Belitung,2024,0.6529023309769624,-0.3525176450455913,-0.2560531667645526,-1.1265376220618817,-0.0982012484469503,-0.380649983576897,Lansia rendah - Kemiskinan rendah,10.2909,4.24,8.45,13205,71.85,4.91
Belitung,Kep. Bangka Belitung,2024,0.763696931195007,0.0888882781415237,-0.7572477522464489,-0.3738257573871777,-0.3890825449724059,-0.3530993992471845,Lansia tinggi - Kemiskinan rendah,11.5937,6.11,9.05,14449,71.8,3.88
Bangka Barat,Kep. Bangka Belitung,2024,0.3097896837463111,-0.7300146283815852,-0.3504095981254676,-1.804911297210724,-0.3409432875952111,-0.7354196748495873,Lansia rendah - Kemiskinan rendah,9.0873,2.59,7.48,13199,70.63,4.88
Bangka Tengah,Kep. Bangka Belitung,2024,0.0629010762996325,-0.3839576048399895,-0.3210431558962587,-1.1416617844154482,0.0551460006643363,-1.4238187304736782,Lansia rendah - Kemiskinan rendah,8.3404,5.94,7.24,13677,72.4,4.23
Bangka Selatan,Kep. Bangka Belitung,2024,-0.29516648620225,-1.0320995528415529,-0.2222175487109581,-1.8359814354110384,-0.5109919362661882,-0.8625176890909335,Lansia rendah - Kemiskinan rendah,8.2876,3.74,6.93,12718,69.29,4.94
Belitung Timur,Kep. Bangka Belitung,2024,0.257991753108972,0.4282408249043548,-1.1262048271050111,-0.4615340130139619,0.3860001705609865,-0.2366046335490696,Lansia tinggi - Kemiskinan rendah,11.2809,6.36,8.99,12610,72.9,2.63
Kota Pangkal Pinang,Kep. Bangka Belitung,2024,2.688604758444588,-0.4705262011043283,-0.2211260883264114,-0.0572845937962014,-0.0278078030514978,-0.5132604125688904,Lansia rendah - Kemiskinan rendah,10.3901,4.04,10.67,16750,74.56,5.98
Karimun,Kep. Riau,2024,0.833203195837652,-0.2091177024895393,0.1204730534590104,-0.6769808563929951,-0.1334359820291415,-0.1562074949552039,Lansia tinggi - Kemiskinan rendah,11.1626,5.78,8.91,13287,72.24,5.52
Bintan,Kep. Riau,2024,0.9516137767999074,-0.8077369282472698,-0.6868273091461076,-0.4465171750495017,-0.3140888549648228,-0.7332706253680507,Lansia rendah - Kemiskinan rendah,8.988,5.44,9.15,15078,71.26,4.53
Natuna,Kep. Riau,2024,0.3699384208243388,-1.4164617621222293,-1.3565418339981152,-0.4667191804186686,-1.458427376988493,-0.2552554316107908,Lansia rendah - Kemiskinan rendah,9.3388,5.04,9.2,15560,66.46,3.89
Lingga,Kep. Riau,2024,-1.5969299198138778,-0.536467126314429,-0.8267522531517276,-0.3157391404160022,-2.1342991751590934,0.2692654456753514,Lansia tinggi - Kemiskinan tinggi,12.5218,9.99,7.6,12906,63.78,3.38
Kepulauan Anambas,Kep. Riau,2024,-0.8844512627640714,-0.4913701234529409,-1.3589460422306778,-0.9073359533214582,-0.6130995553768616,-0.710021509161423,Lansia rendah - Kemiskinan rendah,9.3448,6.67,7.53,12983,68.42,2.38
Kota Batam,Kep. Riau,2024,3.4538321382076864,-2.13298001870319,0.1437493344688193,0.4915109133450135,-0.1277625341126739,-1.5842051825619357,Lansia rendah - Kemiskinan rendah,5.5517,4.85,11.21,19668,74.15,7.68
Kota Tanjung Pinang,Kep. Riau,2024,1.9675311030304288,-0.31060100838205,-0.6929929515649044,0.5381988902122825,-0.2508186567466387,-0.4930101195280038,Lansia rendah - Kemiskinan rendah,10.7071,6.86,10.67,16663,73.21,4.69
Kep. Seribu,DKI Jakarta,2024,0.2917940779973644,-1.637349618082356,1.4244699783729482,0.8163799845056832,-0.5750477286509706,-0.5620751066377159,Lansia rendah - Kemiskinan tinggi,8.1502,13.03,9.26,14110,69.82,7.93
Kota Jakarta Selatan,DKI Jakarta,2024,5.058731431509774,-0.1834312455296909,-1.4460928399193518,1.1127644261093723,-1.7524413967239227,-1.784344894210188,Lansia tinggi - Kemiskinan rendah,11.7757,3.03,11.95,25573,75.12,5.22
Kota Jakarta Timur,DKI Jakarta,2024,3.9243929845735934,-0.5752722153411756,-0.08234446663868,0.62430210539394,-0.3292686573194107,-0.4795732979943708,Lansia tinggi - Kemiskinan rendah,11.0108,4.09,11.99,19193,75.42,6.95
Kota Jakarta Pusat,DKI Jakarta,2024,3.5708652946702597,0.1911074631920234,-0.2041194042999445,0.5790273617057945,-0.5658130070292896,-0.200006226720579,Lansia tinggi - Kemiskinan rendah,13.3122,4.63,11.61,18661,75.3,6.24
Kota Jakarta Barat,DKI Jakarta,2024,4.045332116750132,-0.4841426943875679,-0.6163870245717898,0.646774764675943,-1.2467724963999278,-1.3207408394024889,Lansia tinggi - Kemiskinan rendah,11.0537,3.94,11.24,22119,74.41,6.18
Kota Jakarta Utara,DKI Jakarta,2024,3.132548017788037,-0.5212532120527898,-0.2522789172465242,0.7892664262817624,-0.8849908314419705,-1.149144754429711,Lansia rendah - Kemiskinan rendah,10.5935,6.44,10.85,20032,74.0,6.18
Bogor,Jawa Barat,2024,0.3794062965302423,-1.0263618918230486,1.2047466196483874,-0.8715433860079383,0.3519585415903973,-0.3106394520558264,Lansia rendah - Kemiskinan rendah,8.6618,7.05,8.39,11563,72.2,7.34
Sukabumi,Jawa Barat,2024,-0.2607989932995168,-0.0823467030802528,1.483079541841036,-1.4370700202402218,0.1584658728734212,0.1300508741103359,Lansia tinggi - Kemiskinan rendah,11.5749,6.87,7.34,9815,72.11,7.11
Cianjur,Jawa Barat,2024,-1.1483796339349086,-0.0992658906077586,1.1665305175913587,-0.8335542086738397,0.2375231469610345,0.1363479576105724,Lansia tinggi - Kemiskinan tinggi,11.0837,10.14,7.33,9026,71.0,5.99
Bandung,Jawa Barat,2024,0.8844405856080292,-0.3129712021278598,0.7562993193135483,-0.7218292887654107,0.940177097511134,-0.080658112326756,Lansia rendah - Kemiskinan rendah,9.8879,6.19,9.15,11392,74.59,6.36
Garut,Jawa Barat,2024,-0.6008078820437597,-0.4835265840777499,1.5343099511450846,-0.7627243577995567,0.683142867481359,0.0305319245617648,Lansia rendah - Kemiskinan tinggi,9.7745,9.68,7.85,9168,72.32,6.96
Tasikmalaya,Jawa Barat,2024,-1.318978877620394,0.832249292963333,0.0702159479590595,-0.4898423151306244,-0.004223990701221,0.7765782255909158,Lansia tinggi - Kemiskinan tinggi,14.0361,10.23,7.97,8965,70.44,3.74
Ciamis,Jawa Barat,2024,-0.3449740443037384,2.0139112098455247,-0.1511643529507205,-0.8489929419034773,-0.1031148063329907,0.9159150104200814,Lansia tinggi - Kemiskinan rendah,17.2806,7.39,8.1,10085,72.92,3.37
Kuningan,Jawa Barat,2024,0.0045410179682815,0.7700231778582789,2.262291527152809,-0.2036452985841793,0.2990093983372727,0.0973951857900139,Lansia tinggi - Kemiskinan tinggi,13.642,11.88,7.9,10418,74.57,7.78
Cirebon,Jawa Barat,2024,-0.2433006670467557,-0.1955601446963862,1.4412686337667218,-0.3240143842825166,0.2881400949196017,-0.6718494041873427,Lansia rendah - Kemiskinan tinggi,10.0196,11.0,7.65,11529,73.09,6.74
Majalengka,Jawa Barat,2024,-0.977149444798276,0.930274903878072,0.2202514692330042,-0.3500990038521187,-0.251637234808829,0.0363771663560092,Lansia tinggi - Kemiskinan tinggi,13.674,10.82,7.53,10842,71.36,4.01
Sumedang,Jawa Barat,2024,0.4688226151442607,1.051982551768966,1.0483466399559056,-0.2664731305539808,-0.1479903764939164,0.5521270346853665,Lansia tinggi - Kemiskinan tinggi,15.2571,9.1,8.74,11589,73.5,6.16
Indramayu,Jawa Barat,2024,-0.7587847575943188,0.3185740124608474,1.4601219193852897,-0.4178203503139632,0.0895073538917235,-0.6625299987726473,Lansia tinggi - Kemiskinan tinggi,11.3066,11.93,6.95,11010,72.82,6.25
Subang,Jawa Barat,2024,0.1324189922022092,0.848586781447786,1.4938466818038818,-0.6413770631513209,-0.252637700119541,-0.2062998571783542,Lansia tinggi - Kemiskinan tinggi,13.8787,9.49,7.46,11894,73.57,6.73
Purwakarta,Jawa Barat,2024,0.4957840877217435,-0.6105798697326661,1.2723955617284548,-0.5398906561399092,-0.2619743507163695,-0.5491015925162682,Lansia rendah - Kemiskinan rendah,10.1119,8.41,8.14,13099,72.04,7.34
Karawang,Jawa Barat,2024,0.7665339961932723,-0.5530120481909913,1.6621225750966135,-0.719097661750644,-0.0391612202569302,-0.6173688903673415,Lansia rendah - Kemiskinan rendah,10.0667,7.86,8.05,12942,73.19,8.04
Bekasi,Jawa Barat,2024,1.8128757975198653,-1.4724878359094151,1.5589415047286392,-0.7872782376703326,0.9450012995609394,-0.2582239029974538,Lansia rendah - Kemiskinan rendah,7.5153,4.8,9.76,12500,74.65,8.82
Bandung Barat,Jawa Barat,2024,-0.3403649996876548,-0.0449535816497264,1.4797965749949034,-0.4021635333470458,0.7633959052185423,0.0837631055650268,Lansia rendah - Kemiskinan tinggi,10.8178,10.49,8.24,9583,73.4,6.7
Pangandaran,Jawa Barat,2024,-0.9623163958072808,2.1981649599925395,-0.9096447190260092,-0.5451295373529804,0.0794734259007375,0.8384431817398428,Lansia tinggi - Kemiskinan rendah,16.9372,8.75,8.1,9654,72.46,1.58
Kota Bogor,Jawa Barat,2024,2.0905721039403105,-0.5345238836459246,1.2879003036547176,-0.0070991817715125,0.5265647692552667,0.4006855683663602,Lansia tinggi - Kemiskinan rendah,11.136,6.53,10.71,13154,74.79,8.13
Kota Sukabumi,Jawa Barat,2024,1.5798485265261963,-0.6285989553583249,1.48393307466098,-0.1017039573408498,0.2985170531797737,0.6649048931265559,Lansia tinggi - Kemiskinan rendah,11.4908,7.2,10.38,12252,73.4,8.34
Kota Bandung,Jawa Barat,2024,3.688338061377316,-0.1110227611582638,0.3488970065401854,0.1969520486505043,-0.6525464800591372,-0.4546823994295628,Lansia tinggi - Kemiskinan rendah,12.5742,3.87,11.07,18795,75.37,7.4
Kota Cirebon,Jawa Barat,2024,1.216247314186757,-0.185621260974469,0.5825177796807015,0.4659238517076027,0.3048144949681983,0.4329494272687173,Lansia tinggi - Kemiskinan tinggi,11.7781,9.02,10.53,12869,73.38,6.29
Kota Bekasi,Jawa Barat,2024,3.576603946708834,-0.6819219596440318,0.5637352649064874,0.2619701526671107,0.2803084457460986,-0.1025655860324188,Lansia rendah - Kemiskinan rendah,10.6236,4.01,11.79,16775,76.02,7.82
Kota Depok,Jawa Barat,2024,3.3214851699394923,-0.6667757371571932,-0.3054423472844415,-0.0827272242525129,0.390363342038853,-0.2214824479375612,Lansia rendah - Kemiskinan rendah,9.9928,2.34,11.59,16640,75.54,6.27
Kota Cimahi,Jawa Barat,2024,2.799925191096268,-0.8575371369356499,1.4012361302877057,-0.1650807448419463,0.6532861154355593,0.7666300658681336,Lansia tinggi - Kemiskinan rendah,11.0076,4.39,11.52,13278,75.12,8.97
Kota Tasikmalaya,Jawa Barat,2024,0.4038212637388098,-0.0220782017154359,1.078958767174714,0.4028567859331627,0.4186638620555679,0.3473922191611662,Lansia tinggi - Kemiskinan tinggi,11.7939,11.1,9.63,11431,73.22,6.49
Kota Banjar,Jawa Barat,2024,0.5646783717718992,0.621031970605104,0.3146174621980411,-0.8298821222713187,-0.3094161346365708,0.6538371652827344,Lansia tinggi - Kemiskinan rendah,14.4115,5.85,8.83,11811,72.08,5.44
Cilacap,Jawa Tengah,2024,0.3203674162720751,0.96064084382498,2.1970441841716437,-0.4736297159018538,-0.1460661825171397,-0.2816224693426813,Lansia tinggi - Kemiskinan tinggi,14.1739,10.68,7.4,11868,74.68,7.83
Banyumas,Jawa Tengah,2024,0.2768967212726917,1.2538547077801812,1.3404450901214462,0.1403247190108839,-0.2849297395790343,-0.3860759894189223,Lansia tinggi - Kemiskinan tinggi,14.5967,11.95,7.91,12960,74.44,6.18
Purbalingga,Jawa Tengah,2024,-0.8111576698734642,1.2782780843101291,1.0649405320223662,0.2740446587971432,0.075432519117682,-0.4994477564174818,Lansia tinggi - Kemiskinan tinggi,13.6183,14.18,7.36,11343,73.82,4.96
Banjarnegara,Jawa Tengah,2024,-0.9200800756260265,1.6006221394989386,1.6191832775223804,0.1113458667594109,0.2594021152738361,-0.5317564263100342,Lansia tinggi - Kemiskinan tinggi,14.2148,14.71,6.87,10595,74.88,5.57
Kebumen,Jawa Tengah,2024,-0.9376855945383212,1.5733663446292478,1.302571316428164,0.6402873127319432,0.3548496866712427,0.004095475359023,Lansia tinggi - Kemiskinan tinggi,14.6964,15.71,7.87,10176,74.32,5.07
Purworejo,Jawa Tengah,2024,0.2366042850734836,2.426841499558656,0.3355312056055013,0.1758863518574257,0.2072756647085077,0.3980192376708526,Lansia tinggi - Kemiskinan tinggi,17.4394,10.87,8.65,11584,75.76,3.89
Wonosobo,Jawa Tengah,2024,-1.3016173487111486,1.2674049571064423,0.6336311334350391,0.4229354937042108,-0.3335117926735408,-0.7973123532241783,Lansia tinggi - Kemiskinan tinggi,13.4047,15.28,6.9,11980,72.44,4.02
Magelang,Jawa Tengah,2024,-0.4537576015126994,1.8126973430785116,0.1989458053680053,-0.1843268436516298,0.3612753296025381,-0.064840601922489,Lansia tinggi - Kemiskinan tinggi,14.9243,10.83,7.83,10926,74.66,3.55
Boyolali,Jawa Tengah,2024,0.6842720401466136,2.1511553383657893,-0.2432123799870886,0.0578899581810708,0.1452123562871574,-0.8046106365857187,Lansia tinggi - Kemiskinan tinggi,15.1296,9.63,8.17,14195,76.65,3.16
Klaten,Jawa Tengah,2024,0.9209631157849114,2.304396216083361,0.2756265134427036,0.8308863316945552,0.4187658067423939,-0.1959183296794206,Lansia tinggi - Kemiskinan tinggi,16.2459,12.04,9.29,13513,77.46,3.97
Sukoharjo,Jawa Tengah,2024,1.5192626330292278,1.8382502483541496,-0.2776422937551319,0.132966107071128,1.1657934084244426,0.0488607617552042,Lansia tinggi - Kemiskinan rendah,14.5803,7.47,10.01,12758,78.38,3.65
Wonogiri,Jawa Tengah,2024,-0.2459978784856634,3.8729110184937663,0.035660159145538,-0.2093895246355565,0.1673654771845069,0.5450813826829348,Lansia tinggi - Kemiskinan tinggi,20.7554,10.71,7.68,10634,76.9,2.4
Karanganyar,Jawa Tengah,2024,0.9982597637851124,2.203913680422757,-0.0686870152888782,0.2889886256247638,0.9154563347764624,-0.1933054327299846,Lansia tinggi - Kemiskinan tinggi,15.2978,9.59,9.26,12732,78.16,3.47
Sragen,Jawa Tengah,2024,0.2740159485266209,2.407037820818184,0.2245554031842344,0.4531850108144565,-0.0583117637646086,-0.7670878088300108,Lansia tinggi - Kemiskinan tinggi,16.0537,12.41,7.88,13890,76.38,3.53
Grobogan,Jawa Tengah,2024,-0.5379575503009776,1.9025617767854155,0.1573296299813712,-0.1762743525768132,0.4573763896170864,-0.6669730498729253,Lansia tinggi - Kemiskinan tinggi,14.1126,11.43,7.29,11548,75.47,3.23
Blora,Jawa Tengah,2024,-0.5734507244436909,2.3244243488379253,0.4717300104973914,-0.2699697108199764,0.1815839123178166,-0.1432018889659919,Lansia tinggi - Kemiskinan tinggi,16.2578,11.42,7.26,10926,75.15,3.67
Rembang,Jawa Tengah,2024,-0.7110449404051087,2.043709547092821,0.0692255036724371,0.5330480428648743,0.3606064406796754,-0.5848682837532213,Lansia tinggi - Kemiskinan tinggi,14.6043,14.02,7.73,11830,75.19,2.84
Pati,Jawa Tengah,2024,0.2588316085816433,2.089351687241398,0.3000768927554448,-0.4229075299488036,0.5806698531731385,-0.3842178815183891,Lansia tinggi - Kemiskinan tinggi,15.0694,9.17,7.82,11829,76.76,3.87
Kudus,Jawa Tengah,2024,0.9627157611396028,1.153495913430678,-0.5539765657289238,-0.1619768753457237,1.282700744154583,-0.4744835069964458,Lansia tinggi - Kemiskinan rendah,11.8625,7.23,9.35,12533,77.25,3.19
Jepara,Jawa Tengah,2024,0.4939184007684304,1.193949259081618,-0.3726442677319069,-0.8609515913505724,1.085010789037565,-0.5433040645513543,Lansia tinggi - Kemiskinan rendah,12.0117,6.09,8.27,11729,76.46,3.34
Demak,Jawa Tengah,2024,-0.0239407408909598,0.8936647082486883,0.6849365765409643,0.1977290686129908,0.9615979457360648,-0.6992118003513714,Lansia tinggi - Kemiskinan tinggi,11.4515,11.89,8.28,11591,75.97,4.75
Semarang,Jawa Tengah,2024,0.8152066020287205,1.587567683664204,-0.1745295668946858,-0.5822690271698229,0.4045544209436821,-0.6649581584949159,Lansia tinggi - Kemiskinan rendah,13.7644,6.96,8.16,13377,76.34,3.73
Temanggung,Jawa Tengah,2024,-0.3819483289755507,2.3651820719534404,-0.3408325736633652,-0.6867721784839838,0.7719033080221448,-0.1723472953659394,Lansia tinggi - Kemiskinan rendah,15.3575,8.67,7.53,10519,76.16,2.35
Kendal,Jawa Tengah,2024,0.4034510825576087,1.094565231274251,0.5767563097835313,-0.342754028902045,0.0734309943783745,-0.8016307869035387,Lansia tinggi - Kemiskinan tinggi,12.9783,9.35,7.74,13277,75.02,5.01
Batang,Jawa Tengah,2024,-0.1052174968505816,0.9950651180199628,1.1290346851345203,-0.9611283121987446,0.5685448077208878,-0.5926714052770153,Lansia tinggi - Kemiskinan rendah,12.4311,8.73,7.08,10919,75.3,5.67
Pekalongan,Jawa Tengah,2024,-0.3877844950217222,1.0265775282731664,-0.1879054732888425,-0.5968736678565607,0.5192987055046993,-0.749009477103898,Lansia tinggi - Kemiskinan tinggi,11.8471,8.95,7.48,11701,74.32,3.3
Pemalang,Jawa Tengah,2024,-1.140735809157913,0.8230956290137189,2.1181519551707257,-0.0720437272479387,0.432814742648459,-0.7522382524314367,Lansia tinggi - Kemiskinan tinggi,11.9927,14.92,6.56,10017,74.29,6.63
Tegal,Jawa Tengah,2024,0.0545237696023097,-0.3231765689258888,1.5699089316353534,-1.347297449168316,-0.007297193055349,-0.2025278964480605,Lansia rendah - Kemiskinan rendah,10.8864,6.81,7.36,10972,72.2,7.53
Brebes,Jawa Tengah,2024,-1.2372569611434523,-0.2067176789444478,2.6398780889786475,0.0322551588606915,-0.821891899850636,-0.6719314892723376,Lansia tinggi - Kemiskinan tinggi,11.4809,15.6,6.41,11389,70.34,8.35
Kota Magelang,Jawa Tengah,2024,2.432380725108158,1.8698247757780468,-0.3032470535215169,0.383389310250297,0.6575687559606473,0.955693154998686,Lansia tinggi - Kemiskinan rendah,16.8601,5.94,11.43,13619,77.62,4.4
Kota Surakarta,Jawa Tengah,2024,2.7086105691513325,1.6077108235953603,-0.2251252615306447,1.0404444109826632,0.3247898782526364,-0.0574381561955178,Lansia tinggi - Kemiskinan rendah,15.3601,8.31,11.25,16291,78.02,4.61
Kota Salatiga,Jawa Tengah,2024,3.2341847733580127,1.2785577252047309,-0.9872921176492038,0.5019596536886017,0.5186408086760572,-0.290093141020554,Lansia tinggi - Kemiskinan rendah,13.9435,4.57,11.48,17096,78.32,3.86
Kota Semarang,Jawa Tengah,2024,3.4264927079602656,0.7447565245361547,-0.0533174172607471,0.1398598962471613,0.4543796475676382,-0.4433332316324871,Lansia tinggi - Kemiskinan rendah,12.9353,4.03,11.05,16990,78.3,5.82
Kota Pekalongan,Jawa Tengah,2024,1.4178137867309382,0.3573202497173461,-0.0801094078467189,-0.166507057247332,0.2947169259527368,-0.6203085394804579,Lansia tinggi - Kemiskinan rendah,11.3761,6.71,9.34,14547,75.06,4.91
Kota Tegal,Jawa Tengah,2024,1.4302490595252233,0.279197573698463,0.482289588113213,-0.0684398809522783,0.2305507705036913,-0.5582981901716266,Lansia tinggi - Kemiskinan rendah,11.5497,7.64,9.28,14358,75.1,5.88
Kulon Progo,DI Yogyakarta,2024,-0.5008923850707331,3.228430370663127,-0.1936131704618837,1.3352230403254806,0.3081440153894461,0.7022746827508741,Lansia tinggi - Kemiskinan tinggi,19.201,15.62,9.2,10990,75.72,2.01
Bantul,DI Yogyakarta,2024,1.3542357985248556,1.7429352066072976,-0.451301395210062,1.2628477153395123,-0.8743168675762678,-0.3836878385127556,Lansia tinggi - Kemiskinan tinggi,16.2437,11.66,9.81,16851,74.36,3.62
Gunung Kidul,DI Yogyakarta,2024,-1.1773204852224333,3.838729563295031,0.181658606003782,0.5459034882575963,-0.4175618616120682,0.529215521466143,Lansia tinggi - Kemiskinan tinggi,21.1693,15.18,7.35,10630,74.68,2.16
Sleman,DI Yogyakarta,2024,2.673814976293874,1.2421595736421065,-0.7873112889924665,1.0323177734626268,-0.4778139461876324,-0.0052315219771779,Lansia tinggi - Kemiskinan rendah,15.4283,7.46,11.33,17586,75.44,4.13
Kota Yogyakarta,DI Yogyakarta,2024,3.985199703780396,1.0662955221270165,-0.4108228172724189,1.2970193813433848,-1.390595835010831,0.0371509290528369,Lansia tinggi - Kemiskinan rendah,16.7654,6.26,12.12,20603,75.16,5.8
Pacitan,Jawa Timur,2024,-1.211658119610152,3.379734168170422,-0.4316839608840068,0.2903204187792497,-0.4285433660207728,0.9869013845896067,Lansia tinggi - Kemiskinan tinggi,20.5782,13.08,7.9,10099,73.09,1.56
Ponorogo,Jawa Timur,2024,-0.0982045352552862,2.6472964785475748,0.4723093808865737,-0.548287345855625,-0.529665467137305,0.7989410093224865,Lansia tinggi - Kemiskinan tinggi,19.3777,9.11,7.8,11065,73.82,4.19
Trenggalek,Jawa Timur,2024,-0.200800035351663,2.585806829910488,0.4572317021006188,-0.231975774729429,-0.0480467408884572,0.5038436226080509,Lansia tinggi - Kemiskinan tinggi,18.1758,10.5,7.92,10872,74.88,3.9
Tulungagung,Jawa Timur,2024,0.7600291394351709,1.874073628092815,-0.0044472904593095,-0.6943649627019567,0.1498665178005405,0.4214730912494375,Lansia tinggi - Kemiskinan rendah,16.3223,6.28,8.68,11966,75.18,4.12
Blitar,Jawa Timur,2024,0.3315335736751292,1.861010563345168,0.5376155004559942,-0.641442957571975,-0.168915220663605,0.1254115142739686,Lansia tinggi - Kemiskinan rendah,16.3164,8.16,7.87,12020,74.61,4.77
Kediri,Jawa Timur,2024,0.202819669116728,1.2832812304997427,0.6213183446766826,-0.1411758340098695,-0.2737581584918949,0.0557660252219855,Lansia tinggi - Kemiskinan tinggi,15.0249,9.95,8.26,12388,73.53,5.1
Malang,Jawa Timur,2024,-0.0963893640047373,1.272188188251576,0.7198213998234576,-0.6151969797900858,-0.0602254131022035,0.1498151916214079,Lansia tinggi - Kemiskinan tinggi,14.7958,8.98,7.8,11190,73.5,5.13
Lumajang,Jawa Timur,2024,-1.0304897525444028,1.660912761445906,-0.1118562330091925,-0.9026344010363284,-0.4688897139854966,0.5603511859691684,Lansia tinggi - Kemiskinan rendah,16.2347,8.65,7.27,10124,71.19,3.28
Jember,Jawa Timur,2024,-1.365404922055606,1.327208172957612,-0.1350241695710321,-1.0405817826831028,-0.7317338832032467,0.0431029050076701,Lansia tinggi - Kemiskinan tinggi,14.9583,9.01,6.54,10700,70.25,3.23
Banyuwangi,Jawa Timur,2024,0.2101491719460808,1.3474272396492273,-0.222034335368629,-0.8525334570355044,-0.9955928566620922,0.0926673199071402,Lansia tinggi - Kemiskinan rendah,15.8645,6.54,7.78,13320,71.61,4.03
Bondowoso,Jawa Timur,2024,-1.762979110404851,1.4045831539233913,0.1555667774030661,-0.2759389483004038,-1.769446404346951,0.2471605327794158,Lansia tinggi - Kemiskinan tinggi,16.7219,12.6,6.53,11689,67.81,3.63
Situbondo,Jawa Timur,2024,-1.3697079449237952,1.8121282540789805,-0.0299535659077057,-0.3541746679261882,-1.0703671129796657,0.2820015362783689,Lansia tinggi - Kemiskinan tinggi,16.8768,11.51,6.93,11216,70.16,3.15
Probolinggo,Jawa Timur,2024,-2.2632587246842237,1.116812053711546,0.0819827212233344,0.4881419850168782,-1.4243305778889657,-0.6064443531778162,Lansia tinggi - Kemiskinan tinggi,14.2485,16.45,6.31,12258,68.33,3.0
Pasuruan,Jawa Timur,2024,-0.4950393405575167,0.4389618990410746,0.4417298685100339,-0.7793755534359809,-0.4594099547281597,-0.1013501299172072,Lansia tinggi - Kemiskinan rendah,12.8294,8.63,7.46,11617,71.04,5.02
Sidoarjo,Jawa Timur,2024,2.676110492785004,-0.1855385569276528,0.1656179689010848,0.0023862500157898,0.0915759538104746,-0.0202463604270788,Lansia tinggi - Kemiskinan rendah,11.7102,4.53,10.91,15710,74.94,6.49
Mojokerto,Jawa Timur,2024,0.6023896955207786,0.915704953128911,-0.3208699643593546,0.2575657982492447,-0.1508661457745387,-0.2390089048229145,Lansia tinggi - Kemiskinan tinggi,13.4406,9.37,9.13,13903,73.5,3.87
Jombang,Jawa Timur,2024,0.2560501045151392,1.0472830112618037,-0.2604081595310794,-0.155214102590784,0.0742971251394826,0.014103717610073,Lansia tinggi - Kemiskinan rendah,13.7235,8.6,8.78,12454,73.47,3.75
Nganjuk,Jawa Timur,2024,0.0583301098590381,1.4835699063655117,-0.0621358596268176,0.0467152454339194,-0.6960504483303933,-0.0412812040255054,Lansia tinggi - Kemiskinan tinggi,15.6227,10.17,8.25,13376,72.52,3.87
Madiun,Jawa Timur,2024,0.0284644462578299,2.2263906216071203,0.3667757184018756,0.0324849037398516,-1.0320426647593357,0.6001304653717545,Lansia tinggi - Kemiskinan tinggi,18.7837,10.63,8.2,12668,72.52,4.34
Magetan,Jawa Timur,2024,0.3747313448597776,2.683798576148148,-0.2370125757561217,0.0320642121645056,-0.8261096517688382,0.7539103428131856,Lansia tinggi - Kemiskinan tinggi,19.7015,9.32,8.69,12915,73.54,3.28
Ngawi,Jawa Timur,2024,-0.70000827156602,2.8542941948952185,-0.1833677813667398,0.6021129684715264,-0.6779268413657709,0.1588445345274244,Lansia tinggi - Kemiskinan tinggi,18.7546,13.81,7.84,12414,73.44,2.4
Bojonegoro,Jawa Timur,2024,-0.6277942445706051,1.7560176694993803,0.6233816401306461,-0.12582159953698,-0.3967221363545333,0.2116718956431458,Lansia tinggi - Kemiskinan tinggi,16.2303,11.69,7.59,11204,72.81,4.42
Tuban,Jawa Timur,2024,-0.9357581055437478,1.7034670836004402,0.7053643458509289,0.418514919512064,-0.4609317520653211,-0.066071963059475,Lansia tinggi - Kemiskinan tinggi,15.7365,14.36,7.53,11579,72.59,4.28
Lamongan,Jawa Timur,2024,-0.0561062276695488,1.776219828321033,0.4290442199116142,0.4110786256404685,-0.3990444214599702,0.2190071301557799,Lansia tinggi - Kemiskinan tinggi,16.4105,12.16,8.48,12419,73.46,4.34
Gresik,Jawa Timur,2024,1.280454565340719,-0.0011466223225798,0.7468146333899182,0.6856494123004576,-0.1088158797436731,-0.1027628951357484,Lansia tinggi - Kemiskinan tinggi,12.0361,10.32,10.03,14356,73.56,6.45
Bangkalan,Jawa Timur,2024,-2.4333247760086034,0.6795560405677447,1.6804494648597,0.4843762093027029,-0.2194064436908068,-0.8153264076490643,Lansia tinggi - Kemiskinan tinggi,11.8779,18.66,6.01,9841,71.02,5.35
Sampang,Jawa Timur,2024,-3.79291253852473,0.8024829033440186,0.4769078908793956,0.6899649238820602,-0.4699883422345598,-1.3296474333457493,Lansia tinggi - Kemiskinan tinggi,10.954,20.83,5.08,9782,68.86,2.5
Pamekasan,Jawa Timur,2024,-2.424488650662232,0.6778000342249091,-0.8022623334775972,0.0154678854680759,-0.3322823304488316,-0.0275566745938148,Lansia tinggi - Kemiskinan tinggi,12.3506,13.41,7.17,9811,68.53,1.64
Sumenep,Jawa Timur,2024,-2.466501038882704,2.776594173149906,0.1152089797276753,0.5663204048004842,-0.2954129541104657,-0.4535937090006343,Lansia tinggi - Kemiskinan tinggi,16.7768,17.78,6.1,10156,72.7,1.69
Kota Kediri,Jawa Timur,2024,1.6583848140668676,0.8091008506599787,-0.6957756613056693,0.3163121169623024,0.4585372940019477,0.4948270043470832,Lansia tinggi - Kemiskinan rendah,13.6731,6.51,10.92,13670,74.91,3.91
Kota Blitar,Jawa Timur,2024,2.078523277927117,0.7233906913354855,-0.1724214098951965,0.3975883672678805,0.0123695818397082,0.3123380425506864,Lansia tinggi - Kemiskinan rendah,14.0772,6.75,10.82,14933,74.9,5.11
Kota Malang,Jawa Timur,2024,3.185054786514504,0.2884263700012976,-0.2187298338188092,0.1851281900225413,-0.7397145019825008,0.0406132900372293,Lansia tinggi - Kemiskinan rendah,13.9693,3.91,11.14,17791,74.34,6.1
Kota Probolinggo,Jawa Timur,2024,0.7919935854992889,-0.0570520292204778,-0.534397915555743,-0.2556983906141435,-0.3154855228435869,0.3195141790226186,Lansia tinggi - Kemiskinan rendah,12.2045,6.18,9.72,13405,71.22,4.44
Kota Pasuruan,Jawa Timur,2024,1.300376387853267,-0.0807210368065127,-0.5037248149902037,-0.0252676215180577,-0.1849690052517779,-0.1161269695816534,Lansia tinggi - Kemiskinan rendah,11.5332,6.32,9.94,14664,72.55,4.63
Kota Mojokerto,Jawa Timur,2024,2.0394305175622742,0.5336613748738364,-1.0514348292734452,0.4123016132554032,0.2098264356727333,0.4550805808581629,Lansia tinggi - Kemiskinan rendah,13.3078,5.57,11.38,14842,74.31,3.76
Kota Madiun,Jawa Timur,2024,3.08930612328998,0.9939688349293232,-1.129119526983618,0.677278255809098,-0.8851851520566376,0.8144864325142118,Lansia tinggi - Kemiskinan rendah,16.5572,4.38,12.11,17518,73.71,4.3
Kota Surabaya,Jawa Timur,2024,3.348966090803018,0.3864826800281779,-0.8708647298979137,0.3511742336391031,-0.7974038236427886,-0.7712477373280882,Lansia tinggi - Kemiskinan rendah,12.9582,3.96,10.89,19666,75.03,4.91
Kota Batu,Jawa Timur,2024,1.5889342170639575,0.6991083447419454,-1.0427201840366491,-0.6733636477239714,-0.0935459077300013,0.2383929993097146,Lansia tinggi - Kemiskinan rendah,13.6116,3.06,9.87,14253,73.54,3.63
Pandeglang,Banten,2024,-1.3632159714964929,-1.6019858358080583,1.7121870393545946,-1.1682713698775102,-1.0388094318144403,0.5071825337832713,Lansia rendah - Kemiskinan tinggi,9.8974,9.18,7.16,9574,65.84,8.09
Lebak,Banten,2024,-1.4357397448739735,-0.9264189217403044,1.0037050703187942,-1.3970035797328313,-0.3532105680053863,-0.1634615073673427,Lansia rendah - Kemiskinan rendah,9.3691,8.44,6.61,9631,68.39,6.23
Tangerang,Banten,2024,0.5854823939953804,-1.4081464929743384,0.2060828186273977,-0.5169447068271837,0.0579420610156733,-0.4992109114103403,Lansia rendah - Kemiskinan rendah,7.647,6.55,9.06,13254,70.93,6.06
Serang,Banten,2024,0.0096137080258003,-2.3188069941108536,1.567932877601225,-1.6654423304917412,-1.3023883958064937,0.3827126049751071,Lansia rendah - Kemiskinan rendah,8.7822,4.51,7.88,11767,65.94,9.18
Kota Tangerang,Banten,2024,2.1452032027620915,-1.0038924934146414,-0.2949568454905957,0.2582302540571693,-0.0656041147834818,-0.0360891043622744,Lansia rendah - Kemiskinan rendah,9.7142,5.43,11.14,15641,72.51,5.92
Kota Cilegon,Banten,2024,1.148849424093544,-2.0078929723829253,-0.4605594247616547,-0.517424111521146,-0.7955079851788843,0.4075194965858957,Lansia rendah - Kemiskinan rendah,8.6096,3.75,10.39,14294,67.71,6.08
Kota Serang,Banten,2024,0.8807424988347902,-1.9050977281187345,0.4551409853556475,-0.66867182369748,-0.6701330775785298,-0.5845850871633453,Lansia rendah - Kemiskinan rendah,7.4791,5.65,8.93,14603,69.31,7.12
Kota Tangerang Selatan,Banten,2024,3.029763414500962,-0.6096491090903554,-1.0405897384511402,0.0949283812221034,-0.1776748384853676,0.1261310455919229,Lansia tinggi - Kemiskinan rendah,11.0195,2.36,11.86,17028,73.36,5.09
