Kab_kota,Provinsi,Tahun,UMAP1,UMAP2,Tipologi_Lansia,PC1,PC2,pct_lansia,p0_miskin,rls,pengeluaran,ahh_rata2,tpt_total
Simeulue,Aceh,2024,1.7162468,1.5060664,Lansia rendah - Kemiskinan tinggi,-2.2229215289142825,-1.7515964266400872,8.484,17.69,9.89,8106,65.78,5.5
Aceh Singkil,Aceh,2024,1.9782472,1.478258,Lansia rendah - Kemiskinan tinggi,-2.010257090740333,-1.8668981734029864,6.3405,19.06,8.72,9862,67.94,6.44
Aceh Selatan,Aceh,2024,0.844422,2.303843,Lansia rendah - Kemiskinan tinggi,-1.863917514243371,-1.1295975925888169,10.7883,12.02,8.92,9190,65.02,4.56
Aceh Tenggara,Aceh,2024,2.6170537,2.788449,Lansia rendah - Kemiskinan tinggi,-1.0774662661542165,-1.3951478434430231,8.2391,11.99,10.1,8876,68.82,4.79
Aceh Timur,Aceh,2024,3.5899038,2.1521044,Lansia rendah - Kemiskinan tinggi,-0.9888236552465364,-1.6016531955486142,7.9263,13.26,8.48,9889,69.23,7.75
Aceh Tengah,Aceh,2024,1.9107866,2.309438,Lansia rendah - Kemiskinan tinggi,-0.7467409955453318,-0.9844109056209456,8.8787,14.27,10.03,11805,69.34,4.21
Aceh Barat,Aceh,2024,2.1117496,1.6802694,Lansia rendah - Kemiskinan tinggi,-1.2279697414083477,-0.9194384157789276,10.1682,17.6,9.99,10548,68.53,5.58
Aceh Besar,Aceh,2024,4.19048,2.0077348,Lansia rendah - Kemiskinan tinggi,0.0562509790078296,-1.3911752663904198,9.475,13.21,10.37,10810,70.34,7.93
Pidie,Aceh,2024,1.858779,1.6943258,Lansia rendah - Kemiskinan tinggi,-1.607340898638341,-0.7594579521541994,10.8519,18.59,9.04,11187,67.46,5.74
Bireuen,Aceh,2024,2.0549717,2.9856079,Lansia rendah - Kemiskinan tinggi,-0.6624495642023595,-0.2199545841535937,9.9862,12.1,9.59,10150,71.88,3.93
Aceh Utara,Aceh,2024,2.4238098,1.6302629,Lansia rendah - Kemiskinan tinggi,-1.294709786877162,-1.0970593939996376,9.3803,16.11,9.11,9374,69.32,6.88
Aceh Barat Daya,Aceh,2024,1.1850935,1.8589271,Lansia rendah - Kemiskinan tinggi,-2.2756101959716792,-1.1047956995530537,9.5001,15.32,8.78,9559,65.69,3.83
Gayo Lues,Aceh,2024,1.2149012,1.9239312,Lansia rendah - Kemiskinan tinggi,-2.909375138613397,-1.3090154413002022,6.9191,18.3,8.44,9967,66.07,2.4
Aceh Tamiang,Aceh,2024,3.6246884,2.1245701,Lansia rendah - Kemiskinan tinggi,-0.6253770703090789,-1.1135308742711651,9.3267,12.17,9.3,9529,70.26,6.95
Nagan Raya,Aceh,2024,2.1361806,1.7452736,Lansia rendah - Kemiskinan tinggi,-1.4978461322759309,-0.5174204525569155,10.2517,16.94,9.25,9523,69.79,5.22
Aceh Jaya,Aceh,2024,0.97568136,2.9384246,Lansia rendah - Kemiskinan tinggi,-1.483707672281834,-0.9061988622727803,8.7581,12.25,9.02,11007,67.74,2.75
Bener Meriah,Aceh,2024,1.8258874,2.239727,Lansia rendah - Kemiskinan tinggi,-1.325660712318596,-0.6234262605161703,8.2634,18.18,10.13,12360,69.84,2.2
Pidie Jaya,Aceh,2024,1.852498,2.195308,Lansia rendah - Kemiskinan tinggi,-1.2571902516310112,-0.0624956279074597,10.548,18.28,9.59,11274,70.82,3.82
Kota Banda Aceh,Aceh,2024,7.4338098,1.3896371,Lansia rendah - Kemiskinan rendah,3.3212785211485247,-1.9583049727021948,8.4371,6.95,13.1,18100,72.22,7.55
Kota Sabang,Aceh,2024,1.9914033,2.3660607,Lansia rendah - Kemiskinan tinggi,-0.1606973320689568,-0.5026090253333152,9.5077,14.58,11.22,12625,71.22,2.95
Kota Langsa,Aceh,2024,5.218843,1.900469,Lansia rendah - Kemiskinan tinggi,1.0154912049331255,-1.5536881317631177,9.6524,10.33,11.28,13133,69.97,7.34
Kota Lhokseumawe,Aceh,2024,5.38174,1.7326072,Lansia rendah - Kemiskinan tinggi,1.3972764673576286,-1.581447157134992,8.8008,10.44,11.31,12694,72.3,8.47
Kota Subulussalam,Aceh,2024,1.621552,1.501054,Lansia rendah - Kemiskinan tinggi,-2.802494261050801,-2.44259174400003,5.436,16.38,8.43,8491,64.56,5.12
Nias,Sumatera Utara,2024,1.2538797,2.5184107,Lansia rendah - Kemiskinan tinggi,-3.0913573608326703,-0.0911645609531717,7.5802,14.89,6.4,7698,70.56,2.1
Mandailing Natal,Sumatera Utara,2024,3.5862772,2.6366973,Lansia rendah - Kemiskinan rendah,-0.924226622891956,-2.444212575512051,8.7654,8.69,9.11,10644,63.7,7.22
Tapanuli Selatan,Sumatera Utara,2024,2.9976776,3.405318,Lansia rendah - Kemiskinan rendah,-0.5964084893819744,-1.4455865007210291,9.3224,6.92,9.56,12213,65.78,3.41
Tapanuli Tengah,Sumatera Utara,2024,3.7630455,2.4055827,Lansia rendah - Kemiskinan tinggi,-0.5857703452073353,-1.667744242569798,8.5858,11.8,8.92,11128,68.24,7.45
Tapanuli Utara,Sumatera Utara,2024,1.7905296,4.9940343,Lansia tinggi - Kemiskinan rendah,-0.2068455988251596,0.1019883025996015,11.7143,8.21,10.31,12382,69.82,1.21
Toba Samosir / Toba,Sumatera Utara,2024,1.8817397,4.9994984,Lansia tinggi - Kemiskinan rendah,0.2710743639680964,0.2367687787201046,11.4443,8.07,10.77,12960,71.46,1.09
Labuhan Batu,Sumatera Utara,2024,4.3297224,3.2677245,Lansia rendah - Kemiskinan rendah,0.3465406393053358,-1.2854585850385731,8.0917,7.84,9.5,12102,71.04,5.9
Asahan,Sumatera Utara,2024,3.9370875,3.3458176,Lansia rendah - Kemiskinan rendah,-0.0292838718376431,-1.0783759838935905,9.5788,8.12,8.85,12301,69.32,5.94
Simalungun,Sumatera Utara,2024,5.812212,3.4634619,Lansia tinggi - Kemiskinan rendah,0.6315772983869393,-0.0160046324844899,11.8861,7.72,9.73,12119,72.44,5.17
Dairi,Sumatera Utara,2024,1.7542143,4.913802,Lansia rendah - Kemiskinan rendah,-0.3764756734858427,-0.1540617327498055,10.3471,7.1,9.89,11355,70.32,1.43
Karo,Sumatera Utara,2024,2.1098692,5.122968,Lansia rendah - Kemiskinan rendah,0.5442975173382778,0.1311681580423218,10.8917,7.37,10.12,13278,72.48,2.4
Deli Serdang,Sumatera Utara,2024,5.7556624,1.594775,Lansia rendah - Kemiskinan rendah,1.9405775632272104,-1.3516702405524823,9.3505,3.44,10.29,13279,72.53,8.02
Langkat,Sumatera Utara,2024,4.083196,3.556508,Lansia rendah - Kemiskinan tinggi,-0.0760629891398366,-0.7355586594161202,10.441,9.04,8.74,12080,69.95,6.08
Nias Selatan,Sumatera Utara,2024,1.2274637,2.422351,Lansia rendah - Kemiskinan tinggi,-3.176722543391965,-0.5877436073643816,6.6333,16.32,6.52,7730,69.84,3.03
Humbang Hasundutan,Sumatera Utara,2024,1.498123,4.8641863,Lansia tinggi - Kemiskinan rendah,-1.0050203940311413,0.1616405952143387,11.0839,8.44,10.13,8844,70.54,0.92
Pakpak Bharat,Sumatera Utara,2024,1.5703973,4.569665,Lansia rendah - Kemiskinan rendah,-1.4574117565823816,-1.34438066070017,7.1746,6.87,9.73,9158,67.28,0.97
Samosir,Sumatera Utara,2024,1.5431316,4.876879,Lansia tinggi - Kemiskinan tinggi,-1.08340824268756,0.8550361326781156,11.8654,11.63,9.61,9634,72.46,0.89
Serdang Bedagai,Sumatera Utara,2024,3.8921807,3.5128338,Lansia rendah - Kemiskinan rendah,0.0493268751730515,-0.6867573039805382,10.3573,6.97,9.12,12015,69.88,4.88
Batu Bara,Sumatera Utara,2024,3.75267,2.8269455,Lansia rendah - Kemiskinan tinggi,-0.8359793880163692,-1.090539775344088,9.5907,10.94,8.51,11373,68.16,5.75
Padang Lawas Utara,Sumatera Utara,2024,2.7940922,3.2350042,Lansia rendah - Kemiskinan tinggi,-0.6936553719236795,-1.8063881166848224,6.7531,8.97,9.82,10925,68.04,3.99
Padang Lawas,Sumatera Utara,2024,3.1793747,3.0203717,Lansia rendah - Kemiskinan rendah,-0.6275992762389676,-2.059162371788883,6.8014,7.87,9.63,9821,67.93,5.47
Labuhan Batu Selatan,Sumatera Utara,2024,2.844251,3.909493,Lansia rendah - Kemiskinan rendah,-0.3629514295645141,-1.3965715355159305,6.4713,7.73,9.19,12353,69.78,3.24
Labuhan Batu Utara,Sumatera Utara,2024,3.5228426,3.6868143,Lansia rendah - Kemiskinan tinggi,-0.038267210241021,-1.1080633331902658,7.8819,8.98,9.14,12839,70.53,4.6
Nias Utara,Sumatera Utara,2024,1.3661913,2.197996,Lansia rendah - Kemiskinan tinggi,-3.613814656470355,-0.1868101702980519,7.4258,21.5,7.05,7189,70.5,2.82
Nias Barat,Sumatera Utara,2024,1.2225589,2.2918973,Lansia rendah - Kemiskinan tinggi,-4.117585873118239,0.0475847408695372,7.2945,22.68,7.26,6740,70.24,1.0
Kota Sibolga,Sumatera Utara,2024,4.890068,2.0406425,Lansia rendah - Kemiskinan tinggi,0.4398466756805366,-1.3311454332702677,8.9943,11.39,10.45,12713,70.42,6.52
Kota Tanjung Balai,Sumatera Utara,2024,0.6370551,2.579604,Lansia rendah - Kemiskinan tinggi,-1.1951589800526,-1.8604087265465037,8.5011,11.97,9.69,12264,64.48,4.08
Kota Pematang Siantar,Sumatera Utara,2024,6.053945,1.5307022,Lansia tinggi - Kemiskinan rendah,2.5238438437969424,-0.174573789055155,12.8166,7.2,11.82,13349,75.32,8.0
Kota Tebing Tinggi,Sumatera Utara,2024,5.6179585,2.0808663,Lansia tinggi - Kemiskinan rendah,1.3215059626147398,-0.6253843426154543,11.2473,8.79,10.87,13900,71.82,6.18
Kota Medan,Sumatera Utara,2024,6.4961934,1.5326775,Lansia tinggi - Kemiskinan rendah,2.8984157175353795,-0.6268474691269454,11.4296,7.94,11.79,16069,74.74,8.13
Kota Binjai,Sumatera Utara,2024,6.720641,2.8855617,Lansia rendah - Kemiskinan rendah,1.5358141726317591,-0.6215969582465476,10.4252,4.75,11.2,12015,73.34,5.44
Kota Padangsidimpuan,Sumatera Utara,2024,5.531784,1.8446275,Lansia rendah - Kemiskinan rendah,1.2089923730972236,-1.5949742417183144,9.3811,6.23,11.13,11964,70.48,7.17
Kota Gunungsitoli,Sumatera Utara,2024,1.8002372,2.8595054,Lansia rendah - Kemiskinan tinggi,-1.5773314289990124,-0.3907326507235431,7.7283,14.72,8.76,9056,72.31,3.3
Kepulauan Mentawai,Sumatera Barat,2024,0.94112957,2.1033506,Lansia rendah - Kemiskinan tinggi,-3.372225361594456,-1.1292501976284075,7.635,13.89,8.03,7192,65.32,1.44
Pesisir Selatan,Sumatera Barat,2024,3.7444344,4.916487,Lansia tinggi - Kemiskinan rendah,-0.1720180885224391,0.0012958758850045,11.7646,7.49,8.81,10211,71.64,5.06
Solok,Sumatera Barat,2024,3.6539485,4.953463,Lansia tinggi - Kemiskinan rendah,-0.550102067353318,-0.130442782857125,11.7171,7.31,7.91,10988,69.85,4.91
Sijunjung,Sumatera Barat,2024,3.4228344,3.4710102,Lansia rendah - Kemiskinan rendah,-0.472838208836041,-1.004689939709634,10.4034,5.78,8.62,11395,67.37,4.73
Tanah Datar,Sumatera Barat,2024,5.751739,5.1930285,Lansia tinggi - Kemiskinan rendah,0.6384955953191561,0.6448420645359156,15.5777,4.28,9.29,11223,71.02,5.3
Padang Pariaman,Sumatera Barat,2024,4.234872,4.6303697,Lansia tinggi - Kemiskinan rendah,0.2480202245936717,-0.2513041955188212,12.6587,6.27,8.42,11756,70.15,6.59
Agam,Sumatera Barat,2024,5.9124904,5.4318285,Lansia tinggi - Kemiskinan rendah,0.4258656470850783,0.9437734670707664,14.4161,6.83,9.23,10686,73.53,4.73
Lima Puluh Kota,Sumatera Barat,2024,3.5416358,5.423282,Lansia tinggi - Kemiskinan rendah,-0.5660893019327333,0.5739904022459277,13.4273,6.92,8.13,10648,70.52,3.68
Pasaman,Sumatera Barat,2024,3.6380455,4.594484,Lansia rendah - Kemiskinan rendah,-0.9377874437411632,-0.7853608972563381,10.3185,6.74,8.14,9194,68.66,5.25
Solok Selatan,Sumatera Barat,2024,1.7048033,4.407981,Lansia rendah - Kemiskinan rendah,-0.7386389900309526,-0.6050428287141274,9.3271,6.56,8.85,11240,69.04,2.3
Dharmasraya,Sumatera Barat,2024,4.8082566,3.5979838,Lansia rendah - Kemiskinan rendah,0.7548532225135868,-0.8073850609552673,8.9577,5.32,8.98,12254,72.64,6.02
Pasaman Barat,Sumatera Barat,2024,3.4916558,3.0236287,Lansia rendah - Kemiskinan rendah,-0.4020792482648569,-1.59140034426779,8.3001,7.0,8.99,9888,68.86,6.34
Kota Padang,Sumatera Barat,2024,6.264322,1.4246829,Lansia tinggi - Kemiskinan rendah,3.4170459635218178,-1.0414509337951974,11.4238,4.06,11.63,15458,74.53,9.88
Kota Solok,Sumatera Barat,2024,6.942159,2.7678504,Lansia rendah - Kemiskinan rendah,1.861464548053805,-0.3730989611996003,9.4476,3.07,11.37,12995,74.96,3.62
Kota Sawah Lunto,Sumatera Barat,2024,6.5774584,3.1179047,Lansia tinggi - Kemiskinan rendah,1.1855780115868464,-0.4235898010068389,12.6228,2.33,10.53,11187,70.96,5.55
Kota Padang Panjang,Sumatera Barat,2024,6.8820505,2.7950332,Lansia rendah - Kemiskinan rendah,1.6527702545330618,-0.627175548324789,10.3393,5.31,12.0,11840,73.66,4.94
Kota Bukittinggi,Sumatera Barat,2024,7.1703515,2.532042,Lansia tinggi - Kemiskinan rendah,2.4293439952433737,-0.0625221742568446,11.1707,4.08,11.65,14297,75.5,4.72
Kota Payakumbuh,Sumatera Barat,2024,7.1542425,2.5986087,Lansia tinggi - Kemiskinan rendah,2.039703475335238,0.1218454442219103,11.6035,5.19,10.89,14260,75.12,4.87
Kota Pariaman,Sumatera Barat,2024,6.5898476,2.9196527,Lansia tinggi - Kemiskinan rendah,1.6439578868088396,-0.6837946695379986,11.4566,4.26,11.06,13784,71.22,5.32
Kuantan Singingi,Riau,2024,1.7713764,4.590438,Lansia rendah - Kemiskinan rendah,-0.6942978548021145,-0.4310813617104935,9.8949,7.89,9.14,11182,69.49,2.48
Indragiri Hulu,Riau,2024,2.3649664,4.2251844,Lansia rendah - Kemiskinan rendah,-0.5485263407438187,-0.6392840237072632,7.9252,6.02,8.43,11333,70.91,2.55
Indragiri Hilir,Riau,2024,1.7135105,4.2127275,Lansia rendah - Kemiskinan rendah,-1.296467306742788,-0.4015793347248543,9.0671,5.66,7.32,11050,68.76,1.86
Pelalawan,Riau,2024,2.6305583,4.0414147,Lansia rendah - Kemiskinan rendah,-0.3603880233978087,-0.9098713661342857,5.8541,8.49,8.96,12575,72.18,2.13
Siak,Riau,2024,4.6872106,3.3276622,Lansia rendah - Kemiskinan rendah,0.8114236505004394,-1.4917469225846371,6.4671,5.08,9.92,13080,71.8,4.53
Kampar,Riau,2024,3.103103,3.8679526,Lansia rendah - Kemiskinan rendah,0.1459017133075275,-0.964021668404073,7.6419,6.92,9.58,12034,71.61,3.67
Rokan Hulu,Riau,2024,2.509831,4.045176,Lansia rendah - Kemiskinan tinggi,-0.9137504477282572,-0.7631246641271459,7.4335,9.62,8.94,10586,71.0,2.73
Bengkalis,Riau,2024,4.86808,3.343311,Lansia rendah - Kemiskinan rendah,0.7996670295810314,-0.8947822525189958,9.3552,6.36,9.74,12321,71.97,5.88
Rokan Hilir,Riau,2024,3.171794,4.0908904,Lansia rendah - Kemiskinan rendah,-0.4835860662384186,-0.9054321652113352,7.8453,7.01,8.53,10447,71.16,4.31
Kepulauan Meranti,Riau,2024,1.6291832,1.793579,Lansia rendah - Kemiskinan tinggi,-2.9383560366303043,-0.0828385637381314,10.8315,23.15,8.12,8988,68.53,4.51
Kota Pekanbaru,Riau,2024,7.0668316,2.203818,Lansia rendah - Kemiskinan rendah,2.428614118020159,-1.0924601864881127,8.8139,3.15,11.96,15212,73.26,4.63
Kota Dumai,Riau,2024,4.873857,3.2450826,Lansia rendah - Kemiskinan rendah,1.1771280324494289,-1.2254630625488585,8.062,3.14,10.29,12847,71.82,4.66
Kerinci,Jambi,2024,2.4725685,5.1025553,Lansia tinggi - Kemiskinan rendah,-0.4125352066302036,0.6686579936049591,13.1356,6.93,8.6,11441,70.84,2.51
Merangin,Jambi,2024,2.9694448,4.1482053,Lansia rendah - Kemiskinan rendah,-0.3525248478105859,-0.4491145636642243,8.7906,8.4,8.4,11425,72.0,4.18
Sarolangun,Jambi,2024,3.6974785,3.578692,Lansia rendah - Kemiskinan rendah,-0.2573657282869525,-1.1064034639837217,8.075,8.36,8.35,12679,69.96,5.03
Batang Hari,Jambi,2024,2.994026,4.2391386,Lansia rendah - Kemiskinan rendah,-0.5062826504014838,-0.5090143916747173,8.9537,8.63,8.35,10872,71.6,4.49
Muaro Jambi,Jambi,2024,3.605796,4.0093718,Lansia rendah - Kemiskinan rendah,0.1686147629479327,-0.8738659362929437,8.4705,3.65,8.7,10007,72.14,5.27
Tanjung Jabung Timur,Jambi,2024,0.8316196,3.3323355,Lansia rendah - Kemiskinan tinggi,-1.9226082898822472,-0.1549147050141432,10.8585,10.14,7.7,10328,67.32,2.06
Tanjung Jabung Barat,Jambi,2024,1.294071,3.7785459,Lansia rendah - Kemiskinan tinggi,-1.229264231233916,-0.6991898961379572,8.9116,9.54,8.32,10696,68.96,3.2
Tebo,Jambi,2024,2.1363566,4.2518296,Lansia rendah - Kemiskinan rendah,-0.6692908338758546,-0.3536410398746143,8.8552,6.12,8.04,11415,70.74,2.5
Bungo,Jambi,2024,3.752994,3.545938,Lansia rendah - Kemiskinan rendah,0.0225173202798768,-1.194317107205159,8.8019,5.06,8.6,12820,68.76,4.67
Kota Jambi,Jambi,2024,5.9137506,1.7550898,Lansia rendah - Kemiskinan rendah,1.965190210391024,-0.9120658196257984,10.2434,7.73,11.51,13388,73.72,7.38
Kota Sungai Penuh,Jambi,2024,6.8580856,3.132307,Lansia tinggi - Kemiskinan rendah,1.262093094992931,0.1453787514077573,12.4446,2.92,10.48,11499,73.26,4.3
Ogan Komering Ulu,Sumatera Selatan,2024,1.9740815,3.3250105,Lansia rendah - Kemiskinan tinggi,-0.8521936166166496,-0.6164386939006566,10.0016,10.68,8.86,11339,69.06,4.05
Ogan Komering Ilir,Sumatera Selatan,2024,1.5073713,3.6358232,Lansia rendah - Kemiskinan tinggi,-1.41500456007014,-0.2261449059200627,9.5053,12.08,7.19,12305,69.53,3.38
Muara Enim,Sumatera Selatan,2024,2.0446017,3.5641975,Lansia rendah - Kemiskinan tinggi,-0.6145341940212831,-0.3977061985422047,10.0098,9.79,8.27,12291,69.98,4.09
Lahat,Sumatera Selatan,2024,0.9396934,2.6138837,Lansia rendah - Kemiskinan tinggi,-1.693143508955795,-0.4011334190328658,10.9429,14.14,8.69,11255,67.16,3.11
Musi Rawas,Sumatera Selatan,2024,1.0009372,3.1384606,Lansia rendah - Kemiskinan tinggi,-1.963930439002699,0.1508158094947243,10.3243,13.44,7.57,11058,69.2,1.94
Musi Banyuasin,Sumatera Selatan,2024,1.073813,3.069181,Lansia rendah - Kemiskinan tinggi,-1.647934529845643,-0.2785454375481299,8.7195,12.88,7.95,11424,69.76,2.13
Banyu Asin,Sumatera Selatan,2024,1.5069134,3.8480957,Lansia rendah - Kemiskinan tinggi,-1.176350891159913,-0.1614634463643941,9.854,9.31,7.48,11277,70.0,3.24
Ogan Komering Ulu Selatan,Sumatera Selatan,2024,0.89165336,3.550738,Lansia rendah - Kemiskinan tinggi,-1.7899545564552957,-0.2742342005302277,9.9733,9.86,8.25,9680,68.3,1.8
Ogan Komering Ulu Timur,Sumatera Selatan,2024,1.9138074,3.7460341,Lansia tinggi - Kemiskinan tinggi,-0.6559310977819443,0.0995400712407285,11.3853,9.75,8.08,12623,70.04,3.45
Ogan Ilir,Sumatera Selatan,2024,0.640674,2.9857602,Lansia rendah - Kemiskinan tinggi,-1.67901014502932,-0.4912208072512337,10.4524,12.3,8.09,12093,66.59,2.65
Empat Lawang,Sumatera Selatan,2024,0.45882922,2.967842,Lansia rendah - Kemiskinan tinggi,-1.9494638510211972,-0.5611933946353987,10.6148,10.78,7.68,10889,65.91,2.84
Penukal Abab Lematang Ilir,Sumatera Selatan,2024,1.1772528,3.8072286,Lansia rendah - Kemiskinan tinggi,-1.7310032082215725,-0.7274049185180156,8.2173,9.82,7.27,9604,69.22,3.72
Musi Rawas Utara,Sumatera Selatan,2024,1.5431625,1.7346574,Lansia rendah - Kemiskinan tinggi,-2.280872595609678,-0.9556057755150568,9.1597,17.38,7.51,11198,66.6,4.91
Kota Palembang,Sumatera Selatan,2024,5.817494,2.0284278,Lansia tinggi - Kemiskinan tinggi,1.9186415297256647,-0.642415393276019,11.3128,9.77,10.93,16150,72.4,6.98
Kota Prabumulih,Sumatera Selatan,2024,4.8639727,2.3006315,Lansia rendah - Kemiskinan tinggi,0.7070086466821479,-0.9410707757486008,8.7781,10.13,10.36,13982,71.64,4.94
Kota Pagar Alam,Sumatera Selatan,2024,1.5907882,4.5250573,Lansia tinggi - Kemiskinan rendah,-0.9999760414800726,-0.342552244658712,11.2534,8.18,9.44,10245,68.03,2.34
Kota Lubuklinggau,Sumatera Selatan,2024,4.8349986,2.2709737,Lansia rendah - Kemiskinan tinggi,0.5415383639741377,-0.9475987352295498,9.2536,11.14,9.94,14672,70.63,5.29
Bengkulu Selatan,Bengkulu,2024,1.6352744,2.1630387,Lansia rendah - Kemiskinan tinggi,-1.6147428021307055,-0.2318820740038656,10.9535,17.1,9.42,11040,68.58,3.25
Rejang Lebong,Bengkulu,2024,1.3228177,2.8134255,Lansia rendah - Kemiskinan tinggi,-1.5111387474236346,-0.0864606744335453,10.2665,14.65,8.81,11385,69.46,2.43
Bengkulu Utara,Bengkulu,2024,1.3823647,3.3747141,Lansia rendah - Kemiskinan tinggi,-1.1673336881452216,-0.2365553453741888,10.3381,10.96,8.32,11715,69.04,2.89
Kaur,Bengkulu,2024,1.3872846,1.8830072,Lansia rendah - Kemiskinan tinggi,-2.2845427996866903,-0.5103622562964224,10.1508,17.12,8.47,9742,67.56,3.71
Seluma,Bengkulu,2024,1.128879,2.1070237,Lansia rendah - Kemiskinan tinggi,-2.550191858934796,-0.0774032433212804,10.0617,17.23,8.14,9474,68.58,2.38
Mukomuko,Bengkulu,2024,0.8001562,3.192315,Lansia rendah - Kemiskinan tinggi,-1.4144049451102751,-0.934198569398926,8.3704,10.76,8.57,11665,67.61,2.41
Lebong,Bengkulu,2024,0.4207842,2.7989628,Lansia tinggi - Kemiskinan tinggi,-1.6369132523658991,-0.8439935517211402,10.9781,10.45,8.41,12362,64.18,2.55
Kepahiang,Bengkulu,2024,0.98827034,2.9782057,Lansia rendah - Kemiskinan tinggi,-1.748833685476956,-0.2611044128674671,9.9352,12.9,8.37,10620,68.66,2.37
Bengkulu Tengah,Bengkulu,2024,1.0387214,3.5981183,Lansia rendah - Kemiskinan tinggi,-1.638331024523636,-0.4704875786281602,9.0737,10.14,7.71,10672,68.69,2.56
Kota Bengkulu,Bengkulu,2024,4.9018974,2.1802418,Lansia rendah - Kemiskinan tinggi,1.0519718445203818,-1.1545135521350425,8.9673,13.76,11.84,15542,71.08,5.0
Lampung Barat,Lampung,2024,0.9118223,3.361602,Lansia rendah - Kemiskinan tinggi,-1.4493148886994487,-0.3887792502787268,9.7597,10.68,8.56,10965,68.45,2.09
Tanggamus,Lampung,2024,1.404776,3.515022,Lansia tinggi - Kemiskinan tinggi,-1.4967388893830489,0.1301552732397454,11.0445,10.28,7.38,10524,69.6,3.19
Lampung Selatan,Lampung,2024,1.9521251,3.3392916,Lansia rendah - Kemiskinan tinggi,-1.1420844118727478,-0.2702129576855818,10.0993,12.57,7.78,11133,70.38,4.84
Lampung Timur,Lampung,2024,1.7826653,3.5928304,Lansia tinggi - Kemiskinan tinggi,-1.1229515751446113,0.7069028141859439,12.1775,13.19,8.2,11262,71.58,3.02
Lampung Tengah,Lampung,2024,1.8604856,3.673666,Lansia tinggi - Kemiskinan tinggi,-0.7055977821406677,0.2909746221015101,11.5543,10.37,7.97,12595,70.6,3.33
Lampung Utara,Lampung,2024,2.24871,1.8018584,Lansia tinggi - Kemiskinan tinggi,-1.5221859422544282,-0.1761266313962764,11.1886,16.92,8.38,9837,70.18,5.85
Way Kanan,Lampung,2024,1.4233856,3.6810808,Lansia rendah - Kemiskinan tinggi,-1.3391505292045909,-0.0227690839439856,10.3336,10.43,7.75,10439,70.21,3.27
Tulangbawang,Lampung,2024,2.006177,3.9486015,Lansia rendah - Kemiskinan rendah,-0.7268522765425043,-0.2925061742252689,9.2296,7.88,7.65,12122,70.6,3.23
Pesawaran,Lampung,2024,1.8132157,3.3945913,Lansia tinggi - Kemiskinan tinggi,-1.475496374680756,-0.0303095741928237,11.059,11.86,8.0,9190,70.17,4.36
Pringsewu,Lampung,2024,3.4247618,5.0326133,Lansia tinggi - Kemiskinan rendah,-0.2427862267088943,0.1051723331142594,11.7048,8.32,8.53,11543,71.26,4.39
Mesuji,Lampung,2024,1.3530132,3.9790585,Lansia rendah - Kemiskinan rendah,-1.5190260011603824,-0.4121824536589744,9.3088,6.31,7.21,9454,69.09,2.85
Tulang Bawang Barat,Lampung,2024,3.440312,5.111913,Lansia tinggi - Kemiskinan rendah,-0.8859416447104583,0.1053107574366971,11.492,7.22,7.8,9646,70.68,4.12
Pesisir Barat,Lampung,2024,0.6675208,2.34282,Lansia rendah - Kemiskinan tinggi,-2.245823107978257,-1.1080344520841257,9.8325,12.64,8.73,9550,64.74,3.04
Kota Bandar Lampung,Lampung,2024,5.7236347,1.817393,Lansia tinggi - Kemiskinan rendah,1.73847397541646,-0.8702664484307732,11.0704,7.37,10.99,13667,72.28,7.44
Kota Metro,Lampung,2024,6.787728,3.1943097,Lansia tinggi - Kemiskinan rendah,1.1046687183534645,-0.0970015965522409,11.5405,6.78,11.01,13092,72.49,3.71
Bangka,Kep. Bangka Belitung,2024,5.008845,3.544881,Lansia rendah - Kemiskinan rendah,0.6529023309769624,-0.3525176450455913,10.2909,4.24,8.45,13205,71.85,4.91
Belitung,Kep. Bangka Belitung,2024,5.971136,3.4853265,Lansia tinggi - Kemiskinan rendah,0.763696931195007,0.0888882781415237,11.5937,6.11,9.05,14449,71.8,3.88
Bangka Barat,Kep. Bangka Belitung,2024,4.050973,3.733178,Lansia rendah - Kemiskinan rendah,0.3097896837463111,-0.7300146283815852,9.0873,2.59,7.48,13199,70.63,4.88
Bangka Tengah,Kep. Bangka Belitung,2024,4.00374,3.7745776,Lansia rendah - Kemiskinan rendah,0.0629010762996325,-0.3839576048399895,8.3404,5.94,7.24,13677,72.4,4.23
Bangka Selatan,Kep. Bangka Belitung,2024,3.8908722,3.64891,Lansia rendah - Kemiskinan rendah,-0.29516648620225,-1.0320995528415529,8.2876,3.74,6.93,12718,69.29,4.94
Belitung Timur,Kep. Bangka Belitung,2024,2.3945878,5.1503386,Lansia tinggi - Kemiskinan rendah,0.257991753108972,0.4282408249043548,11.2809,6.36,8.99,12610,72.9,2.63
Kota Pangkal Pinang,Kep. Bangka Belitung,2024,7.3017583,1.8450232,Lansia rendah - Kemiskinan rendah,2.688604758444588,-0.4705262011043283,10.3901,4.04,10.67,16750,74.56,5.98
Karimun,Kep. Riau,2024,5.4723573,3.5342722,Lansia tinggi - Kemiskinan rendah,0.833203195837652,-0.2091177024895393,11.1626,5.78,8.91,13287,72.24,5.52
Bintan,Kep. Riau,2024,5.29664,3.4224348,Lansia rendah - Kemiskinan rendah,0.9516137767999074,-0.8077369282472698,8.988,5.44,9.15,15078,71.26,4.53
Natuna,Kep. Riau,2024,3.6221354,3.3705416,Lansia rendah - Kemiskinan rendah,0.3699384208243388,-1.4164617621222293,9.3388,5.04,9.2,15560,66.46,3.89
Lingga,Kep. Riau,2024,0.37917432,2.7809718,Lansia tinggi - Kemiskinan tinggi,-1.5969299198138778,-0.536467126314429,12.5218,9.99,7.6,12906,63.78,3.38
Kepulauan Anambas,Kep. Riau,2024,1.7773604,4.1830144,Lansia rendah - Kemiskinan rendah,-0.8844512627640714,-0.4913701234529409,9.3448,6.67,7.53,12983,68.42,2.38
Kota Batam,Kep. Riau,2024,7.626303,1.253519,Lansia rendah - Kemiskinan rendah,3.4538321382076864,-2.13298001870319,5.5517,4.85,11.21,19668,74.15,7.68
Kota Tanjung Pinang,Kep. Riau,2024,7.0337973,2.1278107,Lansia rendah - Kemiskinan rendah,1.9675311030304288,-0.31060100838205,10.7071,6.86,10.67,16663,73.21,4.69
Kep. Seribu,DKI Jakarta,2024,4.2951145,2.1842773,Lansia rendah - Kemiskinan tinggi,0.2917940779973644,-1.637349618082356,8.1502,13.03,9.26,14110,69.82,7.93
Kota Jakarta Selatan,DKI Jakarta,2024,7.892445,1.4534853,Lansia tinggi - Kemiskinan rendah,5.058731431509774,-0.1834312455296909,11.7757,3.03,11.95,25573,75.12,5.22
Kota Jakarta Timur,DKI Jakarta,2024,7.77047,1.5153639,Lansia tinggi - Kemiskinan rendah,3.9243929845735934,-0.5752722153411756,11.0108,4.09,11.99,19193,75.42,6.95
Kota Jakarta Pusat,DKI Jakarta,2024,7.953959,1.6863815,Lansia tinggi - Kemiskinan rendah,3.5708652946702597,0.1911074631920234,13.3122,4.63,11.61,18661,75.3,6.24
Kota Jakarta Barat,DKI Jakarta,2024,7.901194,1.4428421,Lansia tinggi - Kemiskinan rendah,4.045332116750132,-0.4841426943875679,11.0537,3.94,11.24,22119,74.41,6.18
Kota Jakarta Utara,DKI Jakarta,2024,7.8767776,1.5064151,Lansia rendah - Kemiskinan rendah,3.132548017788037,-0.5212532120527898,10.5935,6.44,10.85,20032,74.0,6.18
Bogor,Jawa Barat,2024,4.6717753,4.1525407,Lansia rendah - Kemiskinan rendah,0.3794062965302423,-1.0263618918230486,8.6618,7.05,8.39,11563,72.2,7.34
Sukabumi,Jawa Barat,2024,4.5802813,4.825921,Lansia tinggi - Kemiskinan rendah,-0.2607989932995168,-0.0823467030802528,11.5749,6.87,7.34,9815,72.11,7.11
Cianjur,Jawa Barat,2024,4.291093,4.965134,Lansia tinggi - Kemiskinan tinggi,-1.1483796339349086,-0.0992658906077586,11.0837,10.14,7.33,9026,71.0,5.99
Bandung,Jawa Barat,2024,5.0238385,3.762218,Lansia rendah - Kemiskinan rendah,0.8844405856080292,-0.3129712021278598,9.8879,6.19,9.15,11392,74.59,6.36
Garut,Jawa Barat,2024,4.5293126,5.000072,Lansia rendah - Kemiskinan tinggi,-0.6008078820437597,-0.4835265840777499,9.7745,9.68,7.85,9168,72.32,6.96
Tasikmalaya,Jawa Barat,2024,3.712952,5.8977604,Lansia tinggi - Kemiskinan tinggi,-1.318978877620394,0.832249292963333,14.0361,10.23,7.97,8965,70.44,3.74
Ciamis,Jawa Barat,2024,5.3427167,7.1348977,Lansia tinggi - Kemiskinan rendah,-0.3449740443037384,2.0139112098455247,17.2806,7.39,8.1,10085,72.92,3.37
Kuningan,Jawa Barat,2024,4.965496,5.5385666,Lansia tinggi - Kemiskinan tinggi,0.0045410179682815,0.7700231778582789,13.642,11.88,7.9,10418,74.57,7.78
Cirebon,Jawa Barat,2024,4.676266,5.036206,Lansia rendah - Kemiskinan tinggi,-0.2433006670467557,-0.1955601446963862,10.0196,11.0,7.65,11529,73.09,6.74
Majalengka,Jawa Barat,2024,3.8161347,5.965483,Lansia tinggi - Kemiskinan tinggi,-0.977149444798276,0.930274903878072,13.674,10.82,7.53,10842,71.36,4.01
Sumedang,Jawa Barat,2024,5.653168,5.734372,Lansia tinggi - Kemiskinan tinggi,0.4688226151442607,1.051982551768966,15.2571,9.1,8.74,11589,73.5,6.16
Indramayu,Jawa Barat,2024,4.694125,5.4416986,Lansia tinggi - Kemiskinan tinggi,-0.7587847575943188,0.3185740124608474,11.3066,11.93,6.95,11010,72.82,6.25
Subang,Jawa Barat,2024,5.2610965,5.6375437,Lansia tinggi - Kemiskinan tinggi,0.1324189922022092,0.848586781447786,13.8787,9.49,7.46,11894,73.57,6.73
Purwakarta,Jawa Barat,2024,4.6681695,4.1891184,Lansia rendah - Kemiskinan rendah,0.4957840877217435,-0.6105798697326661,10.1119,8.41,8.14,13099,72.04,7.34
Karawang,Jawa Barat,2024,4.7296023,4.4434843,Lansia rendah - Kemiskinan rendah,0.7665339961932723,-0.5530120481909913,10.0667,7.86,8.05,12942,73.19,8.04
Bekasi,Jawa Barat,2024,5.694408,1.458228,Lansia rendah - Kemiskinan rendah,1.8128757975198653,-1.4724878359094151,7.5153,4.8,9.76,12500,74.65,8.82
Bandung Barat,Jawa Barat,2024,4.667904,5.0563827,Lansia rendah - Kemiskinan tinggi,-0.3403649996876548,-0.0449535816497264,10.8178,10.49,8.24,9583,73.4,6.7
Pangandaran,Jawa Barat,2024,5.2385726,7.2202816,Lansia tinggi - Kemiskinan rendah,-0.9623163958072808,2.1981649599925395,16.9372,8.75,8.1,9654,72.46,1.58
Kota Bogor,Jawa Barat,2024,5.9571266,1.5025175,Lansia tinggi - Kemiskinan rendah,2.0905721039403105,-0.5345238836459246,11.136,6.53,10.71,13154,74.79,8.13
Kota Sukabumi,Jawa Barat,2024,5.805516,1.6544392,Lansia tinggi - Kemiskinan rendah,1.5798485265261963,-0.6285989553583249,11.4908,7.2,10.38,12252,73.4,8.34
Kota Bandung,Jawa Barat,2024,7.714938,1.5757506,Lansia tinggi - Kemiskinan rendah,3.688338061377316,-0.1110227611582638,12.5742,3.87,11.07,18795,75.37,7.4
Kota Cirebon,Jawa Barat,2024,5.7007675,2.2980313,Lansia tinggi - Kemiskinan tinggi,1.216247314186757,-0.185621260974469,11.7781,9.02,10.53,12869,73.38,6.29
Kota Bekasi,Jawa Barat,2024,7.2766194,1.4726249,Lansia rendah - Kemiskinan rendah,3.576603946708834,-0.6819219596440318,10.6236,4.01,11.79,16775,76.02,7.82
Kota Depok,Jawa Barat,2024,7.3837223,1.772971,Lansia rendah - Kemiskinan rendah,3.3214851699394923,-0.6667757371571932,9.9928,2.34,11.59,16640,75.54,6.27
Kota Cimahi,Jawa Barat,2024,6.0136123,1.4698133,Lansia tinggi - Kemiskinan rendah,2.799925191096268,-0.8575371369356499,11.0076,4.39,11.52,13278,75.12,8.97
Kota Tasikmalaya,Jawa Barat,2024,5.5380087,2.5739722,Lansia tinggi - Kemiskinan tinggi,0.4038212637388098,-0.0220782017154359,11.7939,11.1,9.63,11431,73.22,6.49
Kota Banjar,Jawa Barat,2024,5.7750373,5.32054,Lansia tinggi - Kemiskinan rendah,0.5646783717718992,0.621031970605104,14.4115,5.85,8.83,11811,72.08,5.44
Cilacap,Jawa Tengah,2024,5.08933,5.5349717,Lansia tinggi - Kemiskinan tinggi,0.3203674162720751,0.96064084382498,14.1739,10.68,7.4,11868,74.68,7.83
Banyumas,Jawa Tengah,2024,5.484304,5.851436,Lansia tinggi - Kemiskinan tinggi,0.2768967212726917,1.2538547077801812,14.5967,11.95,7.91,12960,74.44,6.18
Purbalingga,Jawa Tengah,2024,5.044128,6.3342695,Lansia tinggi - Kemiskinan tinggi,-0.8111576698734642,1.2782780843101291,13.6183,14.18,7.36,11343,73.82,4.96
Banjarnegara,Jawa Tengah,2024,4.9842625,6.250936,Lansia tinggi - Kemiskinan tinggi,-0.9200800756260265,1.6006221394989386,14.2148,14.71,6.87,10595,74.88,5.57
Kebumen,Jawa Tengah,2024,5.140193,6.4374094,Lansia tinggi - Kemiskinan tinggi,-0.9376855945383212,1.5733663446292478,14.6964,15.71,7.87,10176,74.32,5.07
Purworejo,Jawa Tengah,2024,6.006658,6.9498043,Lansia tinggi - Kemiskinan tinggi,0.2366042850734836,2.426841499558656,17.4394,10.87,8.65,11584,75.76,3.89
Wonosobo,Jawa Tengah,2024,4.7762866,6.470067,Lansia tinggi - Kemiskinan tinggi,-1.3016173487111486,1.2674049571064423,13.4047,15.28,6.9,11980,72.44,4.02
Magelang,Jawa Tengah,2024,6.109593,6.686785,Lansia tinggi - Kemiskinan tinggi,-0.4537576015126994,1.8126973430785116,14.9243,10.83,7.83,10926,74.66,3.55
Boyolali,Jawa Tengah,2024,6.6370044,6.3279915,Lansia tinggi - Kemiskinan tinggi,0.6842720401466136,2.1511553383657893,15.1296,9.63,8.17,14195,76.65,3.16
Klaten,Jawa Tengah,2024,6.8052344,6.369868,Lansia tinggi - Kemiskinan tinggi,0.9209631157849114,2.304396216083361,16.2459,12.04,9.29,13513,77.46,3.97
Sukoharjo,Jawa Tengah,2024,6.9087114,6.0294666,Lansia tinggi - Kemiskinan rendah,1.5192626330292278,1.8382502483541496,14.5803,7.47,10.01,12758,78.38,3.65
Wonogiri,Jawa Tengah,2024,5.821531,7.4807477,Lansia tinggi - Kemiskinan tinggi,-0.2459978784856634,3.8729110184937663,20.7554,10.71,7.68,10634,76.9,2.4
Karanganyar,Jawa Tengah,2024,6.828275,6.3865876,Lansia tinggi - Kemiskinan tinggi,0.9982597637851124,2.203913680422757,15.2978,9.59,9.26,12732,78.16,3.47
Sragen,Jawa Tengah,2024,6.5149574,6.5655637,Lansia tinggi - Kemiskinan tinggi,0.2740159485266209,2.407037820818184,16.0537,12.41,7.88,13890,76.38,3.53
Grobogan,Jawa Tengah,2024,6.237893,6.632629,Lansia tinggi - Kemiskinan tinggi,-0.5379575503009776,1.9025617767854155,14.1126,11.43,7.29,11548,75.47,3.23
Blora,Jawa Tengah,2024,6.068358,6.984956,Lansia tinggi - Kemiskinan tinggi,-0.5734507244436909,2.3244243488379253,16.2578,11.42,7.26,10926,75.15,3.67
Rembang,Jawa Tengah,2024,5.9517055,6.9057302,Lansia tinggi - Kemiskinan tinggi,-0.7110449404051087,2.043709547092821,14.6043,14.02,7.73,11830,75.19,2.84
Pati,Jawa Tengah,2024,6.3410835,6.5908766,Lansia tinggi - Kemiskinan tinggi,0.2588316085816433,2.089351687241398,15.0694,9.17,7.82,11829,76.76,3.87
Kudus,Jawa Tengah,2024,6.789501,5.931048,Lansia tinggi - Kemiskinan rendah,0.9627157611396028,1.153495913430678,11.8625,7.23,9.35,12533,77.25,3.19
Jepara,Jawa Tengah,2024,6.4964027,6.0764594,Lansia tinggi - Kemiskinan rendah,0.4939184007684304,1.193949259081618,12.0117,6.09,8.27,11729,76.46,3.34
Demak,Jawa Tengah,2024,5.9059906,5.961648,Lansia tinggi - Kemiskinan tinggi,-0.0239407408909598,0.8936647082486883,11.4515,11.89,8.28,11591,75.97,4.75
Semarang,Jawa Tengah,2024,6.5926423,6.1262584,Lansia tinggi - Kemiskinan rendah,0.8152066020287205,1.587567683664204,13.7644,6.96,8.16,13377,76.34,3.73
Temanggung,Jawa Tengah,2024,6.2709265,6.7785,Lansia tinggi - Kemiskinan rendah,-0.3819483289755507,2.3651820719534404,15.3575,8.67,7.53,10519,76.16,2.35
Kendal,Jawa Tengah,2024,5.9330926,5.8361773,Lansia tinggi - Kemiskinan tinggi,0.4034510825576087,1.094565231274251,12.9783,9.35,7.74,13277,75.02,5.01
Batang,Jawa Tengah,2024,5.3307595,5.6349945,Lansia tinggi - Kemiskinan rendah,-0.1052174968505816,0.9950651180199628,12.4311,8.73,7.08,10919,75.3,5.67
Pekalongan,Jawa Tengah,2024,6.1261554,6.0623064,Lansia tinggi - Kemiskinan tinggi,-0.3877844950217222,1.0265775282731664,11.8471,8.95,7.48,11701,74.32,3.3
Pemalang,Jawa Tengah,2024,4.715691,5.8467836,Lansia tinggi - Kemiskinan tinggi,-1.140735809157913,0.8230956290137189,11.9927,14.92,6.56,10017,74.29,6.63
Tegal,Jawa Tengah,2024,4.603607,4.7375255,Lansia rendah - Kemiskinan rendah,0.0545237696023097,-0.3231765689258888,10.8864,6.81,7.36,10972,72.2,7.53
Brebes,Jawa Tengah,2024,4.5825686,5.6071987,Lansia tinggi - Kemiskinan tinggi,-1.2372569611434523,-0.2067176789444478,11.4809,15.6,6.41,11389,70.34,8.35
Kota Magelang,Jawa Tengah,2024,7.7078795,2.7685583,Lansia tinggi - Kemiskinan rendah,2.432380725108158,1.8698247757780468,16.8601,5.94,11.43,13619,77.62,4.4
Kota Surakarta,Jawa Tengah,2024,7.8670506,2.4453971,Lansia tinggi - Kemiskinan rendah,2.7086105691513325,1.6077108235953603,15.3601,8.31,11.25,16291,78.02,4.61
Kota Salatiga,Jawa Tengah,2024,7.842605,2.317935,Lansia tinggi - Kemiskinan rendah,3.2341847733580127,1.2785577252047309,13.9435,4.57,11.48,17096,78.32,3.86
Kota Semarang,Jawa Tengah,2024,7.742363,1.9809498,Lansia tinggi - Kemiskinan rendah,3.4264927079602656,0.7447565245361547,12.9353,4.03,11.05,16990,78.3,5.82
Kota Pekalongan,Jawa Tengah,2024,6.176347,3.364461,Lansia tinggi - Kemiskinan rendah,1.4178137867309382,0.3573202497173461,11.3761,6.71,9.34,14547,75.06,4.91
Kota Tegal,Jawa Tengah,2024,5.960403,3.1506987,Lansia tinggi - Kemiskinan rendah,1.4302490595252233,0.279197573698463,11.5497,7.64,9.28,14358,75.1,5.88
Kulon Progo,DI Yogyakarta,2024,5.802346,7.632389,Lansia tinggi - Kemiskinan tinggi,-0.5008923850707331,3.228430370663127,19.201,15.62,9.2,10990,75.72,2.01
Bantul,DI Yogyakarta,2024,6.7699137,5.548527,Lansia tinggi - Kemiskinan tinggi,1.3542357985248556,1.7429352066072976,16.2437,11.66,9.81,16851,74.36,3.62
Gunung Kidul,DI Yogyakarta,2024,5.6484537,7.6846232,Lansia tinggi - Kemiskinan tinggi,-1.1773204852224333,3.838729563295031,21.1693,15.18,7.35,10630,74.68,2.16
Sleman,DI Yogyakarta,2024,7.911973,2.3311677,Lansia tinggi - Kemiskinan rendah,2.673814976293874,1.2421595736421065,15.4283,7.46,11.33,17586,75.44,4.13
Kota Yogyakarta,DI Yogyakarta,2024,8.053542,1.8666153,Lansia tinggi - Kemiskinan rendah,3.985199703780396,1.0662955221270165,16.7654,6.26,12.12,20603,75.16,5.8
Pacitan,Jawa Timur,2024,5.6540346,7.7180557,Lansia tinggi - Kemiskinan tinggi,-1.211658119610152,3.379734168170422,20.5782,13.08,7.9,10099,73.09,1.56
Ponorogo,Jawa Timur,2024,5.869106,7.2872567,Lansia tinggi - Kemiskinan tinggi,-0.0982045352552862,2.6472964785475748,19.3777,9.11,7.8,11065,73.82,4.19
Trenggalek,Jawa Timur,2024,5.9378815,7.225922,Lansia tinggi - Kemiskinan tinggi,-0.200800035351663,2.585806829910488,18.1758,10.5,7.92,10872,74.88,3.9
Tulungagung,Jawa Timur,2024,6.158179,6.247552,Lansia tinggi - Kemiskinan rendah,0.7600291394351709,1.874073628092815,16.3223,6.28,8.68,11966,75.18,4.12
Blitar,Jawa Timur,2024,5.8685207,6.3133416,Lansia tinggi - Kemiskinan rendah,0.3315335736751292,1.861010563345168,16.3164,8.16,7.87,12020,74.61,4.77
Kediri,Jawa Timur,2024,5.783676,5.9934516,Lansia tinggi - Kemiskinan tinggi,0.202819669116728,1.2832812304997427,15.0249,9.95,8.26,12388,73.53,5.1
Malang,Jawa Timur,2024,5.687305,5.8120103,Lansia tinggi - Kemiskinan tinggi,-0.0963893640047373,1.272188188251576,14.7958,8.98,7.8,11190,73.5,5.13
Lumajang,Jawa Timur,2024,4.7583165,7.062518,Lansia tinggi - Kemiskinan rendah,-1.0304897525444028,1.660912761445906,16.2347,8.65,7.27,10124,71.19,3.28
Jember,Jawa Timur,2024,4.5176444,6.9528213,Lansia tinggi - Kemiskinan tinggi,-1.365404922055606,1.327208172957612,14.9583,9.01,6.54,10700,70.25,3.23
Banyuwangi,Jawa Timur,2024,5.78706,6.193026,Lansia tinggi - Kemiskinan rendah,0.2101491719460808,1.3474272396492273,15.8645,6.54,7.78,13320,71.61,4.03
Bondowoso,Jawa Timur,2024,4.5029063,6.8440523,Lansia tinggi - Kemiskinan tinggi,-1.762979110404851,1.4045831539233913,16.7219,12.6,6.53,11689,67.81,3.63
Situbondo,Jawa Timur,2024,4.656485,7.011127,Lansia tinggi - Kemiskinan tinggi,-1.3697079449237952,1.8121282540789805,16.8768,11.51,6.93,11216,70.16,3.15
Probolinggo,Jawa Timur,2024,4.402588,6.670413,Lansia tinggi - Kemiskinan tinggi,-2.2632587246842237,1.116812053711546,14.2485,16.45,6.31,12258,68.33,3.0
Pasuruan,Jawa Timur,2024,3.7407372,5.445389,Lansia tinggi - Kemiskinan rendah,-0.4950393405575167,0.4389618990410746,12.8294,8.63,7.46,11617,71.04,5.02
Sidoarjo,Jawa Timur,2024,7.2705398,1.8171382,Lansia tinggi - Kemiskinan rendah,2.676110492785004,-0.1855385569276528,11.7102,4.53,10.91,15710,74.94,6.49
Mojokerto,Jawa Timur,2024,6.386996,5.4475236,Lansia tinggi - Kemiskinan tinggi,0.6023896955207786,0.915704953128911,13.4406,9.37,9.13,13903,73.5,3.87
Jombang,Jawa Timur,2024,6.307988,5.708408,Lansia tinggi - Kemiskinan rendah,0.2560501045151392,1.0472830112618037,13.7235,8.6,8.78,12454,73.47,3.75
Nganjuk,Jawa Timur,2024,5.7570386,6.42079,Lansia tinggi - Kemiskinan tinggi,0.0583301098590381,1.4835699063655117,15.6227,10.17,8.25,13376,72.52,3.87
Madiun,Jawa Timur,2024,5.719122,7.117758,Lansia tinggi - Kemiskinan tinggi,0.0284644462578299,2.2263906216071203,18.7837,10.63,8.2,12668,72.52,4.34
Magetan,Jawa Timur,2024,5.7243686,7.3678403,Lansia tinggi - Kemiskinan tinggi,0.3747313448597776,2.683798576148148,19.7015,9.32,8.69,12915,73.54,3.28
Ngawi,Jawa Timur,2024,5.6485004,7.613548,Lansia tinggi - Kemiskinan tinggi,-0.70000827156602,2.8542941948952185,18.7546,13.81,7.84,12414,73.44,2.4
Bojonegoro,Jawa Timur,2024,5.384208,6.763773,Lansia tinggi - Kemiskinan tinggi,-0.6277942445706051,1.7560176694993803,16.2303,11.69,7.59,11204,72.81,4.42
Tuban,Jawa Timur,2024,5.2101326,6.735408,Lansia tinggi - Kemiskinan tinggi,-0.9357581055437478,1.7034670836004402,15.7365,14.36,7.53,11579,72.59,4.28
Lamongan,Jawa Timur,2024,5.627426,6.7571,Lansia tinggi - Kemiskinan tinggi,-0.0561062276695488,1.776219828321033,16.4105,12.16,8.48,12419,73.46,4.34
Gresik,Jawa Timur,2024,5.727858,2.3109953,Lansia tinggi - Kemiskinan tinggi,1.280454565340719,-0.0011466223225798,12.0361,10.32,10.03,14356,73.56,6.45
Bangkalan,Jawa Timur,2024,4.5087743,6.1779056,Lansia tinggi - Kemiskinan tinggi,-2.4333247760086034,0.6795560405677447,11.8779,18.66,6.01,9841,71.02,5.35
Sampang,Jawa Timur,2024,4.2690797,6.2877064,Lansia tinggi - Kemiskinan tinggi,-3.79291253852473,0.8024829033440186,10.954,20.83,5.08,9782,68.86,2.5
Pamekasan,Jawa Timur,2024,0.9481699,3.2748291,Lansia tinggi - Kemiskinan tinggi,-2.424488650662232,0.6778000342249091,12.3506,13.41,7.17,9811,68.53,1.64
Sumenep,Jawa Timur,2024,5.416879,7.6487136,Lansia tinggi - Kemiskinan tinggi,-2.466501038882704,2.776594173149906,16.7768,17.78,6.1,10156,72.7,1.69
Kota Kediri,Jawa Timur,2024,7.2922134,2.925827,Lansia tinggi - Kemiskinan rendah,1.6583848140668676,0.8091008506599787,13.6731,6.51,10.92,13670,74.91,3.91
Kota Blitar,Jawa Timur,2024,7.5077667,2.6847312,Lansia tinggi - Kemiskinan rendah,2.078523277927117,0.7233906913354855,14.0772,6.75,10.82,14933,74.9,5.11
Kota Malang,Jawa Timur,2024,7.8574357,1.8553997,Lansia tinggi - Kemiskinan rendah,3.185054786514504,0.2884263700012976,13.9693,3.91,11.14,17791,74.34,6.1
Kota Probolinggo,Jawa Timur,2024,6.148406,3.5424917,Lansia tinggi - Kemiskinan rendah,0.7919935854992889,-0.0570520292204778,12.2045,6.18,9.72,13405,71.22,4.44
Kota Pasuruan,Jawa Timur,2024,6.308686,3.2400799,Lansia tinggi - Kemiskinan rendah,1.300376387853267,-0.0807210368065127,11.5332,6.32,9.94,14664,72.55,4.63
Kota Mojokerto,Jawa Timur,2024,7.3795238,2.8449254,Lansia tinggi - Kemiskinan rendah,2.0394305175622742,0.5336613748738364,13.3078,5.57,11.38,14842,74.31,3.76
Kota Madiun,Jawa Timur,2024,8.001414,2.1095443,Lansia tinggi - Kemiskinan rendah,3.08930612328998,0.9939688349293232,16.5572,4.38,12.11,17518,73.71,4.3
Kota Surabaya,Jawa Timur,2024,7.9353614,1.6367805,Lansia tinggi - Kemiskinan rendah,3.348966090803018,0.3864826800281779,12.9582,3.96,10.89,19666,75.03,4.91
Kota Batu,Jawa Timur,2024,7.118717,3.0999768,Lansia tinggi - Kemiskinan rendah,1.5889342170639575,0.6991083447419454,13.6116,3.06,9.87,14253,73.54,3.63
Pandeglang,Banten,2024,3.6044555,2.7658598,Lansia rendah - Kemiskinan tinggi,-1.3632159714964929,-1.6019858358080583,9.8974,9.18,7.16,9574,65.84,8.09
Lebak,Banten,2024,3.9105623,4.5298047,Lansia rendah - Kemiskinan rendah,-1.4357397448739735,-0.9264189217403044,9.3691,8.44,6.61,9631,68.39,6.23
Tangerang,Banten,2024,4.444108,3.375756,Lansia rendah - Kemiskinan rendah,0.5854823939953804,-1.4081464929743384,7.647,6.55,9.06,13254,70.93,6.06
Serang,Banten,2024,3.6956074,2.8523848,Lansia rendah - Kemiskinan rendah,0.0096137080258003,-2.3188069941108536,8.7822,4.51,7.88,11767,65.94,9.18
Kota Tangerang,Banten,2024,7.084502,2.0613685,Lansia rendah - Kemiskinan rendah,2.1452032027620915,-1.0038924934146414,9.7142,5.43,11.14,15641,72.51,5.92
Kota Cilegon,Banten,2024,4.3990173,3.181648,Lansia rendah - Kemiskinan rendah,1.148849424093544,-2.0078929723829253,8.6096,3.75,10.39,14294,67.71,6.08
Kota Serang,Banten,2024,4.3212404,3.3164425,Lansia rendah - Kemiskinan rendah,0.8807424988347902,-1.9050977281187345,7.4791,5.65,8.93,14603,69.31,7.12
Kota Tangerang Selatan,Banten,2024,7.366601,1.9349275,Lansia tinggi - Kemiskinan rendah,3.029763414500962,-0.6096491090903554,11.0195,2.36,11.86,17028,73.36,5.09
