Provinsi,Kab_kota,status,jumlah_kandidat,kodekab_kandidat,nama_shp_kandidat
Aceh,Aceh Barat,MATCH_UNIK,1,1107,ACEH BARAT
Aceh,Aceh Barat Daya,MATCH_UNIK,1,1112,ACEH BARAT DAYA
Aceh,Aceh Besar,MATCH_UNIK,1,1108,ACEH BESAR
Aceh,Aceh Jaya,MATCH_UNIK,1,1116,ACEH JAYA
Aceh,Aceh Selatan,MATCH_UNIK,1,1103,ACEH SELATAN
Aceh,Aceh Singkil,MATCH_UNIK,1,1102,ACEH SINGKIL
Aceh,Aceh Tamiang,MATCH_UNIK,1,1114,ACEH TAMIANG
Aceh,Aceh Tengah,MATCH_UNIK,1,1106,ACEH TENGAH
Aceh,Aceh Tenggara,MATCH_UNIK,1,1104,ACEH TENGGARA
Aceh,Aceh Timur,MATCH_UNIK,1,1105,ACEH TIMUR
Aceh,Aceh Utara,MATCH_UNIK,1,1111,ACEH UTARA
Aceh,Bener Meriah,MATCH_UNIK,1,1117,BENER MERIAH
Aceh,Bireuen,MATCH_UNIK,1,1110,BIREUEN
Aceh,Gayo Lues,MATCH_UNIK,1,1113,GAYO LUES
Aceh,Kota Banda Aceh,MATCH_UNIK,1,1171,BANDA ACEH
Aceh,Kota Langsa,MATCH_UNIK,1,1173,LANGSA
Aceh,Kota Lhokseumawe,MATCH_UNIK,1,1174,LHOKSEUMAWE
Aceh,Kota Sabang,MATCH_UNIK,1,1172,SABANG
Aceh,Kota Subulussalam,MATCH_UNIK,1,1175,SUBULUSSALAM
Aceh,Nagan Raya,MATCH_UNIK,1,1115,NAGAN RAYA
Aceh,Pidie,MATCH_UNIK,1,1109,PIDIE
Aceh,Pidie Jaya,MATCH_UNIK,1,1118,PIDIE JAYA
Aceh,Simeulue,MATCH_UNIK,1,1101,SIMEULUE
Banten,Kota Cilegon,MATCH_UNIK,1,3672,CILEGON
Banten,Kota Serang,MATCH_GANDA,2,"3673, 3604",SERANG | SERANG
Banten,Kota Tangerang,MATCH_GANDA,2,"3671, 3603",TANGERANG | TANGERANG
Banten,Kota Tangerang Selatan,MATCH_UNIK,1,3674,TANGERANG SELATAN
Banten,Lebak,MATCH_UNIK,1,3602,LEBAK
Banten,Pandeglang,MATCH_UNIK,1,3601,PANDEGLANG
Banten,Serang,MATCH_GANDA,2,"3673, 3604",SERANG | SERANG
Banten,Tangerang,MATCH_GANDA,2,"3671, 3603",TANGERANG | TANGERANG
Bengkulu,Bengkulu Selatan,MATCH_UNIK,1,1701,BENGKULU SELATAN
Bengkulu,Bengkulu Tengah,MATCH_UNIK,1,1709,BENGKULU TENGAH
Bengkulu,Bengkulu Utara,MATCH_UNIK,1,1703,BENGKULU UTARA
Bengkulu,Kaur,MATCH_UNIK,1,1704,KAUR
Bengkulu,Kepahiang,MATCH_UNIK,1,1708,KEPAHIANG
Bengkulu,Kota Bengkulu,MATCH_UNIK,1,1771,BENGKULU
Bengkulu,Lebong,MATCH_UNIK,1,1707,LEBONG
Bengkulu,Mukomuko,MATCH_UNIK,1,1706,MUKOMUKO
Bengkulu,Rejang Lebong,MATCH_UNIK,1,1702,REJANG LEBONG
Bengkulu,Seluma,MATCH_UNIK,1,1705,SELUMA
DI Yogyakarta,Bantul,MATCH_UNIK,1,3402,BANTUL
DI Yogyakarta,Gunung Kidul,MATCH_UNIK,1,3403,GUNUNG KIDUL
DI Yogyakarta,Kota Yogyakarta,MATCH_UNIK,1,3471,YOGYAKARTA
DI Yogyakarta,Kulon Progo,MATCH_UNIK,1,3401,KULON PROGO
DI Yogyakarta,Sleman,MATCH_UNIK,1,3404,SLEMAN
DKI Jakarta,Kep. Seribu,TIDAK_MATCH,0,,
DKI Jakarta,Kota Jakarta Barat,MATCH_UNIK,1,3174,JAKARTA BARAT
DKI Jakarta,Kota Jakarta Pusat,MATCH_UNIK,1,3173,JAKARTA PUSAT
DKI Jakarta,Kota Jakarta Selatan,MATCH_UNIK,1,3171,JAKARTA SELATAN
DKI Jakarta,Kota Jakarta Timur,MATCH_UNIK,1,3172,JAKARTA TIMUR
DKI Jakarta,Kota Jakarta Utara,MATCH_UNIK,1,3175,JAKARTA UTARA
Jambi,Batang Hari,MATCH_UNIK,1,1504,BATANG HARI
Jambi,Bungo,MATCH_UNIK,1,1509,BUNGO
Jambi,Kerinci,MATCH_UNIK,1,1501,KERINCI
Jambi,Kota Jambi,MATCH_UNIK,1,1571,JAMBI
Jambi,Kota Sungai Penuh,MATCH_UNIK,1,1572,SUNGAI PENUH
Jambi,Merangin,MATCH_UNIK,1,1502,MERANGIN
Jambi,Muaro Jambi,MATCH_UNIK,1,1505,MUARO JAMBI
Jambi,Sarolangun,MATCH_UNIK,1,1503,SAROLANGUN
Jambi,Tanjung Jabung Barat,MATCH_UNIK,1,1507,TANJUNG JABUNG BARAT
Jambi,Tanjung Jabung Timur,MATCH_UNIK,1,1506,TANJUNG JABUNG TIMUR
Jambi,Tebo,MATCH_UNIK,1,1508,TEBO
Jawa Barat,Bandung,MATCH_GANDA,2,"3204, 3273",BANDUNG | BANDUNG
Jawa Barat,Bandung Barat,MATCH_UNIK,1,3217,BANDUNG BARAT
Jawa Barat,Bekasi,MATCH_GANDA,2,"3216, 3275",BEKASI | BEKASI
Jawa Barat,Bogor,MATCH_GANDA,2,"3201, 3271",BOGOR | BOGOR
Jawa Barat,Ciamis,MATCH_UNIK,1,3207,CIAMIS
Jawa Barat,Cianjur,MATCH_UNIK,1,3203,CIANJUR
Jawa Barat,Cirebon,MATCH_GANDA,2,"3209, 3274",CIREBON | CIREBON
Jawa Barat,Garut,MATCH_UNIK,1,3205,GARUT
Jawa Barat,Indramayu,MATCH_UNIK,1,3212,INDRAMAYU
Jawa Barat,Karawang,MATCH_UNIK,1,3215,KARAWANG
Jawa Barat,Kota Bandung,MATCH_GANDA,2,"3204, 3273",BANDUNG | BANDUNG
Jawa Barat,Kota Banjar,MATCH_UNIK,1,3279,BANJAR
Jawa Barat,Kota Bekasi,MATCH_GANDA,2,"3216, 3275",BEKASI | BEKASI
Jawa Barat,Kota Bogor,MATCH_GANDA,2,"3201, 3271",BOGOR | BOGOR
Jawa Barat,Kota Cimahi,MATCH_UNIK,1,3277,CIMAHI
Jawa Barat,Kota Cirebon,MATCH_GANDA,2,"3209, 3274",CIREBON | CIREBON
Jawa Barat,Kota Depok,MATCH_UNIK,1,3276,DEPOK
Jawa Barat,Kota Sukabumi,MATCH_GANDA,2,"3202, 3272",SUKABUMI | SUKABUMI
Jawa Barat,Kota Tasikmalaya,MATCH_GANDA,2,"3206, 3278",TASIKMALAYA | TASIKMALAYA
Jawa Barat,Kuningan,MATCH_UNIK,1,3208,KUNINGAN
Jawa Barat,Majalengka,MATCH_UNIK,1,3210,MAJALENGKA
Jawa Barat,Pangandaran,MATCH_UNIK,1,3218,PANGANDARAN
Jawa Barat,Purwakarta,MATCH_UNIK,1,3214,PURWAKARTA
Jawa Barat,Subang,MATCH_UNIK,1,3213,SUBANG
Jawa Barat,Sukabumi,MATCH_GANDA,2,"3202, 3272",SUKABUMI | SUKABUMI
Jawa Barat,Sumedang,MATCH_UNIK,1,3211,SUMEDANG
Jawa Barat,Tasikmalaya,MATCH_GANDA,2,"3206, 3278",TASIKMALAYA | TASIKMALAYA
Jawa Tengah,Banjarnegara,MATCH_UNIK,1,3304,BANJARNEGARA
Jawa Tengah,Banyumas,MATCH_UNIK,1,3302,BANYUMAS
Jawa Tengah,Batang,MATCH_UNIK,1,3325,BATANG
Jawa Tengah,Blora,MATCH_UNIK,1,3316,BLORA
Jawa Tengah,Boyolali,MATCH_UNIK,1,3309,BOYOLALI
Jawa Tengah,Brebes,MATCH_UNIK,1,3329,BREBES
Jawa Tengah,Cilacap,MATCH_UNIK,1,3301,CILACAP
Jawa Tengah,Demak,MATCH_UNIK,1,3321,DEMAK
Jawa Tengah,Grobogan,MATCH_UNIK,1,3315,GROBOGAN
Jawa Tengah,Jepara,MATCH_UNIK,1,3320,JEPARA
Jawa Tengah,Karanganyar,MATCH_UNIK,1,3313,KARANGANYAR
Jawa Tengah,Kebumen,MATCH_UNIK,1,3305,KEBUMEN
Jawa Tengah,Kendal,MATCH_UNIK,1,3324,KENDAL
Jawa Tengah,Klaten,MATCH_UNIK,1,3310,KLATEN
Jawa Tengah,Kota Magelang,MATCH_GANDA,2,"3308, 3371",MAGELANG | MAGELANG
Jawa Tengah,Kota Pekalongan,MATCH_GANDA,2,"3326, 3375",PEKALONGAN | PEKALONGAN
Jawa Tengah,Kota Salatiga,MATCH_UNIK,1,3373,SALATIGA
Jawa Tengah,Kota Semarang,MATCH_GANDA,2,"3322, 3374",SEMARANG | SEMARANG
Jawa Tengah,Kota Surakarta,MATCH_UNIK,1,3372,SURAKARTA
Jawa Tengah,Kota Tegal,MATCH_GANDA,2,"3328, 3376",TEGAL | TEGAL
Jawa Tengah,Kudus,MATCH_UNIK,1,3319,KUDUS
Jawa Tengah,Magelang,MATCH_GANDA,2,"3308, 3371",MAGELANG | MAGELANG
Jawa Tengah,Pati,MATCH_UNIK,1,3318,PATI
Jawa Tengah,Pekalongan,MATCH_GANDA,2,"3326, 3375",PEKALONGAN | PEKALONGAN
Jawa Tengah,Pemalang,MATCH_UNIK,1,3327,PEMALANG
Jawa Tengah,Purbalingga,MATCH_UNIK,1,3303,PURBALINGGA
Jawa Tengah,Purworejo,MATCH_UNIK,1,3306,PURWOREJO
Jawa Tengah,Rembang,MATCH_UNIK,1,3317,REMBANG
Jawa Tengah,Semarang,MATCH_GANDA,2,"3322, 3374",SEMARANG | SEMARANG
Jawa Tengah,Sragen,MATCH_UNIK,1,3314,SRAGEN
Jawa Tengah,Sukoharjo,MATCH_UNIK,1,3311,SUKOHARJO
Jawa Tengah,Tegal,MATCH_GANDA,2,"3328, 3376",TEGAL | TEGAL
Jawa Tengah,Temanggung,MATCH_UNIK,1,3323,TEMANGGUNG
Jawa Tengah,Wonogiri,MATCH_UNIK,1,3312,WONOGIRI
Jawa Tengah,Wonosobo,MATCH_UNIK,1,3307,WONOSOBO
Jawa Timur,Bangkalan,MATCH_UNIK,1,3526,BANGKALAN
Jawa Timur,Banyuwangi,MATCH_UNIK,1,3510,BANYUWANGI
Jawa Timur,Blitar,MATCH_GANDA,2,"3505, 3572",BLITAR | BLITAR
Jawa Timur,Bojonegoro,MATCH_UNIK,1,3522,BOJONEGORO
Jawa Timur,Bondowoso,MATCH_UNIK,1,3511,BONDOWOSO
Jawa Timur,Gresik,MATCH_UNIK,1,3525,GRESIK
Jawa Timur,Jember,MATCH_UNIK,1,3509,JEMBER
Jawa Timur,Jombang,MATCH_UNIK,1,3517,JOMBANG
Jawa Timur,Kediri,MATCH_GANDA,2,"3506, 3571",KEDIRI | KEDIRI
Jawa Timur,Kota Batu,MATCH_UNIK,1,3579,BATU
Jawa Timur,Kota Blitar,MATCH_GANDA,2,"3505, 3572",BLITAR | BLITAR
Jawa Timur,Kota Kediri,MATCH_GANDA,2,"3506, 3571",KEDIRI | KEDIRI
Jawa Timur,Kota Madiun,MATCH_GANDA,2,"3519, 3577",MADIUN | MADIUN
Jawa Timur,Kota Malang,MATCH_GANDA,2,"3507, 3573",MALANG | MALANG
Jawa Timur,Kota Mojokerto,MATCH_GANDA,2,"3516, 3576",MOJOKERTO | MOJOKERTO
Jawa Timur,Kota Pasuruan,MATCH_GANDA,2,"3575, 3514",PASURUAN | PASURUAN
Jawa Timur,Kota Probolinggo,MATCH_GANDA,2,"3574, 3513",PROBOLINGGO | PROBOLINGGO
Jawa Timur,Kota Surabaya,MATCH_UNIK,1,3578,SURABAYA
Jawa Timur,Lamongan,MATCH_UNIK,1,3524,LAMONGAN
Jawa Timur,Lumajang,MATCH_UNIK,1,3508,LUMAJANG
Jawa Timur,Madiun,MATCH_GANDA,2,"3519, 3577",MADIUN | MADIUN
Jawa Timur,Magetan,MATCH_UNIK,1,3520,MAGETAN
Jawa Timur,Malang,MATCH_GANDA,2,"3507, 3573",MALANG | MALANG
Jawa Timur,Mojokerto,MATCH_GANDA,2,"3516, 3576",MOJOKERTO | MOJOKERTO
Jawa Timur,Nganjuk,MATCH_UNIK,1,3518,NGANJUK
Jawa Timur,Ngawi,MATCH_UNIK,1,3521,NGAWI
Jawa Timur,Pacitan,MATCH_UNIK,1,3501,PACITAN
Jawa Timur,Pamekasan,MATCH_UNIK,1,3528,PAMEKASAN
Jawa Timur,Pasuruan,MATCH_GANDA,2,"3575, 3514",PASURUAN | PASURUAN
Jawa Timur,Ponorogo,MATCH_UNIK,1,3502,PONOROGO
Jawa Timur,Probolinggo,MATCH_GANDA,2,"3574, 3513",PROBOLINGGO | PROBOLINGGO
Jawa Timur,Sampang,MATCH_UNIK,1,3527,SAMPANG
Jawa Timur,Sidoarjo,MATCH_UNIK,1,3515,SIDOARJO
Jawa Timur,Situbondo,MATCH_UNIK,1,3512,SITUBONDO
Jawa Timur,Sumenep,MATCH_UNIK,1,3529,SUMENEP
Jawa Timur,Trenggalek,MATCH_UNIK,1,3503,TRENGGALEK
Jawa Timur,Tuban,MATCH_UNIK,1,3523,TUBAN
Jawa Timur,Tulungagung,MATCH_UNIK,1,3504,TULUNGAGUNG
Kep. Bangka Belitung,Bangka,MATCH_UNIK,1,1901,BANGKA
Kep. Bangka Belitung,Bangka Barat,MATCH_UNIK,1,1903,BANGKA BARAT
Kep. Bangka Belitung,Bangka Selatan,MATCH_UNIK,1,1905,BANGKA SELATAN
Kep. Bangka Belitung,Bangka Tengah,MATCH_UNIK,1,1904,BANGKA TENGAH
Kep. Bangka Belitung,Belitung,MATCH_UNIK,1,1902,BELITUNG
Kep. Bangka Belitung,Belitung Timur,MATCH_UNIK,1,1906,BELITUNG TIMUR
Kep. Bangka Belitung,Kota Pangkal Pinang,MATCH_UNIK,1,1971,PANGKAL PINANG
Kep. Riau,Bintan,MATCH_UNIK,1,2102,BINTAN
Kep. Riau,Karimun,MATCH_UNIK,1,2101,KARIMUN
Kep. Riau,Kepulauan Anambas,MATCH_UNIK,1,2105,KEPULAUAN ANAMBAS
Kep. Riau,Kota Batam,TIDAK_MATCH,0,,
Kep. Riau,Kota Tanjung Pinang,MATCH_UNIK,1,2172,TANJUNG PINANG
Kep. Riau,Lingga,MATCH_UNIK,1,2104,LINGGA
Kep. Riau,Natuna,MATCH_UNIK,1,2103,NATUNA
Lampung,Kota Bandar Lampung,MATCH_UNIK,1,1871,BANDAR LAMPUNG
Lampung,Kota Metro,MATCH_UNIK,1,1872,METRO
Lampung,Lampung Barat,MATCH_UNIK,1,1801,LAMPUNG BARAT
Lampung,Lampung Selatan,MATCH_UNIK,1,1803,LAMPUNG SELATAN
Lampung,Lampung Tengah,MATCH_UNIK,1,1805,LAMPUNG TENGAH
Lampung,Lampung Timur,MATCH_UNIK,1,1804,LAMPUNG TIMUR
Lampung,Lampung Utara,MATCH_UNIK,1,1806,LAMPUNG UTARA
Lampung,Mesuji,MATCH_UNIK,1,1811,MESUJI
Lampung,Pesawaran,MATCH_UNIK,1,1809,PESAWARAN
Lampung,Pesisir Barat,MATCH_UNIK,1,1813,PESISIR BARAT
Lampung,Pringsewu,MATCH_UNIK,1,1810,PRINGSEWU
Lampung,Tanggamus,MATCH_UNIK,1,1802,TANGGAMUS
Lampung,Tulang Bawang Barat,MATCH_UNIK,1,1812,TULANG BAWANG BARAT
Lampung,Tulangbawang,MATCH_UNIK,1,1808,TULANGBAWANG
Lampung,Way Kanan,MATCH_UNIK,1,1807,WAY KANAN
Riau,Bengkalis,MATCH_UNIK,1,1408,BENGKALIS
Riau,Indragiri Hilir,MATCH_UNIK,1,1403,INDRAGIRI HILIR
Riau,Indragiri Hulu,MATCH_UNIK,1,1402,INDRAGIRI HULU
Riau,Kampar,MATCH_UNIK,1,1406,KAMPAR
Riau,Kepulauan Meranti,MATCH_UNIK,1,1410,KEPULAUAN MERANTI
Riau,Kota Dumai,TIDAK_MATCH,0,,
Riau,Kota Pekanbaru,MATCH_UNIK,1,1471,PEKANBARU
Riau,Kuantan Singingi,MATCH_UNIK,1,1401,KUANTAN SINGINGI
Riau,Pelalawan,MATCH_UNIK,1,1404,PELALAWAN
Riau,Rokan Hilir,MATCH_UNIK,1,1409,ROKAN HILIR
Riau,Rokan Hulu,MATCH_UNIK,1,1407,ROKAN HULU
Riau,Siak,TIDAK_MATCH,0,,
Sumatera Barat,Agam,MATCH_UNIK,1,1307,AGAM
Sumatera Barat,Dharmasraya,MATCH_UNIK,1,1311,DHARMASRAYA
Sumatera Barat,Kepulauan Mentawai,MATCH_UNIK,1,1301,KEPULAUAN MENTAWAI
Sumatera Barat,Kota Bukittinggi,MATCH_UNIK,1,1375,BUKITTINGGI
Sumatera Barat,Kota Padang,MATCH_UNIK,1,1371,PADANG
Sumatera Barat,Kota Padang Panjang,MATCH_UNIK,1,1374,PADANG PANJANG
Sumatera Barat,Kota Pariaman,MATCH_UNIK,1,1377,PARIAMAN
Sumatera Barat,Kota Payakumbuh,MATCH_UNIK,1,1376,PAYAKUMBUH
Sumatera Barat,Kota Sawah Lunto,MATCH_UNIK,1,1373,SAWAH LUNTO
Sumatera Barat,Kota Solok,MATCH_GANDA,2,"1303, 1372",SOLOK | SOLOK
Sumatera Barat,Lima Puluh Kota,MATCH_UNIK,1,1308,LIMA PULUH KOTA
Sumatera Barat,Padang Pariaman,MATCH_UNIK,1,1306,PADANG PARIAMAN
Sumatera Barat,Pasaman,MATCH_UNIK,1,1309,PASAMAN
Sumatera Barat,Pasaman Barat,MATCH_UNIK,1,1312,PASAMAN BARAT
Sumatera Barat,Pesisir Selatan,MATCH_UNIK,1,1302,PESISIR SELATAN
Sumatera Barat,Sijunjung,MATCH_UNIK,1,1304,SIJUNJUNG
Sumatera Barat,Solok,MATCH_GANDA,2,"1303, 1372",SOLOK | SOLOK
Sumatera Barat,Solok Selatan,MATCH_UNIK,1,1310,SOLOK SELATAN
Sumatera Barat,Tanah Datar,MATCH_UNIK,1,1305,TANAH DATAR
Sumatera Selatan,Banyu Asin,MATCH_UNIK,1,1607,BANYU ASIN
Sumatera Selatan,Empat Lawang,MATCH_UNIK,1,1611,EMPAT LAWANG
Sumatera Selatan,Kota Lubuklinggau,MATCH_UNIK,1,1674,LUBUKLINGGAU
Sumatera Selatan,Kota Pagar Alam,MATCH_UNIK,1,1673,PAGAR ALAM
Sumatera Selatan,Kota Palembang,MATCH_UNIK,1,1671,PALEMBANG
Sumatera Selatan,Kota Prabumulih,MATCH_UNIK,1,1672,PRABUMULIH
Sumatera Selatan,Lahat,MATCH_UNIK,1,1604,LAHAT
Sumatera Selatan,Muara Enim,MATCH_UNIK,1,1603,MUARA ENIM
Sumatera Selatan,Musi Banyuasin,MATCH_UNIK,1,1606,MUSI BANYUASIN
Sumatera Selatan,Musi Rawas,MATCH_UNIK,1,1605,MUSI RAWAS
Sumatera Selatan,Musi Rawas Utara,MATCH_UNIK,1,1613,MUSI RAWAS UTARA
Sumatera Selatan,Ogan Ilir,MATCH_UNIK,1,1610,OGAN ILIR
Sumatera Selatan,Ogan Komering Ilir,MATCH_UNIK,1,1602,OGAN KOMERING ILIR
Sumatera Selatan,Ogan Komering Ulu,MATCH_UNIK,1,1601,OGAN KOMERING ULU
Sumatera Selatan,Ogan Komering Ulu Selatan,MATCH_UNIK,1,1608,OGAN KOMERING ULU SELATAN
Sumatera Selatan,Ogan Komering Ulu Timur,MATCH_UNIK,1,1609,OGAN KOMERING ULU TIMUR
Sumatera Selatan,Penukal Abab Lematang Ilir,MATCH_UNIK,1,1612,PENUKAL ABAB LEMATANG ILIR
Sumatera Utara,Asahan,MATCH_UNIK,1,1208,ASAHAN
Sumatera Utara,Batu Bara,MATCH_UNIK,1,1219,BATU BARA
Sumatera Utara,Dairi,MATCH_UNIK,1,1210,DAIRI
Sumatera Utara,Deli Serdang,MATCH_UNIK,1,1212,DELI SERDANG
Sumatera Utara,Humbang Hasundutan,MATCH_UNIK,1,1215,HUMBANG HASUNDUTAN
Sumatera Utara,Karo,MATCH_UNIK,1,1211,KARO
Sumatera Utara,Kota Binjai,MATCH_UNIK,1,1276,BINJAI
Sumatera Utara,Kota Gunungsitoli,MATCH_UNIK,1,1278,GUNUNGSITOLI
Sumatera Utara,Kota Medan,MATCH_UNIK,1,1275,MEDAN
Sumatera Utara,Kota Padangsidimpuan,MATCH_UNIK,1,1277,PADANGSIDIMPUAN
Sumatera Utara,Kota Pematang Siantar,MATCH_UNIK,1,1273,PEMATANG SIANTAR
Sumatera Utara,Kota Sibolga,MATCH_UNIK,1,1271,SIBOLGA
Sumatera Utara,Kota Tanjung Balai,MATCH_UNIK,1,1272,TANJUNG BALAI
Sumatera Utara,Kota Tebing Tinggi,MATCH_UNIK,1,1274,TEBING TINGGI
Sumatera Utara,Labuhan Batu,MATCH_UNIK,1,1207,LABUHAN BATU
Sumatera Utara,Labuhan Batu Selatan,MATCH_UNIK,1,1222,LABUHAN BATU SELATAN
Sumatera Utara,Labuhan Batu Utara,MATCH_UNIK,1,1223,LABUHAN BATU UTARA
Sumatera Utara,Langkat,MATCH_UNIK,1,1213,LANGKAT
Sumatera Utara,Mandailing Natal,MATCH_UNIK,1,1202,MANDAILING NATAL
Sumatera Utara,Nias,MATCH_UNIK,1,1201,NIAS
Sumatera Utara,Nias Barat,MATCH_UNIK,1,1225,NIAS BARAT
Sumatera Utara,Nias Selatan,MATCH_UNIK,1,1214,NIAS SELATAN
Sumatera Utara,Nias Utara,MATCH_UNIK,1,1224,NIAS UTARA
Sumatera Utara,Padang Lawas,MATCH_UNIK,1,1221,PADANG LAWAS
Sumatera Utara,Padang Lawas Utara,MATCH_UNIK,1,1220,PADANG LAWAS UTARA
Sumatera Utara,Pakpak Bharat,MATCH_UNIK,1,1216,PAKPAK BHARAT
Sumatera Utara,Samosir,MATCH_UNIK,1,1217,SAMOSIR
Sumatera Utara,Serdang Bedagai,MATCH_UNIK,1,1218,SERDANG BEDAGAI
Sumatera Utara,Simalungun,MATCH_UNIK,1,1209,SIMALUNGUN
Sumatera Utara,Tapanuli Selatan,MATCH_UNIK,1,1203,TAPANULI SELATAN
Sumatera Utara,Tapanuli Tengah,MATCH_UNIK,1,1204,TAPANULI TENGAH
Sumatera Utara,Tapanuli Utara,MATCH_UNIK,1,1205,TAPANULI UTARA
Sumatera Utara,Toba Samosir / Toba,TIDAK_MATCH,0,,
