Pulau,Provinsi,Kab_kota,kodekab,nmprov_shp,nmkab_shp,status
Sumatera,Aceh,Aceh Barat,1107,ACEH,ACEH BARAT,MATCH_UNIK
Sumatera,Aceh,Aceh Barat Daya,1112,ACEH,ACEH BARAT DAYA,MATCH_UNIK
Sumatera,Aceh,Aceh Besar,1108,ACEH,ACEH BESAR,MATCH_UNIK
Sumatera,Aceh,Aceh Jaya,1116,ACEH,ACEH JAYA,MATCH_UNIK
Sumatera,Aceh,Aceh Selatan,1103,ACEH,ACEH SELATAN,MATCH_UNIK
Sumatera,Aceh,Aceh Singkil,1102,ACEH,ACEH SINGKIL,MATCH_UNIK
Sumatera,Aceh,Aceh Tamiang,1114,ACEH,ACEH TAMIANG,MATCH_UNIK
Sumatera,Aceh,Aceh Tengah,1106,ACEH,ACEH TENGAH,MATCH_UNIK
Sumatera,Aceh,Aceh Tenggara,1104,ACEH,ACEH TENGGARA,MATCH_UNIK
Sumatera,Aceh,Aceh Timur,1105,ACEH,ACEH TIMUR,MATCH_UNIK
Sumatera,Aceh,Aceh Utara,1111,ACEH,ACEH UTARA,MATCH_UNIK
Sumatera,Aceh,Bener Meriah,1117,ACEH,BENER MERIAH,MATCH_UNIK
Sumatera,Aceh,Bireuen,1110,ACEH,BIREUEN,MATCH_UNIK
Sumatera,Aceh,Gayo Lues,1113,ACEH,GAYO LUES,MATCH_UNIK
Sumatera,Aceh,Kota Banda Aceh,1171,ACEH,BANDA ACEH,MATCH_UNIK
Sumatera,Aceh,Kota Langsa,1173,ACEH,LANGSA,MATCH_UNIK
Sumatera,Aceh,Kota Lhokseumawe,1174,ACEH,LHOKSEUMAWE,MATCH_UNIK
Sumatera,Aceh,Kota Sabang,1172,ACEH,SABANG,MATCH_UNIK
Sumatera,Aceh,Kota Subulussalam,1175,ACEH,SUBULUSSALAM,MATCH_UNIK
Sumatera,Aceh,Nagan Raya,1115,ACEH,NAGAN RAYA,MATCH_UNIK
Sumatera,Aceh,Pidie,1109,ACEH,PIDIE,MATCH_UNIK
Sumatera,Aceh,Pidie Jaya,1118,ACEH,PIDIE JAYA,MATCH_UNIK
Sumatera,Aceh,Simeulue,1101,ACEH,SIMEULUE,MATCH_UNIK
Jawa,Banten,Kota Cilegon,3672,BANTEN,CILEGON,MATCH_UNIK
Jawa,Banten,Kota Serang,3673,BANTEN,SERANG,MATCH_RESOLVED
Jawa,Banten,Kota Tangerang,3671,BANTEN,TANGERANG,MATCH_RESOLVED
Jawa,Banten,Kota Tangerang Selatan,3674,BANTEN,TANGERANG SELATAN,MATCH_UNIK
Jawa,Banten,Lebak,3602,BANTEN,LEBAK,MATCH_UNIK
Jawa,Banten,Pandeglang,3601,BANTEN,PANDEGLANG,MATCH_UNIK
Jawa,Banten,Serang,3604,BANTEN,SERANG,MATCH_RESOLVED
Jawa,Banten,Tangerang,3603,BANTEN,TANGERANG,MATCH_RESOLVED
Sumatera,Bengkulu,Bengkulu Selatan,1701,BENGKULU,BENGKULU SELATAN,MATCH_UNIK
Sumatera,Bengkulu,Bengkulu Tengah,1709,BENGKULU,BENGKULU TENGAH,MATCH_UNIK
Sumatera,Bengkulu,Bengkulu Utara,1703,BENGKULU,BENGKULU UTARA,MATCH_UNIK
Sumatera,Bengkulu,Kaur,1704,BENGKULU,KAUR,MATCH_UNIK
Sumatera,Bengkulu,Kepahiang,1708,BENGKULU,KEPAHIANG,MATCH_UNIK
Sumatera,Bengkulu,Kota Bengkulu,1771,BENGKULU,BENGKULU,MATCH_UNIK
Sumatera,Bengkulu,Lebong,1707,BENGKULU,LEBONG,MATCH_UNIK
Sumatera,Bengkulu,Mukomuko,1706,BENGKULU,MUKOMUKO,MATCH_UNIK
Sumatera,Bengkulu,Rejang Lebong,1702,BENGKULU,REJANG LEBONG,MATCH_UNIK
Sumatera,Bengkulu,Seluma,1705,BENGKULU,SELUMA,MATCH_UNIK
Jawa,DI Yogyakarta,Bantul,3402,DI YOGYAKARTA,BANTUL,MATCH_UNIK
Jawa,DI Yogyakarta,Gunung Kidul,3403,DI YOGYAKARTA,GUNUNG KIDUL,MATCH_UNIK
Jawa,DI Yogyakarta,Kota Yogyakarta,3471,DI YOGYAKARTA,YOGYAKARTA,MATCH_UNIK
Jawa,DI Yogyakarta,Kulon Progo,3401,DI YOGYAKARTA,KULON PROGO,MATCH_UNIK
Jawa,DI Yogyakarta,Sleman,3404,DI YOGYAKARTA,SLEMAN,MATCH_UNIK
Jawa,DKI Jakarta,Kep. Seribu,3101,DKI JAKARTA,KEPULAUAN SERIBU,MATCH_UNIK
Jawa,DKI Jakarta,Kota Jakarta Barat,3174,DKI JAKARTA,JAKARTA BARAT,MATCH_UNIK
Jawa,DKI Jakarta,Kota Jakarta Pusat,3173,DKI JAKARTA,JAKARTA PUSAT,MATCH_UNIK
Jawa,DKI Jakarta,Kota Jakarta Selatan,3171,DKI JAKARTA,JAKARTA SELATAN,MATCH_UNIK
Jawa,DKI Jakarta,Kota Jakarta Timur,3172,DKI JAKARTA,JAKARTA TIMUR,MATCH_UNIK
Jawa,DKI Jakarta,Kota Jakarta Utara,3175,DKI JAKARTA,JAKARTA UTARA,MATCH_UNIK
Sumatera,Jambi,Batang Hari,1504,JAMBI,BATANG HARI,MATCH_UNIK
Sumatera,Jambi,Bungo,1509,JAMBI,BUNGO,MATCH_UNIK
Sumatera,Jambi,Kerinci,1501,JAMBI,KERINCI,MATCH_UNIK
Sumatera,Jambi,Kota Jambi,1571,JAMBI,JAMBI,MATCH_UNIK
Sumatera,Jambi,Kota Sungai Penuh,1572,JAMBI,SUNGAI PENUH,MATCH_UNIK
Sumatera,Jambi,Merangin,1502,JAMBI,MERANGIN,MATCH_UNIK
Sumatera,Jambi,Muaro Jambi,1505,JAMBI,MUARO JAMBI,MATCH_UNIK
Sumatera,Jambi,Sarolangun,1503,JAMBI,SAROLANGUN,MATCH_UNIK
Sumatera,Jambi,Tanjung Jabung Barat,1507,JAMBI,TANJUNG JABUNG BARAT,MATCH_UNIK
Sumatera,Jambi,Tanjung Jabung Timur,1506,JAMBI,TANJUNG JABUNG TIMUR,MATCH_UNIK
Sumatera,Jambi,Tebo,1508,JAMBI,TEBO,MATCH_UNIK
Jawa,Jawa Barat,Bandung,3204,JAWA BARAT,BANDUNG,MATCH_RESOLVED
Jawa,Jawa Barat,Bandung Barat,3217,JAWA BARAT,BANDUNG BARAT,MATCH_UNIK
Jawa,Jawa Barat,Bekasi,3216,JAWA BARAT,BEKASI,MATCH_RESOLVED
Jawa,Jawa Barat,Bogor,3201,JAWA BARAT,BOGOR,MATCH_RESOLVED
Jawa,Jawa Barat,Ciamis,3207,JAWA BARAT,CIAMIS,MATCH_UNIK
Jawa,Jawa Barat,Cianjur,3203,JAWA BARAT,CIANJUR,MATCH_UNIK
Jawa,Jawa Barat,Cirebon,3209,JAWA BARAT,CIREBON,MATCH_RESOLVED
Jawa,Jawa Barat,Garut,3205,JAWA BARAT,GARUT,MATCH_UNIK
Jawa,Jawa Barat,Indramayu,3212,JAWA BARAT,INDRAMAYU,MATCH_UNIK
Jawa,Jawa Barat,Karawang,3215,JAWA BARAT,KARAWANG,MATCH_UNIK
Jawa,Jawa Barat,Kota Bandung,3273,JAWA BARAT,BANDUNG,MATCH_RESOLVED
Jawa,Jawa Barat,Kota Banjar,3279,JAWA BARAT,BANJAR,MATCH_UNIK
Jawa,Jawa Barat,Kota Bekasi,3275,JAWA BARAT,BEKASI,MATCH_RESOLVED
Jawa,Jawa Barat,Kota Bogor,3271,JAWA BARAT,BOGOR,MATCH_RESOLVED
Jawa,Jawa Barat,Kota Cimahi,3277,JAWA BARAT,CIMAHI,MATCH_UNIK
Jawa,Jawa Barat,Kota Cirebon,3274,JAWA BARAT,CIREBON,MATCH_RESOLVED
Jawa,Jawa Barat,Kota Depok,3276,JAWA BARAT,DEPOK,MATCH_UNIK
Jawa,Jawa Barat,Kota Sukabumi,3272,JAWA BARAT,SUKABUMI,MATCH_RESOLVED
Jawa,Jawa Barat,Kota Tasikmalaya,3278,JAWA BARAT,TASIKMALAYA,MATCH_RESOLVED
Jawa,Jawa Barat,Kuningan,3208,JAWA BARAT,KUNINGAN,MATCH_UNIK
Jawa,Jawa Barat,Majalengka,3210,JAWA BARAT,MAJALENGKA,MATCH_UNIK
Jawa,Jawa Barat,Pangandaran,3218,JAWA BARAT,PANGANDARAN,MATCH_UNIK
Jawa,Jawa Barat,Purwakarta,3214,JAWA BARAT,PURWAKARTA,MATCH_UNIK
Jawa,Jawa Barat,Subang,3213,JAWA BARAT,SUBANG,MATCH_UNIK
Jawa,Jawa Barat,Sukabumi,3202,JAWA BARAT,SUKABUMI,MATCH_RESOLVED
Jawa,Jawa Barat,Sumedang,3211,JAWA BARAT,SUMEDANG,MATCH_UNIK
Jawa,Jawa Barat,Tasikmalaya,3206,JAWA BARAT,TASIKMALAYA,MATCH_RESOLVED
Jawa,Jawa Tengah,Banjarnegara,3304,JAWA TENGAH,BANJARNEGARA,MATCH_UNIK
Jawa,Jawa Tengah,Banyumas,3302,JAWA TENGAH,BANYUMAS,MATCH_UNIK
Jawa,Jawa Tengah,Batang,3325,JAWA TENGAH,BATANG,MATCH_UNIK
Jawa,Jawa Tengah,Blora,3316,JAWA TENGAH,BLORA,MATCH_UNIK
Jawa,Jawa Tengah,Boyolali,3309,JAWA TENGAH,BOYOLALI,MATCH_UNIK
Jawa,Jawa Tengah,Brebes,3329,JAWA TENGAH,BREBES,MATCH_UNIK
Jawa,Jawa Tengah,Cilacap,3301,JAWA TENGAH,CILACAP,MATCH_UNIK
Jawa,Jawa Tengah,Demak,3321,JAWA TENGAH,DEMAK,MATCH_UNIK
Jawa,Jawa Tengah,Grobogan,3315,JAWA TENGAH,GROBOGAN,MATCH_UNIK
Jawa,Jawa Tengah,Jepara,3320,JAWA TENGAH,JEPARA,MATCH_UNIK
Jawa,Jawa Tengah,Karanganyar,3313,JAWA TENGAH,KARANGANYAR,MATCH_UNIK
Jawa,Jawa Tengah,Kebumen,3305,JAWA TENGAH,KEBUMEN,MATCH_UNIK
Jawa,Jawa Tengah,Kendal,3324,JAWA TENGAH,KENDAL,MATCH_UNIK
Jawa,Jawa Tengah,Klaten,3310,JAWA TENGAH,KLATEN,MATCH_UNIK
Jawa,Jawa Tengah,Kota Magelang,3371,JAWA TENGAH,MAGELANG,MATCH_RESOLVED
Jawa,Jawa Tengah,Kota Pekalongan,3375,JAWA TENGAH,PEKALONGAN,MATCH_RESOLVED
Jawa,Jawa Tengah,Kota Salatiga,3373,JAWA TENGAH,SALATIGA,MATCH_UNIK
Jawa,Jawa Tengah,Kota Semarang,3374,JAWA TENGAH,SEMARANG,MATCH_RESOLVED
Jawa,Jawa Tengah,Kota Surakarta,3372,JAWA TENGAH,SURAKARTA,MATCH_UNIK
Jawa,Jawa Tengah,Kota Tegal,3376,JAWA TENGAH,TEGAL,MATCH_RESOLVED
Jawa,Jawa Tengah,Kudus,3319,JAWA TENGAH,KUDUS,MATCH_UNIK
Jawa,Jawa Tengah,Magelang,3308,JAWA TENGAH,MAGELANG,MATCH_RESOLVED
Jawa,Jawa Tengah,Pati,3318,JAWA TENGAH,PATI,MATCH_UNIK
Jawa,Jawa Tengah,Pekalongan,3326,JAWA TENGAH,PEKALONGAN,MATCH_RESOLVED
Jawa,Jawa Tengah,Pemalang,3327,JAWA TENGAH,PEMALANG,MATCH_UNIK
Jawa,Jawa Tengah,Purbalingga,3303,JAWA TENGAH,PURBALINGGA,MATCH_UNIK
Jawa,Jawa Tengah,Purworejo,3306,JAWA TENGAH,PURWOREJO,MATCH_UNIK
Jawa,Jawa Tengah,Rembang,3317,JAWA TENGAH,REMBANG,MATCH_UNIK
Jawa,Jawa Tengah,Semarang,3322,JAWA TENGAH,SEMARANG,MATCH_RESOLVED
Jawa,Jawa Tengah,Sragen,3314,JAWA TENGAH,SRAGEN,MATCH_UNIK
Jawa,Jawa Tengah,Sukoharjo,3311,JAWA TENGAH,SUKOHARJO,MATCH_UNIK
Jawa,Jawa Tengah,Tegal,3328,JAWA TENGAH,TEGAL,MATCH_RESOLVED
Jawa,Jawa Tengah,Temanggung,3323,JAWA TENGAH,TEMANGGUNG,MATCH_UNIK
Jawa,Jawa Tengah,Wonogiri,3312,JAWA TENGAH,WONOGIRI,MATCH_UNIK
Jawa,Jawa Tengah,Wonosobo,3307,JAWA TENGAH,WONOSOBO,MATCH_UNIK
Jawa,Jawa Timur,Bangkalan,3526,JAWA TIMUR,BANGKALAN,MATCH_UNIK
Jawa,Jawa Timur,Banyuwangi,3510,JAWA TIMUR,BANYUWANGI,MATCH_UNIK
Jawa,Jawa Timur,Blitar,3505,JAWA TIMUR,BLITAR,MATCH_RESOLVED
Jawa,Jawa Timur,Bojonegoro,3522,JAWA TIMUR,BOJONEGORO,MATCH_UNIK
Jawa,Jawa Timur,Bondowoso,3511,JAWA TIMUR,BONDOWOSO,MATCH_UNIK
Jawa,Jawa Timur,Gresik,3525,JAWA TIMUR,GRESIK,MATCH_UNIK
Jawa,Jawa Timur,Jember,3509,JAWA TIMUR,JEMBER,MATCH_UNIK
Jawa,Jawa Timur,Jombang,3517,JAWA TIMUR,JOMBANG,MATCH_UNIK
Jawa,Jawa Timur,Kediri,3506,JAWA TIMUR,KEDIRI,MATCH_RESOLVED
Jawa,Jawa Timur,Kota Batu,3579,JAWA TIMUR,BATU,MATCH_UNIK
Jawa,Jawa Timur,Kota Blitar,3572,JAWA TIMUR,BLITAR,MATCH_RESOLVED
Jawa,Jawa Timur,Kota Kediri,3571,JAWA TIMUR,KEDIRI,MATCH_RESOLVED
Jawa,Jawa Timur,Kota Madiun,3577,JAWA TIMUR,MADIUN,MATCH_RESOLVED
Jawa,Jawa Timur,Kota Malang,3573,JAWA TIMUR,MALANG,MATCH_RESOLVED
Jawa,Jawa Timur,Kota Mojokerto,3576,JAWA TIMUR,MOJOKERTO,MATCH_RESOLVED
Jawa,Jawa Timur,Kota Pasuruan,3575,JAWA TIMUR,PASURUAN,MATCH_RESOLVED
Jawa,Jawa Timur,Kota Probolinggo,3574,JAWA TIMUR,PROBOLINGGO,MATCH_RESOLVED
Jawa,Jawa Timur,Kota Surabaya,3578,JAWA TIMUR,SURABAYA,MATCH_UNIK
Jawa,Jawa Timur,Lamongan,3524,JAWA TIMUR,LAMONGAN,MATCH_UNIK
Jawa,Jawa Timur,Lumajang,3508,JAWA TIMUR,LUMAJANG,MATCH_UNIK
Jawa,Jawa Timur,Madiun,3519,JAWA TIMUR,MADIUN,MATCH_RESOLVED
Jawa,Jawa Timur,Magetan,3520,JAWA TIMUR,MAGETAN,MATCH_UNIK
Jawa,Jawa Timur,Malang,3507,JAWA TIMUR,MALANG,MATCH_RESOLVED
Jawa,Jawa Timur,Mojokerto,3516,JAWA TIMUR,MOJOKERTO,MATCH_RESOLVED
Jawa,Jawa Timur,Nganjuk,3518,JAWA TIMUR,NGANJUK,MATCH_UNIK
Jawa,Jawa Timur,Ngawi,3521,JAWA TIMUR,NGAWI,MATCH_UNIK
Jawa,Jawa Timur,Pacitan,3501,JAWA TIMUR,PACITAN,MATCH_UNIK
Jawa,Jawa Timur,Pamekasan,3528,JAWA TIMUR,PAMEKASAN,MATCH_UNIK
Jawa,Jawa Timur,Pasuruan,3514,JAWA TIMUR,PASURUAN,MATCH_RESOLVED
Jawa,Jawa Timur,Ponorogo,3502,JAWA TIMUR,PONOROGO,MATCH_UNIK
Jawa,Jawa Timur,Probolinggo,3513,JAWA TIMUR,PROBOLINGGO,MATCH_RESOLVED
Jawa,Jawa Timur,Sampang,3527,JAWA TIMUR,SAMPANG,MATCH_UNIK
Jawa,Jawa Timur,Sidoarjo,3515,JAWA TIMUR,SIDOARJO,MATCH_UNIK
Jawa,Jawa Timur,Situbondo,3512,JAWA TIMUR,SITUBONDO,MATCH_UNIK
Jawa,Jawa Timur,Sumenep,3529,JAWA TIMUR,SUMENEP,MATCH_UNIK
Jawa,Jawa Timur,Trenggalek,3503,JAWA TIMUR,TRENGGALEK,MATCH_UNIK
Jawa,Jawa Timur,Tuban,3523,JAWA TIMUR,TUBAN,MATCH_UNIK
Jawa,Jawa Timur,Tulungagung,3504,JAWA TIMUR,TULUNGAGUNG,MATCH_UNIK
Sumatera,Kep. Bangka Belitung,Bangka,1901,KEPULAUAN BANGKA BELITUNG,BANGKA,MATCH_UNIK
Sumatera,Kep. Bangka Belitung,Bangka Barat,1903,KEPULAUAN BANGKA BELITUNG,BANGKA BARAT,MATCH_UNIK
Sumatera,Kep. Bangka Belitung,Bangka Selatan,1905,KEPULAUAN BANGKA BELITUNG,BANGKA SELATAN,MATCH_UNIK
Sumatera,Kep. Bangka Belitung,Bangka Tengah,1904,KEPULAUAN BANGKA BELITUNG,BANGKA TENGAH,MATCH_UNIK
Sumatera,Kep. Bangka Belitung,Belitung,1902,KEPULAUAN BANGKA BELITUNG,BELITUNG,MATCH_UNIK
Sumatera,Kep. Bangka Belitung,Belitung Timur,1906,KEPULAUAN BANGKA BELITUNG,BELITUNG TIMUR,MATCH_UNIK
Sumatera,Kep. Bangka Belitung,Kota Pangkal Pinang,1971,KEPULAUAN BANGKA BELITUNG,PANGKAL PINANG,MATCH_UNIK
Sumatera,Kep. Riau,Bintan,2102,KEPULAUAN RIAU,BINTAN,MATCH_UNIK
Sumatera,Kep. Riau,Karimun,2101,KEPULAUAN RIAU,KARIMUN,MATCH_UNIK
Sumatera,Kep. Riau,Kepulauan Anambas,2105,KEPULAUAN RIAU,KEPULAUAN ANAMBAS,MATCH_UNIK
Sumatera,Kep. Riau,Kota Batam,2171,KEPULAUAN RIAU,B A T A M,MATCH_UNIK
Sumatera,Kep. Riau,Kota Tanjung Pinang,2172,KEPULAUAN RIAU,TANJUNG PINANG,MATCH_UNIK
Sumatera,Kep. Riau,Lingga,2104,KEPULAUAN RIAU,LINGGA,MATCH_UNIK
Sumatera,Kep. Riau,Natuna,2103,KEPULAUAN RIAU,NATUNA,MATCH_UNIK
Sumatera,Lampung,Kota Bandar Lampung,1871,LAMPUNG,BANDAR LAMPUNG,MATCH_UNIK
Sumatera,Lampung,Kota Metro,1872,LAMPUNG,METRO,MATCH_UNIK
Sumatera,Lampung,Lampung Barat,1801,LAMPUNG,LAMPUNG BARAT,MATCH_UNIK
Sumatera,Lampung,Lampung Selatan,1803,LAMPUNG,LAMPUNG SELATAN,MATCH_UNIK
Sumatera,Lampung,Lampung Tengah,1805,LAMPUNG,LAMPUNG TENGAH,MATCH_UNIK
Sumatera,Lampung,Lampung Timur,1804,LAMPUNG,LAMPUNG TIMUR,MATCH_UNIK
Sumatera,Lampung,Lampung Utara,1806,LAMPUNG,LAMPUNG UTARA,MATCH_UNIK
Sumatera,Lampung,Mesuji,1811,LAMPUNG,MESUJI,MATCH_UNIK
Sumatera,Lampung,Pesawaran,1809,LAMPUNG,PESAWARAN,MATCH_UNIK
Sumatera,Lampung,Pesisir Barat,1813,LAMPUNG,PESISIR BARAT,MATCH_UNIK
Sumatera,Lampung,Pringsewu,1810,LAMPUNG,PRINGSEWU,MATCH_UNIK
Sumatera,Lampung,Tanggamus,1802,LAMPUNG,TANGGAMUS,MATCH_UNIK
Sumatera,Lampung,Tulang Bawang Barat,1812,LAMPUNG,TULANG BAWANG BARAT,MATCH_UNIK
Sumatera,Lampung,Tulangbawang,1808,LAMPUNG,TULANGBAWANG,MATCH_UNIK
Sumatera,Lampung,Way Kanan,1807,LAMPUNG,WAY KANAN,MATCH_UNIK
Sumatera,Riau,Bengkalis,1408,RIAU,BENGKALIS,MATCH_UNIK
Sumatera,Riau,Indragiri Hilir,1403,RIAU,INDRAGIRI HILIR,MATCH_UNIK
Sumatera,Riau,Indragiri Hulu,1402,RIAU,INDRAGIRI HULU,MATCH_UNIK
Sumatera,Riau,Kampar,1406,RIAU,KAMPAR,MATCH_UNIK
Sumatera,Riau,Kepulauan Meranti,1410,RIAU,KEPULAUAN MERANTI,MATCH_UNIK
Sumatera,Riau,Kota Dumai,1473,RIAU,D U M A I,MATCH_UNIK
Sumatera,Riau,Kota Pekanbaru,1471,RIAU,PEKANBARU,MATCH_UNIK
Sumatera,Riau,Kuantan Singingi,1401,RIAU,KUANTAN SINGINGI,MATCH_UNIK
Sumatera,Riau,Pelalawan,1404,RIAU,PELALAWAN,MATCH_UNIK
Sumatera,Riau,Rokan Hilir,1409,RIAU,ROKAN HILIR,MATCH_UNIK
Sumatera,Riau,Rokan Hulu,1407,RIAU,ROKAN HULU,MATCH_UNIK
Sumatera,Riau,Siak,1405,RIAU,S I A K,MATCH_UNIK
Sumatera,Sumatera Barat,Agam,1307,SUMATERA BARAT,AGAM,MATCH_UNIK
Sumatera,Sumatera Barat,Dharmasraya,1311,SUMATERA BARAT,DHARMASRAYA,MATCH_UNIK
Sumatera,Sumatera Barat,Kepulauan Mentawai,1301,SUMATERA BARAT,KEPULAUAN MENTAWAI,MATCH_UNIK
Sumatera,Sumatera Barat,Kota Bukittinggi,1375,SUMATERA BARAT,BUKITTINGGI,MATCH_UNIK
Sumatera,Sumatera Barat,Kota Padang,1371,SUMATERA BARAT,PADANG,MATCH_UNIK
Sumatera,Sumatera Barat,Kota Padang Panjang,1374,SUMATERA BARAT,PADANG PANJANG,MATCH_UNIK
Sumatera,Sumatera Barat,Kota Pariaman,1377,SUMATERA BARAT,PARIAMAN,MATCH_UNIK
Sumatera,Sumatera Barat,Kota Payakumbuh,1376,SUMATERA BARAT,PAYAKUMBUH,MATCH_UNIK
Sumatera,Sumatera Barat,Kota Sawah Lunto,1373,SUMATERA BARAT,SAWAH LUNTO,MATCH_UNIK
Sumatera,Sumatera Barat,Kota Solok,1372,SUMATERA BARAT,SOLOK,MATCH_RESOLVED
Sumatera,Sumatera Barat,Lima Puluh Kota,1308,SUMATERA BARAT,LIMA PULUH KOTA,MATCH_UNIK
Sumatera,Sumatera Barat,Padang Pariaman,1306,SUMATERA BARAT,PADANG PARIAMAN,MATCH_UNIK
Sumatera,Sumatera Barat,Pasaman,1309,SUMATERA BARAT,PASAMAN,MATCH_UNIK
Sumatera,Sumatera Barat,Pasaman Barat,1312,SUMATERA BARAT,PASAMAN BARAT,MATCH_UNIK
Sumatera,Sumatera Barat,Pesisir Selatan,1302,SUMATERA BARAT,PESISIR SELATAN,MATCH_UNIK
Sumatera,Sumatera Barat,Sijunjung,1304,SUMATERA BARAT,SIJUNJUNG,MATCH_UNIK
Sumatera,Sumatera Barat,Solok,1303,SUMATERA BARAT,SOLOK,MATCH_RESOLVED
Sumatera,Sumatera Barat,Solok Selatan,1310,SUMATERA BARAT,SOLOK SELATAN,MATCH_UNIK
Sumatera,Sumatera Barat,Tanah Datar,1305,SUMATERA BARAT,TANAH DATAR,MATCH_UNIK
Sumatera,Sumatera Selatan,Banyu Asin,1607,SUMATERA SELATAN,BANYU ASIN,MATCH_UNIK
Sumatera,Sumatera Selatan,Empat Lawang,1611,SUMATERA SELATAN,EMPAT LAWANG,MATCH_UNIK
Sumatera,Sumatera Selatan,Kota Lubuklinggau,1674,SUMATERA SELATAN,LUBUKLINGGAU,MATCH_UNIK
Sumatera,Sumatera Selatan,Kota Pagar Alam,1673,SUMATERA SELATAN,PAGAR ALAM,MATCH_UNIK
Sumatera,Sumatera Selatan,Kota Palembang,1671,SUMATERA SELATAN,PALEMBANG,MATCH_UNIK
Sumatera,Sumatera Selatan,Kota Prabumulih,1672,SUMATERA SELATAN,PRABUMULIH,MATCH_UNIK
Sumatera,Sumatera Selatan,Lahat,1604,SUMATERA SELATAN,LAHAT,MATCH_UNIK
Sumatera,Sumatera Selatan,Muara Enim,1603,SUMATERA SELATAN,MUARA ENIM,MATCH_UNIK
Sumatera,Sumatera Selatan,Musi Banyuasin,1606,SUMATERA SELATAN,MUSI BANYUASIN,MATCH_UNIK
Sumatera,Sumatera Selatan,Musi Rawas,1605,SUMATERA SELATAN,MUSI RAWAS,MATCH_UNIK
Sumatera,Sumatera Selatan,Musi Rawas Utara,1613,SUMATERA SELATAN,MUSI RAWAS UTARA,MATCH_UNIK
Sumatera,Sumatera Selatan,Ogan Ilir,1610,SUMATERA SELATAN,OGAN ILIR,MATCH_UNIK
Sumatera,Sumatera Selatan,Ogan Komering Ilir,1602,SUMATERA SELATAN,OGAN KOMERING ILIR,MATCH_UNIK
Sumatera,Sumatera Selatan,Ogan Komering Ulu,1601,SUMATERA SELATAN,OGAN KOMERING ULU,MATCH_UNIK
Sumatera,Sumatera Selatan,Ogan Komering Ulu Selatan,1608,SUMATERA SELATAN,OGAN KOMERING ULU SELATAN,MATCH_UNIK
Sumatera,Sumatera Selatan,Ogan Komering Ulu Timur,1609,SUMATERA SELATAN,OGAN KOMERING ULU TIMUR,MATCH_UNIK
Sumatera,Sumatera Selatan,Penukal Abab Lematang Ilir,1612,SUMATERA SELATAN,PENUKAL ABAB LEMATANG ILIR,MATCH_UNIK
Sumatera,Sumatera Utara,Asahan,1208,SUMATERA UTARA,ASAHAN,MATCH_UNIK
Sumatera,Sumatera Utara,Batu Bara,1219,SUMATERA UTARA,BATU BARA,MATCH_UNIK
Sumatera,Sumatera Utara,Dairi,1210,SUMATERA UTARA,DAIRI,MATCH_UNIK
Sumatera,Sumatera Utara,Deli Serdang,1212,SUMATERA UTARA,DELI SERDANG,MATCH_UNIK
Sumatera,Sumatera Utara,Humbang Hasundutan,1215,SUMATERA UTARA,HUMBANG HASUNDUTAN,MATCH_UNIK
Sumatera,Sumatera Utara,Karo,1211,SUMATERA UTARA,KARO,MATCH_UNIK
Sumatera,Sumatera Utara,Kota Binjai,1276,SUMATERA UTARA,BINJAI,MATCH_UNIK
Sumatera,Sumatera Utara,Kota Gunungsitoli,1278,SUMATERA UTARA,GUNUNGSITOLI,MATCH_UNIK
Sumatera,Sumatera Utara,Kota Medan,1275,SUMATERA UTARA,MEDAN,MATCH_UNIK
Sumatera,Sumatera Utara,Kota Padangsidimpuan,1277,SUMATERA UTARA,PADANGSIDIMPUAN,MATCH_UNIK
Sumatera,Sumatera Utara,Kota Pematang Siantar,1273,SUMATERA UTARA,PEMATANG SIANTAR,MATCH_UNIK
Sumatera,Sumatera Utara,Kota Sibolga,1271,SUMATERA UTARA,SIBOLGA,MATCH_UNIK
Sumatera,Sumatera Utara,Kota Tanjung Balai,1272,SUMATERA UTARA,TANJUNG BALAI,MATCH_UNIK
Sumatera,Sumatera Utara,Kota Tebing Tinggi,1274,SUMATERA UTARA,TEBING TINGGI,MATCH_UNIK
Sumatera,Sumatera Utara,Labuhan Batu,1207,SUMATERA UTARA,LABUHAN BATU,MATCH_UNIK
Sumatera,Sumatera Utara,Labuhan Batu Selatan,1222,SUMATERA UTARA,LABUHAN BATU SELATAN,MATCH_UNIK
Sumatera,Sumatera Utara,Labuhan Batu Utara,1223,SUMATERA UTARA,LABUHAN BATU UTARA,MATCH_UNIK
Sumatera,Sumatera Utara,Langkat,1213,SUMATERA UTARA,LANGKAT,MATCH_UNIK
Sumatera,Sumatera Utara,Mandailing Natal,1202,SUMATERA UTARA,MANDAILING NATAL,MATCH_UNIK
Sumatera,Sumatera Utara,Nias,1201,SUMATERA UTARA,NIAS,MATCH_UNIK
Sumatera,Sumatera Utara,Nias Barat,1225,SUMATERA UTARA,NIAS BARAT,MATCH_UNIK
Sumatera,Sumatera Utara,Nias Selatan,1214,SUMATERA UTARA,NIAS SELATAN,MATCH_UNIK
Sumatera,Sumatera Utara,Nias Utara,1224,SUMATERA UTARA,NIAS UTARA,MATCH_UNIK
Sumatera,Sumatera Utara,Padang Lawas,1221,SUMATERA UTARA,PADANG LAWAS,MATCH_UNIK
Sumatera,Sumatera Utara,Padang Lawas Utara,1220,SUMATERA UTARA,PADANG LAWAS UTARA,MATCH_UNIK
Sumatera,Sumatera Utara,Pakpak Bharat,1216,SUMATERA UTARA,PAKPAK BHARAT,MATCH_UNIK
Sumatera,Sumatera Utara,Samosir,1217,SUMATERA UTARA,SAMOSIR,MATCH_UNIK
Sumatera,Sumatera Utara,Serdang Bedagai,1218,SUMATERA UTARA,SERDANG BEDAGAI,MATCH_UNIK
Sumatera,Sumatera Utara,Simalungun,1209,SUMATERA UTARA,SIMALUNGUN,MATCH_UNIK
Sumatera,Sumatera Utara,Tapanuli Selatan,1203,SUMATERA UTARA,TAPANULI SELATAN,MATCH_UNIK
Sumatera,Sumatera Utara,Tapanuli Tengah,1204,SUMATERA UTARA,TAPANULI TENGAH,MATCH_UNIK
Sumatera,Sumatera Utara,Tapanuli Utara,1205,SUMATERA UTARA,TAPANULI UTARA,MATCH_UNIK
Sumatera,Sumatera Utara,Toba Samosir / Toba,1206,SUMATERA UTARA,TOBA SAMOSIR,MATCH_UNIK
