Kab_kota,Provinsi,Tahun,PC1,PC2,PC3,PC4,PC5,PC6,PC7,PC8,Tipologi_Lansia,jumlah_penduduk,jumlah_lansia,pct_lansia,pct_anak,rls,pengeluaran,ahh_rata2,delta_pct_lansia,UMAP1,UMAP2
Aceh Barat,Aceh,2024,1.4862666939283533,0.3699393025525618,-0.368408383184893,0.1385707438981537,-0.3039526728009369,0.8411333335765249,-0.4098972484814129,0.0756349829598806,Lansia rendah - Kemiskinan tinggi,206822,21030,10.1682,24.6545,9.99,10548,68.53,1.374600000000001,-0.24089456,0.05429634
Aceh Barat Daya,Aceh,2024,2.246620875657972,-0.5098908788311277,-0.2091033306097448,0.492420153541963,-0.8286518730759883,0.7449082761559911,-0.5142831025940676,0.1003924932965717,Lansia rendah - Kemiskinan tinggi,159187,15123,9.5001,24.7564,8.78,9559,65.69,1.2912,-0.6810789,-0.38641718
Aceh Besar,Aceh,2024,1.6101359648462423,0.6392751602688809,0.1161708098066834,-0.6686324216401269,0.250797972115389,0.5963960991408896,-0.1608955769913375,0.0590603898126302,Lansia rendah - Kemiskinan tinggi,428254,40577,9.475,26.5485,10.37,10810,70.34,1.1211000000000002,-0.93098867,2.3739812
Aceh Jaya,Aceh,2024,3.0292301492180456,0.0303875958091161,0.066394405597269,-1.047236658552578,-0.4090680518058516,-0.1408099599183992,-0.0279674121443872,0.0827776969850202,Lansia rendah - Kemiskinan tinggi,99200,8688,8.7581,27.8891,9.02,11007,67.74,0.632200000000001,-1.2986486,1.3765463
Aceh Selatan,Aceh,2024,2.0625617277442534,-0.776733196259845,-0.4457311835766008,0.2472147070616341,-1.128314077414842,1.0607288140496218,-0.5582562308099982,0.0483185160605663,Lansia rendah - Kemiskinan tinggi,241994,26107,10.7883,23.8394,8.92,9190,65.02,1.2199999999999989,-0.46717638,-0.41461584
Aceh Singkil,Aceh,2024,3.545430013112211,0.0690559791937075,0.9230017425671454,-0.222541716978643,0.3687341439618488,-0.0860188574613503,0.3118331517679878,0.1420455608491383,Lansia rendah - Kemiskinan tinggi,135684,8603,6.3405,30.7663,8.72,9862,67.94,0.9387,-1.7327573,1.0178759
Aceh Tamiang,Aceh,2024,1.4329117903522537,0.0900658501223967,-0.013025469668937,0.6236006730933964,0.5785004366940555,0.6314776610712067,-0.1306861763922348,0.045294633884323,Lansia rendah - Kemiskinan tinggi,309039,28823,9.3267,26.1498,9.3,9529,70.26,1.592900000000001,0.13768548,0.8764046
Aceh Tengah,Aceh,2024,2.0404423153566484,0.828395650042382,0.1832766684296606,-0.445559842940885,-0.0726721030954115,0.2248442738142682,0.0246739233948624,0.0676217984608255,Lansia rendah - Kemiskinan tinggi,226744,20132,8.8787,27.3952,10.03,11805,69.34,1.1097,-0.95289135,2.3802745
Aceh Tenggara,Aceh,2024,2.65346402688084,0.2251024526027663,0.2399541294746215,-0.5887596135659815,0.4001058084386408,0.8678669260231655,-0.2690174688237909,0.1454901740430068,Lansia rendah - Kemiskinan tinggi,234430,19315,8.2391,27.6654,10.1,8876,68.82,0.9838000000000005,-1.1596553,1.908561
Aceh Timur,Aceh,2024,2.369694558050067,-0.2333844787277112,0.687028886850019,0.107176028583687,0.4510093270010231,0.0101421127009031,0.2060966181773472,0.0011652927462715,Lansia rendah - Kemiskinan tinggi,443638,35164,7.9263,28.7304,8.48,9889,69.23,1.2256,-1.3675954,0.72504735
Aceh Utara,Aceh,2024,1.681438463700209,-0.3480717426861151,0.4012161262597332,-0.0940884650196706,0.2935866176591412,0.5986846652384851,-0.0726294246373319,-0.0008780645565195,Lansia rendah - Kemiskinan tinggi,631984,59282,9.3803,26.7424,9.11,9374,69.32,1.2735000000000003,-0.22008985,0.7781057
Bener Meriah,Aceh,2024,2.2619455328311955,1.059056072839053,0.2497940576887929,-0.8013571748801777,-0.0059583855447727,-0.0662363029927935,-0.0084845149114316,0.1132497004453591,Lansia rendah - Kemiskinan tinggi,172036,14216,8.2634,27.8639,10.13,12360,69.84,0.938600000000001,-1.0378317,2.361556
Bireuen,Aceh,2024,1.479236777005775,0.1574041116048447,-0.0496890863654551,-0.7495980753194273,0.7350448091935331,0.2605474882400741,-0.0290940703642329,0.0074404766915252,Lansia rendah - Kemiskinan tinggi,459073,45844,9.9862,26.716,9.59,10150,71.88,1.0800999999999998,-0.7524882,2.0141983
Gayo Lues,Aceh,2024,3.690386633869414,-0.3602492281204951,0.5793980876805834,-0.5728132548634205,-0.4302331228263274,-0.0974596761391264,-0.1492281917955734,0.185631148651528,Lansia rendah - Kemiskinan tinggi,106791,7389,6.9191,28.774,8.44,9967,66.07,0.6839000000000004,-1.5895132,1.1201159
Kota Banda Aceh,Aceh,2024,0.3123103866922344,3.93090361224992,0.4852421060386043,-0.2802681633627808,-0.3863454050612924,0.0491705497525678,0.2171023485963709,0.1068624017563973,Lansia rendah - Kemiskinan rendah,265019,22360,8.4371,26.9701,13.1,18100,72.22,1.628099999999999,1.663096,4.302242
Kota Langsa,Aceh,2024,0.8548655627961462,1.682656745286025,-0.2531877320954414,0.0772728087159975,-0.3670297576554908,0.6864124638871977,-0.4458806342499524,0.129423946355755,Lansia rendah - Kemiskinan tinggi,197909,19103,9.6524,24.391,11.28,13133,69.97,1.5189000000000004,1.406633,3.7734828
Kota Lhokseumawe,Aceh,2024,0.8699652335677404,1.9264625715043453,0.0159708688189899,0.177480292677747,0.5813843712914476,0.5111124954899213,-0.134625994212092,0.1226958393697693,Lansia rendah - Kemiskinan tinggi,200403,17637,8.8008,26.2416,11.31,12694,72.3,1.6254000000000008,1.364503,3.8504176
Kota Sabang,Aceh,2024,1.9048093812990576,1.588621777048859,-0.3197989316873532,-1.35699811136403,0.1234295110499594,0.2236933575250453,-0.1387444841606598,0.1106125773717437,Lansia rendah - Kemiskinan tinggi,43470,4133,9.5077,26.8461,11.22,12625,71.22,0.8323,-0.7622558,2.657813
Kota Subulussalam,Aceh,2024,4.585097984950358,-0.4530868782194533,1.314971263023077,-0.1039036778045009,-0.1089339208581042,0.3254957452525027,0.340308030971986,0.195185387101202,Lansia rendah - Kemiskinan tinggi,99062,5385,5.436,31.9386,8.43,8491,64.56,0.8113000000000001,-1.6322863,1.0189606
Nagan Raya,Aceh,2024,1.86591974316968,-0.2400822623807706,-0.6092520212534455,-0.5834428263802157,0.1192601178212115,0.4105656050056481,-0.5273952691052647,0.0792597800515853,Lansia rendah - Kemiskinan tinggi,176429,18087,10.2517,24.7913,9.25,9523,69.79,0.9846000000000004,-0.69999605,1.332603
Pidie,Aceh,2024,1.9748287998550087,-0.4539243154074209,-0.2872101700061626,-1.30810462551255,-0.99403438854637,0.1385089618152427,-0.4313490187448024,0.0343897753902253,Lansia rendah - Kemiskinan tinggi,452547,49110,10.8519,24.6425,9.04,11187,67.46,0.6386000000000003,-0.9000806,1.2525754
Pidie Jaya,Aceh,2024,2.01315290555283,0.2192536761351372,-0.6472251563714421,-1.6620094089041266,-0.0100646596570066,-0.1557602052581868,-0.3362493151474787,0.0454876733219524,Lansia rendah - Kemiskinan tinggi,166467,17559,10.548,25.5961,9.59,11274,70.82,0.5597999999999992,-0.8699069,1.6740764
Simeulue,Aceh,2024,2.9367585304838206,-0.1675753663260276,0.0636472909102646,0.0052342074716325,-0.3189855414644375,1.357702976844007,-0.4982688900952646,0.1877666692164912,Lansia rendah - Kemiskinan tinggi,98633,8368,8.484,26.4932,9.89,8106,65.78,1.1142000000000003,-1.0114204,-0.17433566
Kota Cilegon,Banten,2024,0.8747136990423847,1.592823994973898,0.7364271462170205,1.2605884673987542,-0.8354887790922558,0.465698834685754,0.2045266644861262,0.0103975852110676,Lansia rendah - Kemiskinan rendah,455617,39227,8.6096,26.4753,10.39,14294,67.71,1.9703,0.8759462,3.3388498
Kota Serang,Banten,2024,0.9503885361597106,0.8965384134924229,1.010704272388932,0.657046887991957,-0.5567353751558796,-0.6476986119289376,-0.0809869779641253,-0.0192078251724069,Lansia rendah - Kemiskinan rendah,734866,54961,7.4791,26.33,8.93,14603,69.31,1.6082999999999998,0.81374884,2.9458191
Kota Tangerang,Banten,2024,-2.014220385239515,1.5088080795297665,1.7682217227934731,0.3734302889977089,-0.2777034192377062,0.5023532744010538,-0.1436121212276412,-0.0700734253967892,Lansia rendah - Kemiskinan rendah,1963966,190783,9.7142,23.7319,11.14,15641,72.51,2.1588000000000003,4.931268,4.6013837
Kota Tangerang Selatan,Banten,2024,-2.5797319009887474,2.3914982838899967,0.8343750613085054,0.9795071042463244,-0.413699043751914,0.580654625494213,-0.1139229736504599,0.0457106411331635,Lansia tinggi - Kemiskinan rendah,1399496,154218,11.0195,22.1843,11.86,17028,73.36,2.486800000000001,4.750993,4.780551
Lebak,Banten,2024,0.7819180854906913,-1.9185237837098847,1.2410861062469625,0.6092172545472782,-0.1575831453707411,-0.1398494704485418,-0.072525240764984,-0.1470062222289189,Lansia rendah - Kemiskinan rendah,1449205,135778,9.3691,25.5715,6.61,9631,68.39,1.5206,1.481821,-0.19510172
Pandeglang,Banten,2024,0.8572234554334467,-1.7476874439803176,1.1942880026039424,1.1527396131880552,-0.7989997680579516,0.539031670181931,0.0082973891831079,-0.1132233641531846,Lansia rendah - Kemiskinan tinggi,1325952,131235,9.8974,25.247,7.16,9574,65.84,1.7454,1.4797732,-0.14468226
Serang,Banten,2024,0.641998717781387,-1.1053294450105997,1.775455957243513,0.4269845713753522,-1.2213128869589955,0.2025268327135097,-0.2635818574885521,-0.1634492652875549,Lansia rendah - Kemiskinan rendah,1701803,149456,8.7822,25.0726,7.88,11767,65.94,1.5154999999999994,1.4256774,-0.07366861
Tangerang,Banten,2024,-1.6337199197647738,-0.6004163898097409,3.4991990246754563,-0.3381803182065105,-0.2428764466969452,0.1662522689339471,-0.5835503134340672,-0.5877307674783818,Lansia rendah - Kemiskinan rendah,3400486,260035,7.647,24.6187,9.06,13254,70.93,1.7285000000000004,5.350521,-0.10913639
Bengkulu Selatan,Bengkulu,2024,1.274417441301492,0.2129144156849889,-0.5206133018999006,0.4466130754558357,-0.412475457957586,0.5889067049060109,-0.1481868972676975,-0.0147483788199133,Lansia rendah - Kemiskinan tinggi,173315,18984,10.9535,24.6534,9.42,11040,68.58,1.4941999999999993,-0.080718495,0.049671162
Bengkulu Tengah,Bengkulu,2024,2.084843984507914,-0.5257452717542087,-0.2122732940009186,0.3581637271149861,-0.1741873719151948,-0.4034354151142136,-0.2261682964366188,0.0583381980601628,Lansia rendah - Kemiskinan tinggi,122673,11131,9.0737,25.7873,7.71,10672,68.69,1.217200000000001,-0.39209858,-0.6062555
Bengkulu Utara,Bengkulu,2024,1.4294701210632457,-0.1335126620060328,-0.1290181333540473,0.3752707666848781,-0.3222242488483478,-0.1789973310990953,0.1516807401688132,-0.0590999259496251,Lansia rendah - Kemiskinan tinggi,310125,32061,10.3381,25.9444,8.32,11715,69.04,1.3938000000000006,0.3795966,0.35387915
Kaur,Bengkulu,2024,1.8147790079996624,-0.4863842908607526,-0.4186355565017092,0.6916156691953068,-0.3735544149653623,0.4782886749833007,-0.2840235710012537,0.0268301137232308,Lansia rendah - Kemiskinan tinggi,132659,13466,10.1508,24.8675,8.47,9742,67.56,1.4389000000000003,-0.14749356,-0.50773245
Kepahiang,Bengkulu,2024,1.2231104835558844,-0.2976377484151501,-0.5472731591653571,0.9572926235401203,-0.3432435169922334,0.1868934845622493,-0.5841581985777706,0.0767635518708487,Lansia rendah - Kemiskinan tinggi,156353,15534,9.9352,23.3939,8.37,10620,68.66,1.5919000000000008,0.06850865,-0.25096133
Kota Bengkulu,Bengkulu,2024,0.2813387553322132,2.6181132004782417,0.3500194274798458,0.3320546175627853,-0.3271273367369153,0.3685532594344994,-0.0324782311659628,0.0782619781288751,Lansia rendah - Kemiskinan tinggi,397321,35629,8.9673,25.6702,11.84,15542,71.08,1.7819000000000005,1.5864784,4.0986056
Lebong,Bengkulu,2024,1.9366805351616767,-0.2102046227373146,-0.3088097484001942,0.7766154503131071,-1.824764641411059,0.2757977090285977,0.0557651708600274,-0.0732651118966328,Lansia tinggi - Kemiskinan tinggi,111750,12268,10.9781,24.8966,8.41,12362,64.18,1.4082999999999988,-0.4346104,-0.10819057
Mukomuko,Bengkulu,2024,2.2777312208311087,0.135068144994076,0.3414363504076373,0.3737469728687934,-0.4330248979174594,-0.1509080462478023,0.0864845992850418,0.0504499000360493,Lansia rendah - Kemiskinan tinggi,201700,16883,8.3704,27.3872,8.57,11665,67.61,1.2820999999999998,-0.43465403,0.51889986
Rejang Lebong,Bengkulu,2024,0.8663727869611323,0.0126499664372895,-0.4554404331121666,0.6920659205263043,-0.3144079476041707,0.1685971314823755,-0.4917160621765892,0.0509238216527739,Lansia rendah - Kemiskinan tinggi,288832,29653,10.2665,23.4337,8.81,11385,69.46,1.5828000000000009,0.111814894,-0.013304171
Seluma,Bengkulu,2024,1.6166938332101397,-0.6813923645732661,-0.3971525320478811,0.6956649976250902,-0.0743271596522438,0.3032107163599519,-0.3329951650505812,0.0274850221848478,Lansia rendah - Kemiskinan tinggi,217507,21885,10.0617,24.6999,8.14,9474,68.58,1.4566,0.05189404,-0.5851556
Bantul,DI Yogyakarta,2024,-2.6342852697869104,0.7937713273516809,-0.8818584400084181,-0.5373276960180435,-0.8658117555022583,-0.3848506112726125,0.3229390880758064,0.0307702711988912,Lansia tinggi - Kemiskinan tinggi,1017750,165320,16.2437,20.3607,9.81,16851,74.36,1.7179000000000002,4.4555316,4.154513
Gunung Kidul,DI Yogyakarta,2024,-1.7196687653951022,-2.329604401812969,-2.746767226611798,-2.1128783741104704,-0.3293381084448665,-0.1827966146652857,0.220303863235393,-0.1185681543657849,Lansia tinggi - Kemiskinan tinggi,752188,159233,21.1693,18.5468,7.35,10630,74.68,0.7887999999999984,7.267594,2.2293665
Kota Yogyakarta,DI Yogyakarta,2024,-3.4423531409577244,3.2806004745612234,-1.8570533636007511,0.5912675955358121,-1.2925815607523945,-0.129977753203081,0.1560860017260137,-0.2026287539311172,Lansia tinggi - Kemiskinan rendah,375779,63001,16.7654,18.5069,12.12,20603,75.16,2.3605,4.172368,4.478942
Kulon Progo,DI Yogyakarta,2024,-1.5293577887075356,-0.6804996980475468,-2.6785797296835696,-1.2664190934793678,0.3231811751858519,0.3725004748960269,0.1075792090163872,-0.2670531454079959,Lansia tinggi - Kemiskinan tinggi,445315,85505,19.201,19.7321,9.2,10990,75.72,1.2359000000000009,7.115041,2.1143625
Sleman,DI Yogyakarta,2024,-2.777782152390244,1.5988295741379162,-0.6328526622340609,-1.432300578567893,-0.7519340400666552,-0.1538482975375737,-0.0206936818308457,0.1590835557961166,Lansia tinggi - Kemiskinan rendah,1168471,180275,15.4283,20.1589,11.33,17586,75.44,1.4817,4.26949,4.346947
Kep. Seribu,DKI Jakarta,2024,1.3792582503052158,1.306447888297085,0.1515618561873918,0.9505572262269404,-0.2601754209317076,-0.5040200748472817,0.1025058030005051,0.1020733232410177,Lansia rendah - Kemiskinan tinggi,28809,2348,8.1502,26.634,9.26,14110,69.82,1.6742999999999997,0.7772165,3.2391303
Kota Jakarta Barat,DKI Jakarta,2024,-3.987639797862532,2.472703273931648,2.148488262196838,-0.2990449716778179,-1.3832805294784285,-0.8757281705162197,0.1535849658790848,0.0182530540870665,Lansia tinggi - Kemiskinan rendah,2479571,274085,11.0537,21.9617,11.24,22119,74.41,2.1552999999999987,5.2446218,5.1648793
Kota Jakarta Pusat,DKI Jakarta,2024,-3.634511587567053,2.678136897559088,-0.2444717969995525,1.3781790834826488,-0.518740056198949,0.1482595584864059,-0.0711114282933495,0.0688008411265111,Lansia tinggi - Kemiskinan rendah,1044297,139019,13.3122,19.7485,11.61,18661,75.3,2.736800000000001,4.6321483,4.697137
Kota Jakarta Selatan,DKI Jakarta,2024,-4.906449803719929,3.691075001354442,1.800762926233524,0.2231607179869939,-1.9094404783956,-1.2322473583310751,0.3160364138190057,0.0779198948054181,Lansia tinggi - Kemiskinan rendah,2230653,262675,11.7757,20.7988,11.95,25573,75.12,2.505000000000001,5.093165,5.000349
Kota Jakarta Timur,DKI Jakarta,2024,-4.502240240282662,1.9693303053761555,2.805218966849304,-0.4703138122872791,-0.5419288737541997,0.22416459929092,0.053009580708191,0.0629161333092083,Lansia tinggi - Kemiskinan rendah,3086010,339795,11.0108,22.2151,11.99,19193,75.42,2.298399999999999,5.2318616,5.1342974
Kota Jakarta Utara,DKI Jakarta,2024,-2.6914050484258376,2.262411828504358,1.416159430527739,-0.1062153424626211,-0.9334374414713046,-0.8179875989372754,0.0673590269010133,-0.0293240674851002,Lansia rendah - Kemiskinan rendah,1815606,192336,10.5935,22.8535,10.85,20032,74.0,1.997,5.0457573,4.9550877
Batang Hari,Jambi,2024,0.9935350934095056,0.0588073605678502,-0.0305857014496264,1.0080523379709598,0.6644706232152771,-0.1996712900987778,-0.1378267265888604,0.0347363015217165,Lansia rendah - Kemiskinan rendah,316550,28343,8.9537,25.6304,8.35,10872,71.6,1.7292999999999994,0.9079707,1.0950304
Bungo,Jambi,2024,1.380288410004578,0.3144184817796429,0.2609114301738139,0.541406039271856,-0.5120275071141575,-0.3542256752465954,-0.1213553105385591,0.0322547673764169,Lansia rendah - Kemiskinan rendah,381272,33559,8.8019,25.7194,8.6,12820,68.76,1.4597999999999995,0.3897211,0.64571553
Kerinci,Jambi,2024,1.0759810105826306,-0.4941016320200198,-1.2642451063275053,-1.2215474136810436,-0.3910178409655175,-0.2685012386361108,-0.2690206408331904,-0.0977446322802535,Lansia tinggi - Kemiskinan rendah,256706,33720,13.1356,23.2842,8.6,11441,70.84,0.7804000000000002,-0.4431889,1.5595913
Kota Jambi,Jambi,2024,-0.7411553686001513,1.893752394754872,-0.054003211964486,0.5361657447161237,0.5251364272927725,0.7150352984723839,-0.3694833693456181,0.0760650339627201,Lansia rendah - Kemiskinan rendah,635101,65056,10.2434,23.5186,11.51,13388,73.72,2.008799999999999,2.65331,4.3356657
Kota Sungai Penuh,Jambi,2024,1.1780111246239195,0.5966576180339138,-1.4707675345377311,-2.18353187519655,0.2637766223596435,0.0407241118690941,-0.6053128449835452,0.0053592002089971,Lansia tinggi - Kemiskinan rendah,100847,12550,12.4446,23.4514,10.48,11499,73.26,0.5141999999999989,-0.649645,1.8166386
Merangin,Jambi,2024,0.8997163356904955,0.1808562923530415,0.0376787639836364,0.8206417410896183,0.6443513103036773,-0.3807649180519826,-0.176088167615291,0.0387236854644373,Lansia rendah - Kemiskinan rendah,373409,32825,8.7906,25.5677,8.4,11425,72.0,1.6681999999999997,0.8310509,1.1043023
Muaro Jambi,Jambi,2024,0.5270199592248129,0.1673552295205798,0.134811740807331,1.7305846611572575,1.061603701269683,0.279012177381533,-0.2959927244385174,0.062964240121217,Lansia rendah - Kemiskinan rendah,424579,35964,8.4705,25.1228,8.7,10007,72.14,2.1244999999999994,0.80888355,1.1849759
Sarolangun,Jambi,2024,1.83572983731649,0.4556378376356279,0.5752985074501259,0.5111728038709495,0.1256531253935893,-0.6761953908705125,0.4309268147919463,-0.0169203638358788,Lansia rendah - Kemiskinan rendah,306514,24751,8.075,28.4555,8.35,12679,69.96,1.432999999999999,0.20277178,2.1946871
Tanjung Jabung Barat,Jambi,2024,1.4126023278813842,-0.1289512725070173,0.1951219046747117,1.1936894357769026,0.0504135246361555,0.1209020718247491,-0.0412255913402216,0.0180264966479229,Lansia rendah - Kemiskinan tinggi,335069,29860,8.9116,26.0314,8.32,10696,68.96,1.7308000000000003,0.58983564,0.989053
Tanjung Jabung Timur,Jambi,2024,1.860981884404142,-0.9122700189078196,-0.4155045812990083,0.3127096821978155,-0.6568600974599982,0.0078962035331341,-0.0741011778568618,-0.0563009471615396,Lansia rendah - Kemiskinan tinggi,238975,25949,10.8585,25.0876,7.7,10328,67.32,1.2306999999999988,-0.10655301,-0.466095
Tebo,Jambi,2024,1.4175986647898933,-0.058728859328052,0.1870312671554825,0.6277607305816882,0.3730640360388977,-0.4866382471828558,0.0999266921395283,-0.0091204723732067,Lansia rendah - Kemiskinan rendah,355262,31459,8.8552,26.7251,8.04,11415,70.74,1.5033000000000003,0.70934415,0.9406471
Bandung,Jawa Barat,2024,-2.910280018852668,-1.3228703798586257,3.523539966595401,-0.987009727056486,0.8193094892764342,0.5929535669203826,-0.1616370079572292,-0.2014717232543094,Lansia rendah - Kemiskinan rendah,3753116,371104,9.8879,24.4061,9.15,11392,74.59,1.7685999999999993,5.4855795,-0.12631695
Bandung Barat,Jawa Barat,2024,-0.8876045597627652,-1.379206995606137,1.1201628388205769,-0.3702728220260021,0.8680402046494327,0.2928489328779182,-0.2804691298798571,0.0034376062730551,Lansia rendah - Kemiskinan tinggi,1884191,203828,10.8178,23.9182,8.24,9583,73.4,1.5385000000000009,5.3258333,0.43367463
Bekasi,Jawa Barat,2024,-1.9385834131030315,-0.1921430738651162,3.0642924592937515,-0.8163781151397809,0.8382430684150521,0.1507063179520572,-0.8823842126760271,-0.5194258816304633,Lansia rendah - Kemiskinan rendah,3273868,246041,7.5153,24.1364,9.76,12500,74.65,1.6448,5.437633,-0.12437017
Bogor,Jawa Barat,2024,-3.821633342772128,-2.593329821023766,5.778858672725822,-1.4891201112326031,0.0420925134098194,0.7174500425070651,-0.4997781292924447,-0.7712846269411484,Lansia rendah - Kemiskinan rendah,5682303,492192,8.6618,24.1386,8.39,11563,72.2,1.7005999999999997,5.564471,-0.019148104
Ciamis,Jawa Barat,2024,-2.030098065090421,-1.8008461881526234,-0.829852837030422,-0.267369479417945,-0.0313561247757736,0.7318133215010357,0.3462268610736543,0.1449893921910043,Lansia tinggi - Kemiskinan rendah,1259226,217602,17.2806,20.6948,8.1,10085,72.92,1.697699999999999,6.3322635,1.5600893
Cianjur,Jawa Barat,2024,-1.2291331900269058,-2.404639495619473,2.1830513388268957,-0.0404011903351311,0.3584199774731925,0.569617102506445,0.1307001594245964,-0.0357632490305424,Lansia tinggi - Kemiskinan tinggi,2584994,286514,11.0837,24.718,7.33,9026,71.0,1.7148000000000003,5.569477,0.14696267
Cirebon,Jawa Barat,2024,-1.3889314214768895,-1.431044202180937,1.8547920809579908,-0.3229408756091822,0.4056798411237521,-0.3172774316770248,-0.3005233880546031,-0.1080788635529261,Lansia rendah - Kemiskinan tinggi,2387961,239263,10.0196,23.7483,7.65,11529,73.09,1.584900000000001,5.4044147,0.2858775
Garut,Jawa Barat,2024,-0.8442630421371121,-1.967322122913652,2.483069692527134,-0.6654760294990529,0.8256628557443252,0.3690296289750121,0.0025112202922848,-0.2000749047214234,Lansia rendah - Kemiskinan tinggi,2716950,265568,9.7745,25.9372,7.85,9168,72.32,1.4650999999999996,5.4880743,0.16274168
Indramayu,Jawa Barat,2024,-1.5738639392115303,-1.7657240962848773,0.9940450633872224,0.4818386581299863,0.2969185036858848,-0.3118712535659548,-0.3202294381431751,0.0194068877870713,Lansia tinggi - Kemiskinan tinggi,1914037,216412,11.3066,22.1606,6.95,11010,72.82,1.8429,5.5568485,0.5916597
Karawang,Jawa Barat,2024,-1.9328980011329289,-1.0136900676718257,2.067120528140529,-0.2293614271216791,0.1326863789284438,-0.3588083724721743,-0.2863919281517612,-0.1070224630583977,Lansia rendah - Kemiskinan rendah,2554384,257141,10.0667,23.2772,8.05,12942,73.19,1.7235000000000014,5.3703713,0.17078778
Kota Bandung,Jawa Barat,2024,-3.9398873943629535,1.3411516871429825,1.7477072469061734,-1.1669956508976929,-0.7772693007944874,-0.2825541980490643,0.0111140730122124,0.2570214904405418,Lansia tinggi - Kemiskinan rendah,2528163,317897,12.5742,21.248,11.07,18795,75.37,1.822799999999999,5.222381,5.106201
Kota Banjar,Jawa Barat,2024,-0.3349282319168489,-0.0039369099988748,-1.5254609142062618,0.6516155579901901,-0.0431573312210479,0.2142861407513427,0.0817367051072493,-0.2210973056927865,Lansia tinggi - Kemiskinan rendah,209791,30234,14.4115,22.2669,8.83,11811,72.08,1.7780000000000005,2.6591291,3.4415147
Kota Bekasi,Jawa Barat,2024,-3.900347302229471,1.7523047672120708,2.194418271236966,0.0582026022393544,0.1968841482451596,0.5248234970515201,-0.1794854150115047,0.0282546405580176,Lansia rendah - Kemiskinan rendah,2644058,280895,10.6236,22.215,11.79,16775,76.02,2.4007000000000005,5.1606345,5.0459666
Kota Bogor,Jawa Barat,2024,-1.3633678440371009,1.1052544550949888,0.1256256661896156,0.0622919602295052,0.6151494075013362,0.4215753675856604,-0.3772386076584297,0.0659264705297579,Lansia tinggi - Kemiskinan rendah,1078351,120085,11.136,22.7341,10.71,13154,74.79,1.8767,2.8313916,4.394564
Kota Cimahi,Jawa Barat,2024,-1.1153934087869866,1.781679238285192,-0.5476381744194387,0.1428094259881955,0.6731866529213996,0.591462346066844,-0.7048980883676829,0.1187411872777472,Lansia tinggi - Kemiskinan rendah,598698,65902,11.0076,21.8626,11.52,13278,75.12,1.8781,2.9273646,4.3977084
Kota Cirebon,Jawa Barat,2024,-0.4223077809998514,1.2394290327641948,-0.8102439244151823,0.340281748389667,0.3321093790505731,0.3941165226401225,-0.2995706189863685,0.0038000364983055,Lansia tinggi - Kemiskinan tinggi,344851,40617,11.7781,22.8728,10.53,12869,73.38,1.7887000000000004,2.7004554,3.9369922
Kota Depok,Jawa Barat,2024,-2.736078038873597,1.8691459902492709,1.7275358053496648,-0.3806177069648363,0.1759479141234655,0.1348559291423285,-0.2717040704825971,-0.0251393001252403,Lansia rendah - Kemiskinan rendah,2163635,216208,9.9928,23.0819,11.59,16640,75.54,2.0066000000000006,5.0241113,4.8068395
Kota Sukabumi,Jawa Barat,2024,0.0262800605461125,1.0303256674231391,-0.6605982945364494,-0.0550245418468023,0.5192922180443316,0.3342070338622026,-0.1769092436682695,-0.003941134227964,Lansia tinggi - Kemiskinan rendah,365735,42026,11.4908,23.9849,10.38,12252,73.4,1.579600000000001,2.2433639,3.6932478
Kota Tasikmalaya,Jawa Barat,2024,-0.2678322547702769,0.2204172180012486,-0.3034029878916132,-0.1250811413069314,0.5289997382015126,0.3302932504232562,-0.1566822018064284,0.0007667210316285,Lansia tinggi - Kemiskinan tinggi,750727,88540,11.7939,23.7395,9.63,11431,73.22,1.5671,2.382746,3.2344651
Kuningan,Jawa Barat,2024,-1.0604899216219728,-1.2869367118505908,-0.2711330858749491,-0.4907559156527971,0.7431912322312203,-0.108497565816826,0.0428018919096407,0.0385723726975948,Lansia tinggi - Kemiskinan tinggi,1213927,165604,13.642,22.8141,7.9,10418,74.57,1.4577999999999989,5.2012434,1.3036513
Majalengka,Jawa Barat,2024,-1.0645791813798418,-1.6715017818000886,-0.0323725262489574,-0.0912243010340741,-0.2831496884478156,0.0838371864809386,-0.12824218997484,0.0873668311076486,Lansia tinggi - Kemiskinan tinggi,1352541,184946,13.674,21.6686,7.53,10842,71.36,1.5441000000000005,5.302903,1.04894
Pangandaran,Jawa Barat,2024,-1.22282410758641,-1.1225130159307493,-1.9100107625892568,1.1053965005709556,0.1881196148057648,0.7807255393532642,0.203060661071552,-0.2580245690569441,Lansia tinggi - Kemiskinan rendah,434104,73525,16.9372,20.6328,8.1,9654,72.46,2.0692000000000004,6.668676,2.255177
Purwakarta,Jawa Barat,2024,0.0137031420896357,-0.2092044455093104,0.4724996857461869,-0.0853835533259148,-0.0023530408824147,-0.73186448701757,-0.1208708616531944,-0.0504092755211875,Lansia rendah - Kemiskinan rendah,1050344,106210,10.1119,24.5298,8.14,13099,72.04,1.4236000000000004,1.7276812,0.63354766
Subang,Jawa Barat,2024,-2.6342843364076733,-1.319446654963412,0.3930694047218478,1.220012258990276,0.2132117056185017,0.0800330445424935,0.2390596621471089,0.1100810995918138,Lansia tinggi - Kemiskinan tinggi,1663156,230825,13.8787,21.3561,7.46,11894,73.57,2.347200000000001,6.3343573,0.94034004
Sukabumi,Jawa Barat,2024,-2.018322766380146,-2.438491631454683,2.256089606785595,-0.2514664410601553,0.3157046534237031,0.4066385163896319,0.0127740088716038,0.068258121662317,Lansia tinggi - Kemiskinan rendah,2828024,327342,11.5749,23.4932,7.34,9815,72.11,1.7421999999999986,5.5975957,0.18855762
Sumedang,Jawa Barat,2024,-1.7995517185209429,-0.8226350653197532,-0.5125131244986249,-0.1202741831893311,0.0870072803664006,0.4142110787119725,0.1788211283222646,0.0785572800713815,Lansia tinggi - Kemiskinan tinggi,1187133,181122,15.2571,21.4956,8.74,11589,73.5,1.7517999999999994,6.143551,1.7851955
Tasikmalaya,Jawa Barat,2024,-1.6320685415323215,-2.1844396145940297,0.8592069964482736,0.2488763423373738,-0.0886456902762955,1.1677647745056274,0.2148320210810535,0.2125360120821124,Lansia tinggi - Kemiskinan tinggi,1920921,269623,14.0361,22.4987,7.97,8965,70.44,1.8821999999999992,5.883532,0.64617723
Banjarnegara,Jawa Tengah,2024,-0.9323099350868246,-1.7510560978505687,-0.70464393977471,-0.6094952595616692,0.6554040272622162,-0.70594697180284,0.012968925413678,-0.002815743828933,Lansia tinggi - Kemiskinan tinggi,1057562,150330,14.2148,22.2303,6.87,10595,74.88,1.2932000000000006,5.094978,1.2323526
Banyumas,Jawa Tengah,2024,-2.303311330584226,-1.3591837741922146,0.412071478687518,-1.063126594936645,-0.0622155306905035,-0.4138431455782937,0.2122103710181563,0.2384551068170732,Lansia tinggi - Kemiskinan tinggi,1847097,269615,14.5967,21.726,7.91,12960,74.44,1.4186999999999994,5.796344,1.1585838
Batang,Jawa Tengah,2024,-1.0513747137199498,-0.9461999385306477,-0.4750071401196153,1.0568200305219604,1.1375410902990593,-0.6016729501584667,0.1142614109278012,-0.0895907310472436,Lansia tinggi - Kemiskinan rendah,838187,104196,12.4311,23.1191,7.08,10919,75.3,2.0029000000000003,5.6946216,2.2625787
Blora,Jawa Tengah,2024,-2.362063583079771,-1.4421083996653437,-1.4169652918458746,0.8805802980789276,0.4819358465555171,-0.0723787889828363,-0.0481340825910502,-0.0131280955134748,Lansia tinggi - Kemiskinan tinggi,907993,147620,16.2578,19.2907,7.26,10926,75.15,2.091199999999999,6.691924,2.0101364
Boyolali,Jawa Tengah,2024,-1.9827082130594869,-0.382484634243197,-0.7420726831669276,-0.913632073352844,0.3526819885356713,-0.9963271151624832,0.3005421322215098,0.0122580016100429,Lansia tinggi - Kemiskinan tinggi,1099850,166403,15.1296,21.8539,8.17,14195,76.65,1.4143000000000008,6.1491165,2.25648
Brebes,Jawa Tengah,2024,-0.8343377325910857,-2.327749782554819,1.3148959558060551,-0.4071189084336986,-0.5171876587717797,-0.5678603557027564,-0.1596595943536796,0.0114109267487981,Lansia tinggi - Kemiskinan tinggi,2065501,237138,11.4809,23.0464,6.41,11389,70.34,1.3346,5.1818104,0.4591876
Cilacap,Jawa Tengah,2024,-2.8046018279267058,-1.6911196460858662,0.7553459023464685,0.105790205659,0.3650279407941327,-0.1329920139176247,0.3140762841395031,0.2223925177123741,Lansia tinggi - Kemiskinan tinggi,2027379,287358,14.1739,21.768,7.4,11868,74.68,1.9597,6.073304,0.78950745
Demak,Jawa Tengah,2024,-1.2478811441855735,-0.4280117570377285,0.1931713931361881,0.1464278145502911,1.1898669735382037,-0.4076403738258792,-0.0889508947131807,-0.010757464641007,Lansia tinggi - Kemiskinan tinggi,1252970,143484,11.4515,23.4815,8.28,11591,75.97,1.770999999999999,5.618555,2.2710304
Grobogan,Jawa Tengah,2024,-2.2126903191172325,-1.3806618917974172,0.066985851495751,0.3661558931667267,0.7542563771443094,-0.3552134833131888,0.3394306027318155,0.0697239641525351,Lansia tinggi - Kemiskinan tinggi,1506374,212589,14.1126,22.2724,7.29,11548,75.47,1.953100000000001,5.8984323,1.4453237
Jepara,Jawa Tengah,2024,-1.534595501303712,-0.471628237967285,-0.0536502978524947,0.061421980191107,1.1617470933313692,-0.448303003948872,-0.2052814646904491,0.0254843273441629,Lansia tinggi - Kemiskinan rendah,1232880,148090,12.0117,22.547,8.27,11729,76.46,1.7624999999999993,5.6942825,2.3134506
Karanganyar,Jawa Tengah,2024,-2.4768205917568955,0.114750379319738,-1.0556298976884082,-0.1698823995019047,1.1223098530038986,-0.1355205057261869,0.1498154650800939,0.0120984759597344,Lansia tinggi - Kemiskinan tinggi,961909,147151,15.2978,21.226,9.26,12732,78.16,1.879100000000001,5.985995,2.66526
Kebumen,Jawa Tengah,2024,-1.4954275629341025,-1.6693224826984536,-0.2453542265228382,-0.7348326731060275,0.5331590892231073,0.1085582907580577,0.0649601280465343,0.1353057398225696,Lansia tinggi - Kemiskinan tinggi,1414754,207918,14.6964,21.9988,7.87,10176,74.32,1.4280000000000008,5.459151,1.2761909
Kendal,Jawa Tengah,2024,-1.88779973094844,-0.403370816303688,-0.3261601240578148,0.8685996127796617,0.4251083942843555,-0.67026424716975,0.0116140381903988,-0.0200771324652377,Lansia tinggi - Kemiskinan tinggi,1064812,138195,12.9783,21.6647,7.74,13277,75.02,2.0624,5.8102536,2.4692543
Klaten,Jawa Tengah,2024,-3.0566711551348904,-0.18936403138377,-0.8302785679831889,-0.6992023098229355,0.5226560335555109,-0.0959867602875375,0.1116274094038649,0.1777650767303616,Lansia tinggi - Kemiskinan tinggi,1292800,210027,16.2459,20.0619,9.29,13513,77.46,1.744699999999998,6.2010126,2.5947292
Kota Magelang,Jawa Tengah,2024,-2.883795877318508,1.871623667149209,-2.611676822452398,1.2530682688571266,0.7887198198252099,0.920161061438026,-0.2325853486702636,-0.2768536689226159,Lansia tinggi - Kemiskinan rendah,122431,20642,16.8601,18.47,11.43,13619,77.62,2.5577999999999985,3.876766,4.3750634
Kota Pekalongan,Jawa Tengah,2024,-0.8713691296505653,1.276337150573465,-0.7557897521631463,0.9411639072933394,0.5373656785188443,-0.6265854465611551,-0.0502297160912003,-0.0522316118459095,Lansia tinggi - Kemiskinan rendah,321095,36528,11.3761,23.1097,9.34,14547,75.06,2.016499999999999,2.9768465,3.9736135
Kota Salatiga,Jawa Tengah,2024,-1.8278626091863968,2.6261829349312444,-1.7667453943073552,-0.690527726179989,0.4532808687616023,-0.6417979682885999,-0.2550819202097906,-0.0968627824362233,Lansia tinggi - Kemiskinan rendah,201270,28064,13.9435,20.9857,11.48,17096,78.32,1.6157000000000004,3.7120037,4.3724527
Kota Semarang,Jawa Tengah,2024,-3.7890059757164183,1.7104552401962396,0.4595515158993498,-0.1254936428454742,0.483281696932183,-0.1853025457560434,-0.06959112258516,0.1738900980691835,Lansia tinggi - Kemiskinan rendah,1708833,221043,12.9353,20.8773,11.05,16990,78.3,2.2082999999999995,4.8874946,4.825395
Kota Surakarta,Jawa Tengah,2024,-2.976573727616592,2.1350824472980605,-1.6167042035516368,0.3261946450574448,0.4281354855789008,-0.0055072928309826,-0.0701069966256044,-0.0780280752616673,Lansia tinggi - Kemiskinan rendah,528044,81108,15.3601,19.7343,11.25,16291,78.02,2.2048999999999985,4.1553926,4.449829
Kota Tegal,Jawa Tengah,2024,-0.5034679019624477,1.0605501541402425,-0.962905772136859,0.1178607220492594,0.4403437012447769,-0.8130883938495629,-0.2522266724507905,-0.0280065590795715,Lansia tinggi - Kemiskinan rendah,285843,33014,11.5497,22.8244,9.28,14358,75.1,1.609,2.760628,3.7444954
Kudus,Jawa Tengah,2024,-1.800620573488502,0.6178902253309924,-0.384286025760349,0.8229473678297081,1.3831188270388992,-0.140127679072197,-0.1543980076175615,5.1028239698847576e-05,Lansia tinggi - Kemiskinan rendah,883322,104784,11.8625,22.4821,9.35,12533,77.25,2.171800000000001,5.644629,2.651371
Magelang,Jawa Tengah,2024,-1.916858588829432,-1.4414812681338578,-0.4277304830969888,-0.2542531214063365,0.4537698544843258,0.005478702958293,0.0287069096003243,0.1236121953003397,Lansia tinggi - Kemiskinan tinggi,1341447,200202,14.9243,21.174,7.83,10926,74.66,1.659600000000001,5.851411,1.5052916
Pati,Jawa Tengah,2024,-2.9106434422050413,-1.0343700896999537,-0.4839237962997439,0.5704079320501796,0.873653806264852,-0.1659838119286436,0.1164914870132234,0.1216652218527674,Lansia tinggi - Kemiskinan tinggi,1370821,206575,15.0694,20.4698,7.82,11829,76.76,2.1465,6.214702,1.730242
Pekalongan,Jawa Tengah,2024,-0.9877467351578496,-0.6925039686254802,-0.0030669650817131,0.8930452602601989,0.7967585957285739,-0.5272481323598185,0.1680811797988775,-0.0760852684655785,Lansia tinggi - Kemiskinan tinggi,1019006,120723,11.8471,23.6891,7.48,11701,74.32,1.960799999999999,5.6208954,2.3575845
Pemalang,Jawa Tengah,2024,-1.019258090480178,-1.9974858915013352,0.3701418292708495,-0.0276867106718421,0.8526166791070892,-0.6011659741824303,-0.143191341076667,0.0124127107383093,Lansia tinggi - Kemiskinan tinggi,1541685,184889,11.9927,22.966,6.56,10017,74.29,1.5469999999999988,5.198861,0.83119196
Purbalingga,Jawa Tengah,2024,-0.5483309696093818,-1.3891766548134763,-0.5254467425896389,-0.9423915646143332,0.2828835679262105,-0.6938775260369828,-0.0420834343532036,-0.0012165262090477,Lansia tinggi - Kemiskinan tinggi,1037637,141309,13.6183,22.6839,7.36,11343,73.82,1.1213999999999995,4.9661846,1.1782039
Purworejo,Jawa Tengah,2024,-2.177344826352661,-0.7146771999801724,-1.6724598096101744,-0.1581515399412972,0.4706542848064022,0.2201295272829545,0.2588506792140462,-0.0740788642678766,Lansia tinggi - Kemiskinan tinggi,795033,138649,17.4394,20.3056,8.65,11584,75.76,1.7710999999999988,6.7390585,2.1868806
Rembang,Jawa Tengah,2024,-1.5837540632304927,-0.6708802312429816,-1.2820952265103418,0.741046340594139,0.5893848074437741,-0.3796615559595189,-0.0338367445900029,-0.0969750776969526,Lansia tinggi - Kemiskinan tinggi,665237,97153,14.6043,20.919,7.73,11830,75.19,1.9479000000000009,6.2931137,2.470766
Semarang,Jawa Tengah,2024,-2.0095028159697983,-0.3186835916231587,-0.5490255706434928,0.0159425065645469,0.599746557389277,-0.7203461947687433,0.0016111083479152,0.0175991587384886,Lansia tinggi - Kemiskinan rendah,1089767,150000,13.7644,21.4887,8.16,13377,76.34,1.7775,6.003004,2.484372
Sragen,Jawa Tengah,2024,-2.1167382500960583,-0.6788298803210822,-1.1606738116069977,-0.8428196014426168,0.1763379476822127,-0.9581713811492484,0.1795189934695658,0.0074125534411077,Lansia tinggi - Kemiskinan tinggi,1004761,161301,16.0537,20.6827,7.88,13890,76.38,1.4154,6.1991663,2.282475
Sukoharjo,Jawa Tengah,2024,-2.475452017324689,0.5371745149822075,-1.0471875249910794,-0.2772345681732235,1.1880713593515029,0.0907170239692336,-0.1937253216414488,0.0640904776024509,Lansia tinggi - Kemiskinan rendah,941650,137295,14.5803,20.6893,10.01,12758,78.38,1.8668,5.908683,2.7876334
Tegal,Jawa Tengah,2024,-0.6879360957816443,-1.437685640972158,0.9615278677706768,0.0277718205841495,0.2962145710037207,-0.3045655850252313,-0.1177221769936905,-0.040738229541672,Lansia rendah - Kemiskinan rendah,1674803,182325,10.8864,23.8875,7.36,10972,72.2,1.5713000000000008,5.1671762,0.59347016
Temanggung,Jawa Tengah,2024,-1.794003206945701,-1.1527102764535762,-1.2639359858380663,0.5635812547947084,1.042342022582227,-0.1727915249784939,0.1330578421265413,-0.0756034748890184,Lansia tinggi - Kemiskinan rendah,814879,125145,15.3575,21.1958,7.53,10519,76.16,1.9392999999999996,6.464426,2.227541
Wonogiri,Jawa Tengah,2024,-3.146704965340465,-2.070642238244275,-2.2722957787129814,-1.081431184350455,0.3348041601489579,0.1397208885949286,0.2434248419872457,0.1219221165852818,Lansia tinggi - Kemiskinan tinggi,1054145,218792,20.7554,17.7468,7.68,10634,76.9,1.4771,7.0269403,2.1976259
Wonosobo,Jawa Tengah,2024,-0.6329699968060212,-1.3298940011820717,-0.5131248396484859,0.0801247659564958,-0.0999787679054104,-0.7513301152993892,0.0495398685901376,-0.059560244124507,Lansia tinggi - Kemiskinan tinggi,920506,123391,13.4047,22.4329,6.9,11980,72.44,1.4876000000000005,4.987919,1.105464
Bangkalan,Jawa Timur,2024,-0.0683167415319287,-2.2986735648136767,-0.1570866602476647,0.2104685710142558,-0.0425057413525561,-0.6390662547225401,-0.4751280342958132,0.0028267802083396,Lansia tinggi - Kemiskinan tinggi,1102522,130956,11.8779,22.0066,6.01,9841,71.02,1.3756000000000004,4.8035226,0.97327757
Banyuwangi,Jawa Timur,2024,-2.724451261964738,-1.4831835344036368,0.2653366615185786,0.07320739463504,-0.9376169269602264,0.114135466334786,0.4065511375780541,0.2703646718655815,Lansia tinggi - Kemiskinan rendah,1754393,278325,15.8645,20.555,7.78,13320,71.61,1.8965999999999996,6.3935084,0.9122547
Blitar,Jawa Timur,2024,-2.523248699612248,-1.2605492914132406,-0.7543526034864073,0.084504556220153,0.1028434306685535,0.0017785015629799,0.2210447235532608,0.1195331487071199,Lansia tinggi - Kemiskinan rendah,1263645,206181,16.3164,20.2266,7.87,12020,74.61,1.8729000000000011,6.2181745,1.6889492
Bojonegoro,Jawa Timur,2024,-2.7766402561395536,-1.5574290009981888,-0.5565197440740712,1.2637715564013638,-0.1327228633760621,0.5278923293706809,0.2254919341041914,0.1327657141760261,Lansia tinggi - Kemiskinan tinggi,1325299,215100,16.2303,19.6729,7.59,11204,72.81,2.358699999999999,6.6193857,1.1053389
Bondowoso,Jawa Timur,2024,-0.3685165137301744,-2.2759898559503404,-1.2953753354621098,-0.3714865773301435,-1.765518773107465,-0.2167853547969556,0.0463678963739154,-0.0893340566475861,Lansia tinggi - Kemiskinan tinggi,792309,132489,16.7219,20.2093,6.53,11689,67.81,1.1677000000000015,5.9648304,1.2980974
Gresik,Jawa Timur,2024,-1.932817598490016,0.6873748099375403,0.3538081566655121,0.1932509716929974,-0.1151706626529233,0.1853792526539349,-0.2378896604591143,0.0783368563386709,Lansia tinggi - Kemiskinan tinggi,1364019,164175,12.0361,21.8262,10.03,14356,73.56,1.9522999999999997,4.8584733,4.109663
Jember,Jawa Timur,2024,-2.673472313572671,-3.307006568421917,1.405646867000948,-0.6550595954748489,-0.9514512031541348,0.3023864659641885,0.0933586481632074,0.5130247329936908,Lansia tinggi - Kemiskinan tinggi,2603817,389488,14.9583,20.4376,6.54,10700,70.25,1.552399999999999,5.8979588,0.39764792
Jombang,Jawa Timur,2024,-1.8990926155222985,-0.5083222355136153,0.037869632337393,0.1998980211656235,0.0739519106554331,0.2130617267225501,0.074031051841457,0.0848708554475376,Lansia tinggi - Kemiskinan rendah,1362697,187010,13.7235,21.8531,8.78,12454,73.47,1.8962000000000003,5.8708243,1.9602169
Kediri,Jawa Timur,2024,-2.8823427138278883,-1.0661113588172555,0.2679143870727996,0.6291824787219531,-0.0428344664420563,0.3751784181123823,0.3492291190703946,0.201853269416122,Lansia tinggi - Kemiskinan tinggi,1689916,253909,15.0249,21.0564,8.26,12388,73.53,2.2071000000000005,6.4810066,1.0407411
Kota Batu,Jawa Timur,2024,-0.970435821251809,1.156545925812699,-1.3855777072705138,0.6492093164692676,-0.0888706717002413,-0.0364775225624689,-0.0783274003545332,-0.139134292967923,Lansia tinggi - Kemiskinan rendah,222685,30311,13.6116,21.6966,9.87,14253,73.54,1.9197999999999984,3.1670973,4.1032004
Kota Blitar,Jawa Timur,2024,-1.118399316471634,1.731820708350137,-1.6940342120594003,-0.0849678887083304,0.0241510153995231,-0.0137529283843523,-0.2171740048011893,-0.1343232088838801,Lansia tinggi - Kemiskinan rendah,154867,21801,14.0772,21.2557,10.82,14933,74.9,1.7036999999999995,3.4595878,4.3521724
Kota Kediri,Jawa Timur,2024,-1.2774001410294564,1.5413611695242797,-1.3935594705119076,0.3552783285677292,0.3690146007356534,0.4434604991307032,-0.2152136894711756,-0.0786063201094828,Lansia tinggi - Kemiskinan rendah,298227,40777,13.6731,21.4967,10.92,13670,74.91,1.9411000000000005,3.3151362,4.2971025
Kota Madiun,Jawa Timur,2024,-1.7142634581416796,2.405995767043567,-2.186404556541341,-1.0137560223086677,-1.1938745440246017,0.1965530294430046,-0.2437597965367537,-0.2044727417986311,Lansia tinggi - Kemiskinan rendah,201767,33407,16.5572,19.3134,12.11,17518,73.71,1.452300000000001,3.7554421,4.4265475
Kota Malang,Jawa Timur,2024,-2.3090455690719325,2.040934038831829,-0.5412488324916944,-0.1761584186520566,-0.7234400402199631,-0.1786752492083323,0.0804146659364088,0.0134284282298866,Lansia tinggi - Kemiskinan rendah,872694,121909,13.9693,21.2007,11.14,17791,74.34,1.8918,4.327857,4.3098745
Kota Mojokerto,Jawa Timur,2024,-1.0713424807291203,2.14099432695732,-1.375204247181681,0.4490467809632191,0.0954199991867041,0.3802271227468076,-0.1023228095257589,-0.10671056545149,Lansia tinggi - Kemiskinan rendah,137393,18284,13.3078,22.0586,11.38,14842,74.31,1.9678000000000004,3.2868369,4.2918386
Kota Pasuruan,Jawa Timur,2024,-0.2657405657193941,1.492839890429894,-0.648107077008234,0.8035381199704971,-0.0724012445932561,-0.1819011429512863,0.1454244552630609,-0.0803245708261589,Lansia tinggi - Kemiskinan rendah,219392,25303,11.5332,24.0287,9.94,14664,72.55,1.910400000000001,2.7729287,3.903448
Kota Probolinggo,Jawa Timur,2024,0.0254869484823183,0.8653178979105157,-0.8471043970782527,0.4684780271502566,-0.3520576135405133,0.1192823615641697,-0.0622457711875947,-0.0768534835890439,Lansia tinggi - Kemiskinan rendah,249539,30455,12.2045,23.2573,9.72,13405,71.22,1.6986999999999988,2.6185699,3.6099572
Kota Surabaya,Jawa Timur,2024,-4.678614825136922,1.1861771549592406,2.315286998378027,-0.9441208445865809,-1.0684532072359283,-0.2677707381829432,0.2898206606396282,0.3316052410576862,Lansia tinggi - Kemiskinan rendah,2921996,378637,12.9582,21.2182,10.89,19666,75.03,2.0372000000000003,5.3253803,5.223464
Lamongan,Jawa Timur,2024,-2.8287092011596484,-1.012124507722565,-0.5290923145079681,0.3309866839864772,-0.2845452891577689,0.4453001069644644,0.2028359974339001,0.1890832528548131,Lansia tinggi - Kemiskinan tinggi,1378147,226161,16.4105,19.7732,8.48,12419,73.46,2.0521,6.594674,1.3392779
Lumajang,Jawa Timur,2024,-1.6295213560582429,-2.057869486543086,-0.806617438897604,0.443578211975719,-0.4124433302021696,0.4827579032824665,0.0956021983670495,0.0724644346660912,Lansia tinggi - Kemiskinan rendah,1145849,186025,16.2347,20.2418,7.27,10124,71.19,1.8175000000000008,6.506499,1.4238088
Madiun,Jawa Timur,2024,-2.1908827769691004,-1.0303774416723994,-1.877887938892325,0.0819058034502714,-0.7915333832791843,0.2574487535238717,0.3264742457072914,-0.1192570222763992,Lansia tinggi - Kemiskinan tinggi,757839,142350,18.7837,19.0724,8.2,12668,72.52,1.7819000000000005,7.0887165,2.0047297
Magetan,Jawa Timur,2024,-1.7915689118684088,-0.9060491600173656,-2.2367989919339517,-1.362033876561455,-0.7387684283277361,0.0518246491062886,0.3687847968900385,-0.1625485935354339,Lansia tinggi - Kemiskinan tinggi,685500,135054,19.7015,19.5348,8.69,12915,73.54,1.1846999999999994,7.299105,2.191756
Malang,Jawa Timur,2024,-3.6466596448050064,-2.3278705823146604,1.6151438127096458,-0.3275856066364856,-0.0287166599386706,0.6115991718110975,0.2955633610126117,0.526915421956385,Lansia tinggi - Kemiskinan tinggi,2735993,404812,14.7958,20.9517,7.8,11190,73.5,1.9754000000000005,5.9891815,0.43351558
Mojokerto,Jawa Timur,2024,-2.104287911057441,0.2513617498354896,-0.0653495827967366,0.9259466724350484,-0.0533920130650027,0.1145057189164914,0.1956842052955374,0.0108694955139959,Lansia tinggi - Kemiskinan tinggi,1154257,155139,13.4406,21.911,9.13,13903,73.5,2.2247000000000003,5.5943966,2.6089022
Nganjuk,Jawa Timur,2024,-2.033854710456777,-0.7338505208632335,-0.6171250391053134,0.1967512292030365,-0.5938978680241952,-0.0340530535553504,0.2293102050708291,0.0462438092133394,Lansia tinggi - Kemiskinan tinggi,1131777,176814,15.6227,20.6998,8.25,13376,72.52,1.8370999999999995,6.265738,1.8031828
Ngawi,Jawa Timur,2024,-2.661483678574257,-1.1927786067808894,-1.666716029313505,0.5870614006843163,-0.4362842760981615,0.234299736950334,0.5047997320749944,-0.0752050982334767,Lansia tinggi - Kemiskinan tinggi,884086,165807,18.7546,19.2523,7.84,12414,73.44,2.061,6.908662,1.8648163
Pacitan,Jawa Timur,2024,-2.0545443472076483,-1.8236892919903385,-2.762676488555952,-0.2055634910073187,-0.4057974672861515,0.6743847514405489,0.0968063643350187,-0.2216735358143839,Lansia tinggi - Kemiskinan tinggi,588569,121117,20.5782,17.767,7.9,10099,73.09,1.617799999999999,7.1592526,2.2418275
Pamekasan,Jawa Timur,2024,0.3994410066277103,-1.7377520442834429,-0.182676096445303,0.4227743784078972,-0.5598953666470748,0.1874148361968601,-0.1821815356589722,-0.0327108806093823,Lansia tinggi - Kemiskinan tinggi,884697,109265,12.3506,22.9708,7.17,9811,68.53,1.4764999999999997,1.617352,-0.4632761
Pasuruan,Jawa Timur,2024,-1.7814321879420254,-1.4593956404960655,0.6378012538404659,1.0098150227873668,-0.3381034551754934,0.1955961741574362,-0.0008909065441122,0.0732745168331214,Lansia tinggi - Kemiskinan rendah,1657216,212611,12.8294,21.7197,7.46,11617,71.04,2.1050000000000004,6.216058,0.8533983
Ponorogo,Jawa Timur,2024,-2.33143853922268,-1.8367197378731388,-1.915281147478935,-0.6940065787784774,-0.3499864681413102,0.2806377951282955,0.1807873249278306,0.0394305090955518,Lansia tinggi - Kemiskinan tinggi,962941,186596,19.3777,18.577,7.8,11065,73.82,1.4888000000000012,7.1345096,2.1693044
Probolinggo,Jawa Timur,2024,-0.743263754836445,-2.005174193175976,-0.0734214365471617,0.6135662996304777,-1.3286445436131145,-0.3732279348777635,0.2754175881970478,-0.0258656378359393,Lansia tinggi - Kemiskinan tinggi,1185242,168879,14.2485,21.9482,6.31,12258,68.33,1.6608,5.367715,1.1082269
Sampang,Jawa Timur,2024,1.0759402487778256,-2.705631191734134,0.2017304929703706,0.1080819942211782,-0.3934586517816263,-1.048029135590032,-0.1383527209074158,-0.0923994574303803,Lansia tinggi - Kemiskinan tinggi,1016254,111320,10.954,24.2188,5.08,9782,68.86,1.113900000000001,1.4868081,-0.45013034
Sidoarjo,Jawa Timur,2024,-3.415789866895543,1.0816966841662945,1.365045926907741,0.1496948892329484,-0.0600717076994325,0.4391003042939936,-0.2759483087222426,0.1488016075769352,Lansia tinggi - Kemiskinan rendah,2171480,254285,11.7102,21.1685,10.91,15710,74.94,2.2576,5.102598,4.667928
Situbondo,Jawa Timur,2024,-1.0602858854450803,-1.915952133685963,-1.644570839006909,0.2327272915757111,-1.0416691437317502,-0.011702441370842,-0.1196163085767753,-0.1020983633759151,Lansia tinggi - Kemiskinan tinggi,700719,118259,16.8768,19.2258,6.93,11216,70.16,1.5446999999999989,6.5298915,1.4192488
Sumenep,Jawa Timur,2024,-1.8553536976099,-2.6687086932138344,-1.1275033022054854,0.1954739884699499,-0.2055910030353205,-0.2296017711817067,0.0098104435177957,0.0799683845175399,Lansia tinggi - Kemiskinan tinggi,1153188,193468,16.7768,19.3899,6.1,10156,72.7,1.658400000000002,6.5663123,1.4454798
Trenggalek,Jawa Timur,2024,-2.2561583742294027,-1.3093471755012578,-1.9877364579995729,0.2313762206971568,0.2417835823913891,0.2634677165690436,0.1343441005634131,-0.1008657709393256,Lansia tinggi - Kemiskinan tinggi,744516,135322,18.1758,19.1236,7.92,10872,74.88,1.8606999999999976,6.9710155,2.1427684
Tuban,Jawa Timur,2024,-2.3990705824224303,-1.4503502646052342,-0.6358983337188093,1.0167239452538632,-0.2514289241562633,0.270825000878635,0.0871896197744316,0.0916608881502647,Lansia tinggi - Kemiskinan tinggi,1225205,192804,15.7365,19.7645,7.53,11579,72.59,2.1771,6.669176,1.2981062
Tulungagung,Jawa Timur,2024,-2.5015986881989223,-0.8062070520149275,-1.0894441837102808,-0.1384012660999677,0.2166349647161227,0.2359799862996551,-0.0647566308670261,0.1149138087881328,Lansia tinggi - Kemiskinan rendah,1113847,181806,16.3223,19.5378,8.68,11966,75.18,1.8127999999999995,6.5437274,2.0114617
Bangka,Kep. Bangka Belitung,2024,0.5687421560945425,0.3046656023874488,-0.4319586171258202,0.1775853272111669,-0.0501292634209617,-0.7495878585137311,-0.2545765172308829,0.0037283723637589,Lansia rendah - Kemiskinan rendah,342058,35201,10.2909,24.0556,8.45,13205,71.85,1.4135000000000009,1.4200819,1.5163943
Bangka Barat,Kep. Bangka Belitung,2024,1.286049779547652,-0.0755878819871414,-0.2709097606673953,0.2732301495350381,-0.2676259598397399,-1.2502397873915143,-0.3134866185473687,0.0496895901830955,Lansia rendah - Kemiskinan rendah,215818,19612,9.0873,24.6953,7.48,13199,70.63,1.2569000000000008,1.1297636,0.8660055
Bangka Selatan,Kep. Bangka Belitung,2024,1.071403300179346,-0.3581470968533498,-0.1714708027765402,1.4215763742688816,-0.4812185303003178,-1.0790358676543872,-0.6288762156737703,0.1184662710536768,Lansia rendah - Kemiskinan rendah,208491,17279,8.2876,23.4111,6.93,12718,69.29,1.6716999999999995,1.1643732,0.44049543
Bangka Tengah,Kep. Bangka Belitung,2024,0.9979743392683368,0.1720143272286864,-0.1244439204877082,0.6591078912238998,0.2493076805661996,-1.626516039765102,-0.2062865119647393,0.0604935229026728,Lansia rendah - Kemiskinan rendah,210482,17555,8.3404,25.2183,7.24,13677,72.4,1.4591000000000005,1.0699469,0.96685725
Belitung,Kep. Bangka Belitung,2024,-0.5000089339399609,0.9824634248458376,-0.867336739432723,1.4296695928966898,-0.3502837583817127,-0.3406660261638841,-0.172808880451433,-0.0588007634742826,Lansia tinggi - Kemiskinan rendah,191405,22191,11.5937,22.3024,9.05,14449,71.8,2.0852000000000004,2.851802,3.8229053
Belitung Timur,Kep. Bangka Belitung,2024,0.2320162924564208,0.4483795258198861,-1.174002670401031,0.1056811883034558,0.1317350175324746,-0.437584268772994,-0.6431707555773843,0.0313864492566346,Lansia tinggi - Kemiskinan rendah,132835,14985,11.2809,22.1282,8.99,12610,72.9,1.4343000000000004,2.5470653,3.368858
Kota Pangkal Pinang,Kep. Bangka Belitung,2024,0.0593055532419732,2.28307261044065,-0.4908538839053486,-0.7806195890909488,0.0284753714929086,-0.9852603887492938,-0.0284924254455248,0.0157893738668442,Lansia rendah - Kemiskinan rendah,230441,23943,10.3901,24.8185,10.67,16750,74.56,1.269,1.794388,4.322854
Bintan,Kep. Riau,2024,1.1701301351485671,1.172056204505367,-0.1585476285457654,-0.3047448301117619,-0.391597368887921,-1.0865169290726346,-0.1660389918767749,0.0743016615260357,Lansia rendah - Kemiskinan rendah,168190,15117,8.988,25.4498,9.15,15078,71.26,1.1668999999999992,0.9528505,2.2306702
Karimun,Kep. Riau,2024,0.8679582324686217,0.515005751127649,-0.5575338461555279,-0.4751929771981302,0.0522572613901854,-0.686463674657095,0.1409444129355192,-0.0762536494636656,Lansia tinggi - Kemiskinan rendah,263344,29396,11.1626,25.4143,8.91,13287,72.24,1.1770999999999994,1.0056353,2.0913472
Kepulauan Anambas,Kep. Riau,2024,2.309290725330244,-0.1671755888054442,-0.1840180495406033,-0.1972439340338226,-0.6964105045347404,-1.1224914811931743,0.1290672264122544,-0.0066038321498677,Lansia rendah - Kemiskinan rendah,49728,4647,9.3448,26.7395,7.53,12983,68.42,0.9421999999999996,-0.83053404,0.96696866
Kota Batam,Kep. Riau,2024,-0.6648295396401392,3.359738895219741,1.8789749050857132,0.3023059319837604,-0.0643908712561141,-1.2800279627841484,-0.191011480562838,-0.1755604478504843,Lansia rendah - Kemiskinan rendah,1276928,70891,5.5517,26.5392,11.21,19668,74.15,1.8851000000000004,2.2011528,4.5520697
Kota Tanjung Pinang,Kep. Riau,2024,-0.030972230821707,2.203693448526717,-0.4792801698799797,-0.3283392454113459,-0.316839743917409,-0.6910226734618947,-0.0063151171363799,-0.0032060441099271,Lansia rendah - Kemiskinan rendah,237432,25422,10.7071,24.4032,10.67,16663,73.21,1.4518000000000004,1.8320615,4.2929354
Lingga,Kep. Riau,2024,2.333062146424272,-0.8922959673649867,-0.8319340090535191,-0.6065763365787078,-2.414161963593348,-0.3915919117159092,-0.0347834677912651,-0.1559163697136548,Lansia tinggi - Kemiskinan tinggi,102006,12773,12.5218,24.0819,7.6,12906,63.78,0.7002000000000006,-0.7207574,0.507118
Natuna,Kep. Riau,2024,2.3141609633696447,1.0086797451958396,0.1231937416378765,-0.6483220755328165,-1.685328462792391,-0.7996584491586344,0.2404190120867139,0.0071229086285889,Lansia rendah - Kemiskinan rendah,85664,8000,9.3388,27.0569,9.2,15560,66.46,0.8524000000000012,-0.93980443,1.1639832
Kota Bandar Lampung,Lampung,2024,-0.5417862166788482,0.9532375440896514,0.4427167863252372,-1.1433926805817052,-0.2356217183268895,0.4250188710516848,-0.3836677821991984,0.0794852676588975,Lansia tinggi - Kemiskinan rendah,1214333,134432,11.0704,23.5015,10.99,13667,72.28,1.2769999999999992,2.309076,3.1811152
Kota Metro,Lampung,2024,0.2210389852663533,1.5723752691110733,-0.7819671865012556,-0.0203390016914081,0.1651579057914482,0.4811550518318384,-0.1170466591417961,-0.0145743305299997,Lansia tinggi - Kemiskinan rendah,175712,20278,11.5405,24.16,11.01,13092,72.49,1.5894999999999992,1.992541,3.7902842
Lampung Barat,Lampung,2024,1.6837496754067378,-0.1766369542647003,-0.0057218265264598,0.3674341828651606,-0.2865297645794949,0.1035875746197947,-0.0124709424636988,-0.0066461201400439,Lansia rendah - Kemiskinan tinggi,315923,30833,9.7597,26.0212,8.56,10965,68.45,1.3672000000000004,-0.046293765,0.31694514
Lampung Selatan,Lampung,2024,0.6580553905947557,-0.8759033777755146,0.7458139813802922,-0.0158638176862938,0.0549005972828722,-0.2757969082576541,0.1225706485894951,-0.0955517533556614,Lansia rendah - Kemiskinan tinggi,1119314,113043,10.0993,25.9355,7.78,11133,70.38,1.3727,1.5291436,0.062638044
Lampung Tengah,Lampung,2024,-0.6675438493407962,-0.9387595317299132,0.7859569520600541,-0.1465212375171961,-0.5273882519827913,-0.2323045630695875,-0.0577075522041582,-0.0008622651869346,Lansia tinggi - Kemiskinan tinggi,1525088,176213,11.5543,23.404,7.97,12595,70.6,1.5012999999999987,4.979196,0.6547571
Lampung Timur,Lampung,2024,-0.1193128472468418,-0.984424341864107,0.1184572197083936,-0.6714829716416351,-0.061755305357218,-0.110493496453801,-0.0991914378857842,0.008910516894703,Lansia tinggi - Kemiskinan tinggi,1153773,140501,12.1775,23.6495,8.2,11262,71.58,1.228200000000001,4.7104387,0.959975
Lampung Utara,Lampung,2024,0.5537436021394758,-0.528382394416747,0.1394622419125595,1.1603117682687614,0.3903046120803842,0.5705935009085993,0.4182265824432588,-0.1173587490652054,Lansia tinggi - Kemiskinan tinggi,659887,73832,11.1886,26.011,8.38,9837,70.18,1.9166999999999987,1.1404089,0.7107675
Mesuji,Lampung,2024,2.2252410612318134,-1.1066921107976653,-0.1823698193168585,0.1036346970942076,0.1275285880192792,-0.4129632867534361,-0.1931981020556004,0.0198328774914611,Lansia rendah - Kemiskinan rendah,241600,22490,9.3088,26.1097,7.21,9454,69.09,1.0853000000000002,-0.2359304,-0.7992583
Pesawaran,Lampung,2024,1.4717857225771385,-1.0238683647471276,-0.2751544138215748,-0.2387417717426642,0.2969381899038924,0.117995878461085,-0.0134648956779714,-0.0565902068667155,Lansia tinggi - Kemiskinan tinggi,500298,55328,11.059,25.6389,8.0,9190,70.17,1.1525999999999996,0.51580423,-0.4019569
Pesisir Barat,Lampung,2024,2.8653313280272013,-0.4713634890717876,0.2404544340099387,0.4192274770249118,-0.7936172748228061,0.8165432351607179,0.4175490444321211,-0.0577766675419171,Lansia rendah - Kemiskinan tinggi,172316,16943,9.8325,28.1802,8.73,9550,64.74,1.2533999999999992,-1.0154436,-0.06483536
Pringsewu,Lampung,2024,0.5036853553086914,-0.1314910745815569,-0.4882068642417115,0.3771456502462835,0.1074451969506612,-0.060248869398376,0.1135874746051786,-0.0910357952634875,Lansia tinggi - Kemiskinan rendah,424679,49708,11.7048,24.6287,8.53,11543,71.26,1.5587,1.4581358,0.9957831
Tanggamus,Lampung,2024,1.1074453166652969,-1.1535407047240362,-0.0513504309510129,0.0148745851755017,-0.1642802578671629,-0.3047390058713876,0.0225615549742717,-0.0742407172440815,Lansia tinggi - Kemiskinan tinggi,670367,74039,11.0445,25.0983,7.38,10524,69.6,1.2462,1.0670662,-0.30052337
Tulang Bawang Barat,Lampung,2024,1.1098451904639817,-0.8075324167032203,-0.5995558903949105,0.5440871574963377,0.3815728230622006,0.0331250881140069,0.1084942380601071,-0.1052715999922598,Lansia tinggi - Kemiskinan rendah,298696,34326,11.492,25.1811,7.8,9646,70.68,1.4963000000000015,0.68791115,-0.26062086
Tulangbawang,Lampung,2024,1.2874108482567637,-0.2831083787817681,0.1070518061813266,0.270983772223982,0.0314969875769587,-0.8359018035369022,-0.0355589711380985,-0.0209476061436143,Lansia rendah - Kemiskinan rendah,450336,41564,9.2296,25.8762,7.65,12122,70.6,1.3255999999999997,0.90172863,0.5296891
Way Kanan,Lampung,2024,1.4128444981910069,-0.6959921419136307,0.0420391186496896,0.2249095975701998,0.2495715654740711,-0.2559051655950161,0.2577045964116599,-0.0904696585006303,Lansia rendah - Kemiskinan tinggi,497260,51385,10.3336,26.5974,7.75,10439,70.21,1.341800000000001,0.76523435,-0.09349771
Bengkalis,Riau,2024,0.0753943261347869,1.1606849045960432,0.6348297080059554,1.841240278986784,0.7704393787270295,0.4486770394655446,0.6181826478559993,-0.099515588847053,Lansia rendah - Kemiskinan rendah,591800,55364,9.3552,27.32,9.74,12321,71.97,2.3767,1.0324585,1.4634216
Indragiri Hilir,Riau,2024,1.2157619519601903,-0.867821436268811,0.3773003742523487,0.7105803206794638,-0.2931755195839572,-0.4095908182242959,-0.269430522386326,-0.0197265145033396,Lansia rendah - Kemiskinan rendah,684860,62097,9.0671,25.0099,7.32,11050,68.76,1.4755000000000005,1.1909708,0.0619612
Indragiri Hulu,Riau,2024,1.3150020815833048,0.16891264241551,0.4796201329426154,0.7754170712357695,0.5161991508778097,-0.3171660956716496,-0.0862674025032472,0.0332361793366204,Lansia rendah - Kemiskinan rendah,468366,37119,7.9252,26.6815,8.43,11333,70.91,1.606,0.67879695,1.1742967
Kampar,Riau,2024,0.9008971872562735,0.7151120882713949,1.0471454459720788,0.235178385104503,0.5919132162066961,-0.0120505153502845,-0.0763140758802811,-0.0396137135368687,Lansia rendah - Kemiskinan rendah,894848,68383,7.6419,27.1572,9.58,12034,71.61,1.5652999999999997,0.48767346,2.4923759
Kepulauan Meranti,Riau,2024,1.651090570516888,-0.8885533037836156,-0.5804531889509967,0.4807911340513668,-0.0746171661750799,0.4303266431953006,-0.2692900775827833,-0.0153818140892012,Lansia rendah - Kemiskinan tinggi,213720,23149,10.8315,24.6205,8.12,8988,68.53,1.370800000000001,0.14425293,-0.5869515
Kota Dumai,Riau,2024,1.1860714979033635,1.5036813570967005,0.4759565085185617,0.3256746193895939,0.5696938057081711,0.0224943700986339,0.1498239182369371,0.0629145949779884,Lansia rendah - Kemiskinan rendah,333031,26849,8.062,27.6329,10.29,12847,71.82,1.5940999999999992,0.65957946,3.270477
Kota Pekanbaru,Riau,2024,-0.6465479427538222,2.5210186205090825,1.0638302038038066,0.3945105971376257,0.3677172854119343,0.4979381226287857,0.1273230196958996,-0.0340327455760901,Lansia rendah - Kemiskinan rendah,1026671,90490,8.8139,26.1744,11.96,15212,73.26,2.0285,2.3800964,4.4329467
Kuantan Singingi,Riau,2024,1.366286040834838,0.1350812951511543,-0.1120100949630288,0.1338266002573295,-0.1229681138715654,0.2103981988687966,-0.1762894411787814,0.0239883576129158,Lansia rendah - Kemiskinan rendah,349251,34558,9.8949,25.4049,9.14,11182,69.49,1.3560999999999996,0.039623406,0.36765248
Pelalawan,Riau,2024,1.8403746768724072,0.9815805568593684,0.9975515195944628,0.2715812995552429,0.9058242254096452,-0.8208885473172576,0.0399413686130628,0.0982658734121839,Lansia rendah - Kemiskinan rendah,414943,24291,5.8541,28.9032,8.96,12575,72.18,1.3913000000000002,0.26088426,2.665635
Rokan Hilir,Riau,2024,1.2922043678062864,-0.0438137718933861,0.7125226497995197,0.6230945479913547,0.7702514708698563,-0.0767645508663915,-0.0861092574798121,-0.007460940456013,Lansia rendah - Kemiskinan rendah,673323,52824,7.8453,27.0404,8.53,10447,71.16,1.5841000000000005,0.61386496,1.2774364
Rokan Hulu,Riau,2024,1.444627120262992,0.1374227102539623,0.5633132005835203,0.249275824027675,0.6143320968587682,-0.0486616800028518,-0.4754957293632976,0.085847794472628,Lansia rendah - Kemiskinan tinggi,593486,44117,7.4335,26.1711,8.94,10586,71.0,1.4011000000000005,0.4528096,1.3516811
Siak,Riau,2024,1.288794467194873,1.382721195087936,0.8138320795541231,0.2689547991770144,0.5372013368808225,-0.3389742796499829,-0.294489627844915,0.1274247950815599,Lansia rendah - Kemiskinan rendah,483754,31285,6.4671,27.1016,9.92,13080,71.8,1.5001000000000009,0.5113545,3.0225236
Agam,Sumatera Barat,2024,-0.0624261210263028,-0.4457433790257425,-1.253131430660011,-1.209334662809362,0.3618427206781747,0.2159958062863965,-0.1135971993486548,-0.0712593306232564,Lansia tinggi - Kemiskinan rendah,559299,80629,14.4161,22.7674,9.23,10686,73.53,1.0580999999999996,2.0457559,2.479853
Dharmasraya,Sumatera Barat,2024,1.2838543399800133,0.5437999424734304,-0.2198027703089871,-0.3681890839513406,0.5333498695254302,-0.6613777551319872,-0.287158641233296,0.0845155546335046,Lansia rendah - Kemiskinan rendah,244026,21859,8.9577,25.7071,8.98,12254,72.64,1.157700000000001,0.92353,2.0690222
Kepulauan Mentawai,Sumatera Barat,2024,3.3473512578421785,-1.196445963454255,0.1659663890821628,0.3954540061985699,-0.2312196308659909,0.7084969796302177,-0.5805962579369975,0.2070487935211365,Lansia rendah - Kemiskinan tinggi,92757,7082,7.635,26.591,8.03,7192,65.32,1.0705,-1.0312792,-0.19855238
Kota Bukittinggi,Sumatera Barat,2024,0.0127479923208959,2.3621268207819788,-0.7859712717150411,-0.5786166195263845,0.8134280585558447,0.0415265559393259,0.0481254886936358,-0.0091045627878524,Lansia tinggi - Kemiskinan rendah,125015,13965,11.1707,25.169,11.65,14297,75.5,1.4738000000000009,1.9304997,4.1624265
Kota Padang,Sumatera Barat,2024,-1.1053171954390395,2.042791193813016,0.2017773123100415,-0.6077213274765435,0.1807625071756187,0.194355316946736,0.0684459275140727,0.017957496882279,Lansia tinggi - Kemiskinan rendah,954177,109003,11.4238,24.261,11.63,15458,74.53,1.6448999999999998,2.6116247,4.4559865
Kota Padang Panjang,Sumatera Barat,2024,1.101564147400966,1.942685336726387,-0.6156944142503512,-1.0200201952256789,0.8980642883309733,0.7207606260755552,-0.1349456216504178,0.0775125376569688,Lansia rendah - Kemiskinan rendah,59453,6147,10.3393,26.2056,12.0,11840,73.66,1.1723999999999997,1.5195174,4.0041285
Kota Pariaman,Sumatera Barat,2024,0.7943580717833584,1.6693819559389955,-0.7015422057127713,-0.496116616294801,-0.2749699860677622,0.3129064211047582,0.0410721432120412,-0.0367342017746931,Lansia tinggi - Kemiskinan rendah,98336,11266,11.4566,25.0814,11.06,13784,71.22,1.3116000000000003,1.5052482,3.7695625
Kota Payakumbuh,Sumatera Barat,2024,0.0918369599670435,1.896472513534445,-0.8694203262243628,-0.6224891732765172,0.643920105453642,-0.2448373590173915,0.1155310088954647,-0.0566291571482212,Lansia tinggi - Kemiskinan rendah,146731,17026,11.6035,25.0377,10.89,14260,75.12,1.3861000000000008,2.0070384,4.2550435
Kota Sawah Lunto,Sumatera Barat,2024,0.6329200890030946,0.8778266815496777,-1.0446774248369284,0.2938651419688669,0.120320433095068,0.9594043271440362,0.100687893561117,-0.1241124893433121,Lansia tinggi - Kemiskinan rendah,68725,8675,12.6228,24.518,10.53,11187,70.96,1.638399999999999,2.1250107,3.7274745
Kota Solok,Sumatera Barat,2024,0.6851844186342068,2.165613255764899,-0.3409521451714129,-0.2650916856285448,1.195198915169124,0.1335661609963198,0.0662200484356145,0.0775485520635353,Lansia rendah - Kemiskinan rendah,79459,7507,9.4476,26.7119,11.37,12995,74.96,1.5075999999999992,1.7065994,4.145298
Lima Puluh Kota,Sumatera Barat,2024,0.9266776614270632,-1.0095956494751337,-1.1745354111830608,-1.052284229409972,-0.3770528540084476,-0.1586906423183394,-0.273702258477313,-0.0879712023712902,Lansia tinggi - Kemiskinan rendah,401086,53855,13.4273,22.9584,8.13,10648,70.52,0.8466000000000005,-0.33672115,1.5297067
Padang Pariaman,Sumatera Barat,2024,1.316767793976485,-0.6278141002714087,-0.7342286806380338,-1.5163338622334377,-0.5458260279030515,-0.4075864921162668,-0.0234896182727177,-0.0869209755672319,Lansia tinggi - Kemiskinan rendah,459169,58125,12.6587,24.5787,8.42,11756,70.15,0.6439000000000004,-0.5317878,1.4668804
Pasaman,Sumatera Barat,2024,1.895517528414444,-0.8484271519128795,-0.2502682519566881,0.1120641133863711,0.0050999168478926,0.2720189676309722,-0.1168077601614086,-0.0168775594335723,Lansia rendah - Kemiskinan rendah,318080,32821,10.3185,25.7605,8.14,9194,68.66,1.2140000000000004,0.022208184,-0.6346388
Pasaman Barat,Sumatera Barat,2024,1.9575394760945437,-0.0934399295272651,0.4721245466624445,0.281721822459074,0.2100801829664558,0.3878212266380998,-0.149384702537294,0.0524204815759526,Lansia rendah - Kemiskinan rendah,456467,37887,8.3001,26.9993,8.99,9888,68.86,1.3534000000000006,-0.21008025,0.6947794
Pesisir Selatan,Sumatera Barat,2024,0.9374169352118114,-0.4789397284085124,-0.482654566073707,-0.6840423180940804,0.3593959828033773,0.1254661987631801,-0.0647910464643611,-0.044228810347615,Lansia tinggi - Kemiskinan rendah,532913,62695,11.7646,24.9305,8.81,10211,71.64,1.1053999999999995,-0.17054403,1.4874465
Sijunjung,Sumatera Barat,2024,1.778035187047116,-0.2033053122528156,-0.2257679739147295,0.1664532179624019,-0.7763037322493863,0.1330674191295009,-0.0662230253449693,-0.0191438544867485,Lansia rendah - Kemiskinan rendah,246775,25673,10.4034,25.4029,8.62,11395,67.37,1.2472999999999992,-0.37034386,-0.04070434
Solok,Sumatera Barat,2024,1.085219426310592,-0.7367079309574693,-0.5532343367420388,-0.0842150511028744,-0.2641415610687175,-0.221127408199484,-0.040390996795692,-0.0799336754338834,Lansia tinggi - Kemiskinan rendah,410426,48090,11.7171,24.4687,7.91,10988,69.85,1.2202000000000002,0.78036636,-0.2614044
Solok Selatan,Sumatera Barat,2024,2.128902827389895,-0.0514327795719882,-0.2559275597768455,-0.6947912555257632,-0.3209601875875849,-0.2147863023760137,-0.4118470386749805,0.0932687133812038,Lansia rendah - Kemiskinan rendah,195034,18191,9.3271,25.5499,8.85,11240,69.04,0.8590999999999998,-0.9441394,1.3594543
Tanah Datar,Sumatera Barat,2024,-0.1307611837571017,-0.3951575390939639,-1.607867366010568,-0.558526581475421,-0.4876904998247131,0.5733006552444022,-0.0598272963277528,-0.1680507178843417,Lansia tinggi - Kemiskinan rendah,388228,60477,15.5777,21.6965,9.29,11223,71.02,1.2878000000000007,2.3127105,2.7361357
Banyu Asin,Sumatera Selatan,2024,0.5224096440018006,-0.7497268543723014,0.5271248049157451,0.9737631809493574,0.0106319159928916,-0.2826692114085439,0.0761343968318079,-0.0898460400680676,Lansia rendah - Kemiskinan tinggi,885902,87297,9.854,25.3319,7.48,11277,70.0,1.7416,1.2751487,0.29803577
Empat Lawang,Sumatera Selatan,2024,1.871528306383478,-1.2612898718145142,-0.6968214099574033,-0.603389388446071,-1.5757286550509724,-0.1889010525458692,-1.1291632560840852,0.1143781493716962,Lansia rendah - Kemiskinan tinggi,345641,36689,10.6148,21.6612,7.68,10889,65.91,0.7416999999999998,-0.7936575,0.58155936
Kota Lubuklinggau,Sumatera Selatan,2024,0.9958715713332869,1.5718108933267658,0.2053637098888619,0.3696402611302506,-0.2423334375008887,-0.3392697658897724,0.3438822052013324,-0.0094065279930211,Lansia rendah - Kemiskinan tinggi,246046,22768,9.2536,26.945,9.94,14672,70.63,1.5787000000000004,0.86908054,3.3849895
Kota Pagar Alam,Sumatera Selatan,2024,1.679387579354782,-0.0059066890615392,-0.5332870481169437,0.1473574674329584,-0.3896321737487236,0.7732414083066111,-0.0081703414664105,-0.0482517596240178,Lansia tinggi - Kemiskinan rendah,149199,16790,11.2534,25.4164,9.44,10245,68.03,1.334999999999999,-0.23235308,-0.1366231
Kota Palembang,Sumatera Selatan,2024,-1.3898338016822915,1.3743103611649994,1.4776328518260122,-0.6776409355085622,-0.4617820359914764,0.1468021599488388,0.5756747952121157,-0.0405707348489844,Lansia tinggi - Kemiskinan tinggi,1718440,194403,11.3128,25.6906,10.93,16150,72.4,1.6707,4.987815,4.521436
Kota Prabumulih,Sumatera Selatan,2024,1.2076642890960865,1.758274934201827,0.2725089240900193,0.1375346501541069,0.2635589591349705,-0.1975709574103564,0.3826592204937262,0.0229138393657169,Lansia rendah - Kemiskinan tinggi,203312,17847,8.7781,27.8513,10.36,13982,71.64,1.5135000000000003,0.8130695,3.4625854
Lahat,Sumatera Selatan,2024,1.5698627591234964,-0.3895501347636621,-0.0842291965358005,-0.0316537471834227,-0.8794759910015942,0.2987821982896333,0.0002312875312702,-0.0460711643914609,Lansia rendah - Kemiskinan tinggi,450281,49274,10.9429,25.3046,8.69,11255,67.16,1.2181999999999995,-0.43008494,-0.17810607
Muara Enim,Sumatera Selatan,2024,0.9488726370121604,-0.0583671943188401,0.3938834016631909,0.4682884248572607,-0.1065492860299761,-0.3198441374634347,0.3561299288393099,-0.0989332195420067,Lansia rendah - Kemiskinan tinggi,640962,64159,10.0098,26.5822,8.27,12291,69.98,1.5390999999999997,0.84876055,0.6403866
Musi Banyuasin,Sumatera Selatan,2024,1.7250692226747877,-0.3415314075467183,0.6777536782194427,0.0251541547899779,0.1213383455575981,-0.5090863235233651,0.2590120166059425,-0.0751799154869857,Lansia rendah - Kemiskinan tinggi,651950,56847,8.7195,27.7828,7.95,11424,69.76,1.2367999999999997,0.35820273,0.5647159
Musi Rawas,Sumatera Selatan,2024,1.316008209435676,-0.6707651082181559,-0.0987245730239175,0.5865243076920584,-0.19661799910947,-0.3248924016170755,0.0754984404359997,-0.0665753618537248,Lansia rendah - Kemiskinan tinggi,411787,42514,10.3243,25.5375,7.57,11058,69.2,1.4441999999999986,0.7661168,-0.118964404
Musi Rawas Utara,Sumatera Selatan,2024,2.1509598098493403,-0.5517111786790159,0.1513945630972716,0.956418114067756,-0.6974989499668083,-0.2446901870139338,0.1490534121541612,-0.0197317653453303,Lansia rendah - Kemiskinan tinggi,198413,18174,9.1597,26.6318,7.51,11198,66.6,1.4461000000000013,-0.47792393,0.019970668
Ogan Ilir,Sumatera Selatan,2024,1.4658028248118842,-0.2946036486828343,0.2388155516264164,0.9139149426310076,-0.9724425606744508,0.0427805359303992,0.3953939543510166,-0.1106755735404608,Lansia rendah - Kemiskinan tinggi,436141,45587,10.4524,26.3064,8.09,12093,66.59,1.5891000000000002,-0.37918225,0.1261975
Ogan Komering Ilir,Sumatera Selatan,2024,0.7023158616853926,-0.6811715449721669,0.4755523062914873,0.817905167674414,-0.3494128785780609,-0.7127605988974596,-0.0387887191448579,-0.0750951390374658,Lansia rendah - Kemiskinan tinggi,807085,76716,9.5053,25.0334,7.19,12305,69.53,1.5976,1.2957114,0.24867797
Ogan Komering Ulu,Sumatera Selatan,2024,1.4489130626108762,0.0948686717995224,0.1331324948247887,0.4453971948979627,-0.1243444265860479,0.172158844461794,0.2617506165141577,-0.055151115723825,Lansia rendah - Kemiskinan tinggi,383039,38310,10.0016,26.7218,8.86,11339,69.06,1.485899999999999,0.19556773,0.5354523
Ogan Komering Ulu Selatan,Sumatera Selatan,2024,1.5118435133702794,-0.8390357456152283,-0.2821644492551635,0.1442288935457822,-0.3518329742377041,0.2716133341908762,-0.6653569693987325,0.0730544593214922,Lansia rendah - Kemiskinan tinggi,429535,42839,9.9733,23.7291,8.25,9680,68.3,1.234,0.08517463,-0.5847747
Ogan Komering Ulu Timur,Sumatera Selatan,2024,0.4489816832414425,-0.332042162819451,-0.0473234605012275,0.2632296362843123,-0.456489063473784,-0.3745996432598353,0.1451315835406314,-0.0848197576845312,Lansia tinggi - Kemiskinan tinggi,674184,76758,11.3853,24.6262,8.08,12623,70.04,1.4791000000000007,1.4947895,0.6375914
Penukal Abab Lematang Ilir,Sumatera Selatan,2024,2.63742468694674,-0.77766303382182,0.322144440027837,0.3593325806534402,0.4715026625735881,-0.4992035358722088,0.291507896067701,0.0010827909268344,Lansia rendah - Kemiskinan tinggi,205384,16877,8.2173,28.6478,7.27,9604,69.22,1.1880999999999995,-1.5941125,0.3573251
Asahan,Sumatera Utara,2024,1.0766175649905965,0.122616952167242,0.7749469478141925,0.1915803241611214,-0.2243289695511041,-0.0339184000656761,0.3645468350850352,-0.0973281308407223,Lansia rendah - Kemiskinan rendah,813720,77945,9.5788,27.1799,8.85,12301,69.32,1.4646999999999988,0.76417196,0.64628845
Batu Bara,Sumatera Utara,2024,1.954870972154459,-0.0513425546935509,0.535323169147545,0.3636740935564628,-0.2004212421596619,0.0268935230944029,0.6573227142929515,-0.113779332334062,Lansia rendah - Kemiskinan tinggi,437360,41946,9.5907,28.5954,8.51,11373,68.16,1.3908000000000005,-0.13371938,0.61669415
Dairi,Sumatera Utara,2024,1.9222279766236847,0.5621378721874326,0.0824518799075865,-0.850798198412334,0.2221937187125663,0.2442204761403631,0.502888079629974,-0.0728509075879106,Lansia rendah - Kemiskinan rendah,330586,34206,10.3471,28.3884,9.89,11355,70.32,1.0117999999999991,-0.99889326,2.4534652
Deli Serdang,Sumatera Utara,2024,-0.9363067559406172,0.5876370934934122,2.0458754001680104,-0.3345083529358722,0.3217853473078691,0.4115649106053392,0.1810541063625441,-0.1737952871366585,Lansia rendah - Kemiskinan rendah,2048480,191543,9.3505,26.3245,10.29,13279,72.53,1.7287,5.0189195,4.268048
Humbang Hasundutan,Sumatera Utara,2024,2.4880427377470635,0.1677064490166437,-0.1707542482614425,-1.1949829658381697,0.8031601700220471,0.8440167981144241,0.6950915418292863,-0.1207871638950613,Lansia tinggi - Kemiskinan rendah,207076,22952,11.0839,29.55,10.13,8844,70.54,0.8568999999999996,-1.1824663,2.3026233
Karo,Sumatera Utara,2024,0.7557054868015627,0.9428473681762888,-0.3793210421704637,-1.1149852221927457,0.0585554703277269,-0.2391478784607839,-0.132765850793611,0.0072225201292605,Lansia rendah - Kemiskinan rendah,426471,46450,10.8917,25.062,10.12,13278,72.48,1.0203000000000009,0.9481422,2.3607502
Kota Binjai,Sumatera Utara,2024,0.346031336895578,1.6060781634131602,-0.286107958910807,0.1499287890050992,0.8325583401224008,0.7062672980073307,0.0255126980167166,0.0197342782433253,Lansia rendah - Kemiskinan rendah,307170,32023,10.4252,25.6815,11.2,12015,73.34,1.7095000000000002,1.8249698,3.8926659
Kota Gunungsitoli,Sumatera Utara,2024,2.7443005457821825,0.0954491521094302,0.4224809054696529,-0.3636256855885139,1.5963002670131188,-0.1949015575013533,0.5278376866568965,0.0386844244689966,Lansia rendah - Kemiskinan tinggi,145233,11224,7.7283,30.6962,8.76,9056,72.31,1.0629999999999995,-1.829694,0.7955103
Kota Medan,Sumatera Utara,2024,-2.993859891649468,1.327940934524804,1.9698625559997296,-1.1449696712289967,-0.1374499122747022,0.5618897976576391,-0.0471817013737384,0.1250428413250568,Lansia tinggi - Kemiskinan rendah,2486283,284173,11.4296,23.052,11.79,16069,74.74,1.7868000000000013,5.1326523,4.8935013
Kota Padangsidimpuan,Sumatera Utara,2024,1.5139031901939368,1.3831992078529438,-0.0233107359346003,-0.5696773878333994,0.1152997949501931,0.6466655197497366,-0.1453875038774537,0.0937632516195198,Lansia rendah - Kemiskinan rendah,240067,22521,9.3811,26.4772,11.13,11964,70.48,1.2106999999999992,-0.6222367,2.7989426
Kota Pematang Siantar,Sumatera Utara,2024,-0.4576882893529144,1.954656010439889,-1.076214041570955,-0.6993465637038057,0.7084048996917959,0.5526342761090358,-0.034374545042509,-0.0517049237760374,Lansia tinggi - Kemiskinan rendah,277054,35509,12.8166,23.8127,11.82,13349,75.32,1.5061,2.325118,4.206652
Kota Sibolga,Sumatera Utara,2024,1.4398435406583017,1.441385412173681,-0.0123995718475992,0.2105867465415215,0.0845939665965727,0.2541052367777839,0.049629738143075,0.0821927101613519,Lansia rendah - Kemiskinan tinggi,91747,8252,8.9943,26.7714,10.45,12713,70.42,1.481800000000001,0.85038936,3.4938784
Kota Tanjung Balai,Sumatera Utara,2024,2.5465967528278424,0.6712059506273124,0.6255416278989421,0.5906126712968587,-1.2727144983628602,0.6167329705567571,0.2741931717469059,0.0416238027300588,Lansia rendah - Kemiskinan tinggi,185647,15782,8.5011,27.9471,9.69,12264,64.48,1.399299999999999,-0.77601194,0.2015202
Kota Tebing Tinggi,Sumatera Utara,2024,0.2938206077823728,1.824729305953129,-0.3859972851599514,0.5255511837733887,0.0704551685156326,0.3938576603690086,0.4172913358216852,-0.0872303495259181,Lansia tinggi - Kemiskinan rendah,180977,20355,11.2473,25.8674,10.87,13900,71.82,1.8251999999999988,1.78066,3.818276
Labuhan Batu,Sumatera Utara,2024,1.481961013577194,0.7394245067655099,0.6060150742000889,-0.0783059251171674,0.4018445231238799,-0.1585038955861164,0.0381186830540745,0.02512320524936,Lansia rendah - Kemiskinan rendah,520545,42121,8.0917,27.5292,9.5,12102,71.04,1.3303999999999991,0.2770688,2.6486936
Labuhan Batu Selatan,Sumatera Utara,2024,2.159216853743916,0.9624746752436428,1.0704997305256725,0.5905019498565666,0.3895596333154364,-0.3154235486874933,0.3748850463372639,0.0604916039913225,Lansia rendah - Kemiskinan rendah,336577,21781,6.4713,29.6553,9.19,12353,69.78,1.4973,0.20407753,2.5266535
Labuhan Batu Utara,Sumatera Utara,2024,1.7838335415411828,0.8265716831911536,0.7172089038439063,0.0540952253071512,0.2496650379814254,-0.4809546124195619,0.3664656533755513,-0.0041803363443521,Lansia rendah - Kemiskinan tinggi,408749,32217,7.8819,28.6868,9.14,12839,70.53,1.3244999999999996,0.20561133,2.6147602
Langkat,Sumatera Utara,2024,0.1322401696414344,-0.1217733602659348,0.8043178696671924,0.675665572054942,-0.1469982235046986,0.2160457320304207,0.3174175929801153,-0.0983708347950771,Lansia rendah - Kemiskinan tinggi,1078676,112625,10.441,25.8107,8.74,12080,69.95,1.798,1.2596598,0.45156857
Mandailing Natal,Sumatera Utara,2024,3.1105760725698905,-0.1610126356609167,1.1396023662755097,0.0678242114302159,-1.0852117488827473,0.763855910511621,0.7237760605148515,-0.0960620744744485,Lansia rendah - Kemiskinan rendah,505360,44297,8.7654,30.1169,9.11,10644,63.7,1.1419999999999997,-1.0988047,0.3152201
Nias,Sumatera Utara,2024,3.2681289223669463,-1.4812423898346334,0.3104438266636967,-0.0665198979689267,1.2595002606588832,-0.8115443061518861,0.29507331675008,0.0281918082643666,Lansia rendah - Kemiskinan tinggi,155629,11797,7.5802,29.8273,6.4,7698,70.56,0.9006999999999996,-1.8464173,0.41915607
Nias Barat,Sumatera Utara,2024,3.939373272238209,-1.2568016153200752,0.4787899841142777,-0.6818915010078137,1.4933779983250697,-0.3504220694281471,0.4750064868347554,0.0542647714100189,Lansia rendah - Kemiskinan tinggi,97251,7094,7.2945,31.5596,7.26,6740,70.24,0.6551999999999998,-1.9283463,0.61793894
Nias Selatan,Sumatera Utara,2024,2.9161048345462026,-1.5716647426511734,0.5023872281546431,0.1049753114652063,0.9364984419781516,-0.6658019313247767,-0.4121868608410362,0.1072533745500419,Lansia rendah - Kemiskinan tinggi,389957,25867,6.6333,27.7054,6.52,7730,69.84,0.9717000000000002,-1.7639699,0.27570543
Nias Utara,Sumatera Utara,2024,3.158774223047143,-1.3018941912645263,0.2480954975255939,-0.0704136558495507,1.3026286823658828,-0.3859366824047272,0.0047220192822382,0.0937385805915516,Lansia rendah - Kemiskinan tinggi,158676,11783,7.4258,29.0428,7.05,7189,70.5,0.9453999999999994,-1.8930374,0.36431175
Padang Lawas,Sumatera Utara,2024,3.2415243399365727,0.4706622134558287,1.1164296854003462,-0.1117815299158977,0.441302172133937,0.4810320036312142,0.5290785409093791,0.0598754028059343,Lansia rendah - Kemiskinan rendah,280764,19096,6.8014,31.2747,9.63,9821,67.93,1.1262,-1.7828846,1.0852462
Padang Lawas Utara,Sumatera Utara,2024,3.275465200721763,0.6952225143731471,1.053809512316857,-0.6848706964034357,0.1538102026606771,0.1724272122678139,0.3778975537080212,0.0893243377390738,Lansia rendah - Kemiskinan tinggi,280595,18949,6.7531,30.8505,9.82,10925,68.04,0.8773999999999997,-1.738636,1.1451741
Pakpak Bharat,Sumatera Utara,2024,4.35932016740164,0.263420558126677,0.9015389964126772,-1.3717340519701815,0.3674364008368893,0.3952572400926341,0.7212236154706777,0.0882004593333286,Lansia rendah - Kemiskinan rendah,56212,4033,7.1746,32.8506,9.73,9158,67.28,0.4775,-1.7378603,1.0889955
Samosir,Sumatera Utara,2024,2.056649024653795,0.1235101047055361,-0.6037244884630458,-1.353239160556177,1.0044298730662786,0.2492411065069449,0.6824594131034185,-0.172390746664572,Lansia tinggi - Kemiskinan tinggi,143071,16976,11.8654,28.7025,9.61,9634,72.46,0.8085999999999984,-1.074213,2.2206235
Serdang Bedagai,Sumatera Utara,2024,0.803053548894934,0.249271023603853,0.4541326241465221,0.4258080445157349,-0.0590766347668693,0.2106397376122168,0.4272005976570261,-0.0958792913512287,Lansia rendah - Kemiskinan rendah,691638,71635,10.3573,26.7534,9.12,12015,69.88,1.6212999999999995,0.7962584,0.64508575
Simalungun,Sumatera Utara,2024,-0.0573621435679064,0.047449585081757,0.1130970331592537,-1.1851461887912962,0.0844826234012407,0.1614952123732817,-0.0866569602907682,0.0231791844626232,Lansia tinggi - Kemiskinan rendah,1051845,125023,11.8861,24.3164,9.73,12119,72.44,1.1286000000000005,2.2295327,2.7900362
Tapanuli Selatan,Sumatera Utara,2024,2.320498051724136,0.5784888503570851,0.6677524018559052,0.3635211306180462,-0.914317027300674,0.5070911972620278,0.6642290640641499,-0.0723863919231282,Lansia rendah - Kemiskinan rendah,316486,29504,9.3224,28.8733,9.56,12213,65.78,1.3838,-0.7956091,0.266432
Tapanuli Tengah,Sumatera Utara,2024,2.4803996901642256,-0.1013451930353797,0.3083360809260854,-0.9171351290689718,-0.3696578300500409,-0.1494570032053306,-0.2275733238483931,0.0688062856946343,Lansia rendah - Kemiskinan tinggi,394910,33906,8.5858,26.9978,8.92,11128,68.24,0.7562000000000006,-1.1486455,1.3680599
Tapanuli Utara,Sumatera Utara,2024,1.7708470232003015,0.8032049441415381,-0.1023926886512958,-1.2205198992100366,-0.2231196562990993,0.3134074994201493,0.7690941192257055,-0.1531924144098316,Lansia tinggi - Kemiskinan rendah,326993,38305,11.7143,28.3801,10.31,12382,69.82,0.9154999999999998,-1.1123735,2.5561445
Toba Samosir / Toba,Sumatera Utara,2024,1.8249678012429795,1.2440345873457,-0.2973242698746557,-1.8230369579716383,0.0716124920170296,0.0366594206513161,0.6357521752843215,-0.1180347925955547,Lansia tinggi - Kemiskinan rendah,216720,24802,11.4443,28.4178,10.77,12960,71.46,0.6920999999999999,-0.8418044,2.5941794
