,count,mean,std,min,25%,median,50%,75%,max
jumlah_penduduk,1365.0,784758.7084249085,771983.4713659312,27749.0,228591.0,453242.0,453242.0,1107803.0,5682303.0
jumlah_lansia,1365.0,87248.9304029304,84586.68725128625,1797.0,21419.0,46558.0,46558.0,142273.0,492192.0
pct_lansia,1365.0,10.635048717948717,2.9977234539197473,3.6666,8.5157,10.0764,10.0764,12.3031,21.1693
pct_anak,1365.0,24.708215677655677,3.029270487640661,17.7468,22.386,24.831,24.831,26.7777,33.4492
rasio_lansia,1365.0,16.48817413919414,4.8188796392971955,5.347,13.115,15.5481,15.5481,19.0953,35.116
p0_miskin,1365.0,10.031619047619047,4.383714004867308,2.16,6.88,9.4,9.4,12.62,26.42
rls,1365.0,8.792241758241758,1.4754642244325968,4.85,7.71,8.56,8.56,9.85,13.1
pengeluaran,1365.0,11511.137728937729,2552.680516579878,5830.0,9875.0,11127.0,11127.0,12533.0,25573.0
ahh_laki,1365.0,69.11912087912089,3.094382876267519,60.15,67.0,69.19,69.19,71.31,76.4
ahh_perempuan,1365.0,73.01620512820513,3.039636923468537,63.88,70.99,73.08,73.08,75.43,80.38
ahh_rata2,1365.0,71.06757509157508,3.0661733907487543,62.02,69.0,71.15,71.15,73.36,78.38
tpt_total,1365.0,5.3878608058608055,2.426763160691375,0.26,3.67,5.01,5.01,6.83,14.29
