Tahun,Pulau,rata_pct_lansia,median_pct_lansia,rata_p0_miskin,rata_rls,rata_pengeluaran,rata_ahh,rata_tpt
2020,Jawa,11.774493277310924,11.8273,9.92705882352941,8.334201680672269,11653.042016806723,72.66915966386554,7.369831932773109
2020,Sumatera,8.431338961038962,8.397549999999999,10.627402597402597,8.794090909090908,10512.01948051948,69.04396103896104,5.488831168831169
2021,Jawa,12.20087731092437,12.2557,10.337226890756304,8.438991596638656,11749.453781512606,72.79218487394958,6.86218487394958
2021,Sumatera,8.726215584415584,8.69725,10.94038961038961,8.87025974025974,10576.22077922078,69.14090909090909,4.876623376623376
2022,Jawa,12.647263865546218,12.7309,9.592689075630252,8.600336134453782,12093.218487394957,73.0247899159664,6.1236974789915966
2022,Sumatera,9.056743506493506,9.04985,10.273961038961039,8.962142857142858,10918.727272727272,69.42707792207793,4.677012987012987
2023,Jawa,13.104321848739495,13.2217,9.389411764705882,8.696386554621848,12534.529411764706,73.36663865546218,5.56
2023,Sumatera,9.395937012987014,9.335049999999999,10.017077922077922,9.054935064935066,11229.883116883117,69.83409090909092,4.497727272727273
2024,Jawa,13.572670588235294,13.642,9.07420168067227,8.767226890756302,12977.18487394958,73.6227731092437,5.026218487394958
2024,Sumatera,9.74162142857143,9.706050000000001,9.719155844155845,9.148376623376622,11651.584415584415,70.05818181818181,4.306168831168831
