Pulau,Provinsi,jumlah_kab_kota,rata_pct_lansia,median_pct_lansia,min_pct_lansia,max_pct_lansia,rata_p0_miskin,rata_rls,rata_pengeluaran,rata_ahh,rata_tpt
Jawa,DI Yogyakarta,5,16.988152,16.1699,13.9466,21.1693,12.1072,9.785599999999999,14505.6,74.704,4.23
Jawa,Jawa Timur,38,14.199384210526315,14.033999999999999,9.4526,20.5782,10.548789473684211,8.221947368421054,11980.310526315789,72.07626315789473,5.024210526315789
Jawa,Jawa Tengah,35,13.195129142857141,13.2647,9.3151,20.7554,10.702685714285714,8.116914285714286,11635.73142857143,75.20662857142857,5.401142857142857
Jawa,Jawa Barat,27,10.968137777777777,10.5076,5.8705,17.2806,8.447925925925926,8.75362962962963,11215.585185185186,72.74466666666667,8.178592592592592
Sumatera,Sumatera Barat,19,10.563196842105263,10.4034,6.5645,15.5777,6.103473684210527,9.389157894736842,11052.652631578947,70.66684210526316,5.449894736842105
Sumatera,Lampung,15,10.057054666666666,10.0716,7.904,12.1775,11.183466666666666,8.259466666666667,10212.68,69.58773333333333,4.173466666666666
Jawa,DKI Jakarta,6,9.841289999999999,9.8913,6.4759,13.3122,6.227333333333333,10.964666666666666,19027.1,73.45966666666666,7.868666666666667
Sumatera,Sumatera Selatan,17,9.260954117647058,9.2339,7.0292,11.3853,12.366588235294119,8.298823529411765,11035.764705882353,68.41882352941177,4.142235294117647
Sumatera,Bengkulu,10,9.16628,9.185649999999999,7.0883,10.9781,14.328800000000001,8.6758,10647.16,67.8858,3.3672000000000004
Sumatera,Kep. Bangka Belitung,7,9.133671428571429,9.1615,6.6159,11.5937,4.7548571428571424,8.20657142857143,13359.885714285714,71.37400000000001,4.7051428571428575
Sumatera,Jambi,11,9.003467272727272,8.4428,6.346,13.1356,7.507818181818182,8.595636363636363,10801.236363636364,70.30381818181819,4.266363636363637
Sumatera,Kep. Riau,7,8.969731428571428,9.0413,3.6666,12.5218,7.261428571428572,8.909142857142857,14479.285714285714,69.27057142857143,5.692
Sumatera,Sumatera Utara,33,8.732801212121212,8.5858,4.974,12.8166,10.371757575757576,9.29139393939394,10731.933333333332,69.53072727272728,4.784727272727273
Sumatera,Aceh,23,8.385567826086955,8.484,4.6247,10.8519,15.088695652173913,9.588260869565218,10054.408695652173,68.51147826086957,5.756695652173913
Jawa,Banten,8,8.1245975,8.123,5.8708,11.0195,6.0735,8.99175,12495.375,68.6005,8.40925
Sumatera,Riau,12,7.447428333333334,7.350350000000001,4.4628,10.8315,7.9463333333333335,9.093833333333333,11183.383333333333,70.5445,4.518166666666667
