Pulau,Provinsi,Kab_kota,pct_lansia_2020,2021,2022,2023,pct_lansia_2024,delta_pct_lansia,persen_perubahan_pct_lansia
Jawa,DKI Jakarta,Kota Jakarta Pusat,10.5754,11.203,11.8739,12.5766,13.3122,2.7368000000000006,25.878926565425424
Jawa,Jawa Tengah,Kota Magelang,14.3023,14.8749,15.5243,16.1924,16.8601,2.5577999999999985,17.88383686539926
Jawa,DKI Jakarta,Kota Jakarta Selatan,9.2707,9.8516,10.4554,11.0906,11.7757,2.505000000000001,27.02061333016925
Jawa,Banten,Kota Tangerang Selatan,8.5327,9.109,9.7207,10.3527,11.0195,2.4868000000000006,29.144350557267927
Jawa,Jawa Barat,Kota Bekasi,8.2229,8.7872,9.3803,9.9828,10.6236,2.4007000000000005,29.195296063432618
Sumatera,Riau,Bengkalis,6.9785,7.8577,8.3462,8.8473,9.3552,2.3766999999999996,34.057462205344976
Jawa,DI Yogyakarta,Kota Yogyakarta,14.4049,14.9752,15.5697,16.1699,16.7654,2.3605,16.38678505230859
Jawa,Jawa Timur,Bojonegoro,13.8716,14.4252,15.0178,15.6205,16.2303,2.358699999999999,17.003806338129696
Jawa,Jawa Barat,Subang,11.5315,12.595,13.0104,13.4376,13.8787,2.347200000000001,20.35468065732993
Jawa,DKI Jakarta,Kota Jakarta Timur,8.7124,9.2452,9.8092,10.3931,11.0108,2.298399999999999,26.380790597309574
Jawa,Jawa Timur,Sidoarjo,9.4526,9.9771,10.534,11.1096,11.7102,2.2576,23.88337600236972
Jawa,Jawa Timur,Mojokerto,11.2159,11.7265,12.2798,12.8508,13.4406,2.2247000000000003,19.835233909004184
Jawa,Jawa Tengah,Kota Semarang,10.727,11.2395,11.7977,12.3639,12.9353,2.2082999999999995,20.586370839936603
Jawa,Jawa Timur,Kediri,12.8178,13.4979,13.9908,14.5049,15.0249,2.2071000000000005,17.219023545382207
Jawa,Jawa Tengah,Kota Surakarta,13.1552,13.6634,14.225,14.7888,15.3601,2.2048999999999985,16.76067258574555
Jawa,Jawa Timur,Tuban,13.5594,14.084,14.6352,15.1861,15.7365,2.1770999999999994,16.056020177883973
Jawa,Jawa Tengah,Kudus,9.6907,10.1905,10.734,11.2891,11.8625,2.171800000000001,22.411177727099187
Jawa,Banten,Kota Tangerang,7.5554,8.0597,8.5914,9.1396,9.7142,2.1588000000000003,28.572941207613102
Jawa,DKI Jakarta,Kota Jakarta Barat,8.8984,9.3989,9.931,10.4829,11.0537,2.1552999999999987,24.221208307111375
Jawa,Jawa Tengah,Pati,12.9229,13.5378,14.0452,14.5556,15.0694,2.1464999999999996,16.61004882804943
Sumatera,Jambi,Muaro Jambi,6.346,7.0812,7.5319,7.9969,8.4705,2.1244999999999994,33.47778127954616
Jawa,Jawa Timur,Pasuruan,10.7244,11.2236,11.7489,12.2832,12.8294,2.1050000000000004,19.62813770467346
Jawa,Jawa Tengah,Blora,14.1666,14.6307,15.1694,15.7143,16.2578,2.091199999999999,14.761481230499898
Sumatera,Kep. Bangka Belitung,Belitung,9.5085,10.3881,10.7755,11.1788,11.5937,2.0852000000000004,21.92985223747174
Jawa,Jawa Barat,Pangandaran,14.868,15.3365,15.8709,16.406,16.9372,2.0692000000000004,13.917137476459512
Jawa,Jawa Tengah,Kendal,10.9159,11.403,11.926,12.4507,12.9783,2.0624000000000002,18.893540615066097
Jawa,Jawa Timur,Ngawi,16.6936,17.1991,17.7248,18.2406,18.7546,2.061,12.346048785163175
Jawa,Jawa Timur,Lamongan,14.3584,14.8462,15.3686,15.891,16.4105,2.0520999999999994,14.291982393581455
Jawa,Jawa Timur,Kota Surabaya,10.921,11.3987,11.9063,12.4249,12.9582,2.0372000000000003,18.653969416720084
Sumatera,Riau,Kota Pekanbaru,6.7854,7.2672,7.7641,8.2829,8.8139,2.0285,29.895068824240283
Jawa,Jawa Tengah,Kota Pekalongan,9.3596,9.8303,10.3397,10.8543,11.3761,2.016499999999999,21.544724133509966
Sumatera,Jambi,Kota Jambi,8.2346,8.8359,9.2938,9.7642,10.2434,2.008799999999999,24.394627547178963
Jawa,Jawa Barat,Kota Depok,7.9862,8.4292,8.9174,9.4245,9.9928,2.0066000000000006,25.125842077583837
Jawa,Jawa Tengah,Batang,10.4282,10.8873,11.3937,11.9106,12.4311,2.0029000000000003,19.206574480734933
Jawa,DKI Jakarta,Kota Jakarta Utara,8.5965,9.0626,9.5538,10.0606,10.5935,1.9969999999999999,23.230384458791363
Jawa,Jawa Timur,Malang,12.8204,13.2753,13.7741,14.2822,14.7958,1.9754000000000005,15.408255592649219
Jawa,Banten,Kota Cilegon,6.6393,7.1016,7.5885,8.094,8.6096,1.9703,29.676321298932113
Jawa,Jawa Timur,Kota Mojokerto,11.34,11.8156,12.3139,12.8076,13.3078,1.9678000000000004,17.352733686067022
Jawa,Jawa Tengah,Pekalongan,9.8863,10.6892,11.0691,11.4569,11.8471,1.960799999999999,19.833506974297755
Jawa,Jawa Tengah,Cilacap,12.2142,12.8877,13.3071,13.7394,14.1739,1.9596999999999998,16.044440077942067
Jawa,Jawa Tengah,Grobogan,12.1595,12.5895,13.0881,13.5988,14.1126,1.953100000000001,16.06233808955961
Jawa,Jawa Timur,Gresik,10.0838,10.5437,11.0287,11.5256,12.0361,1.9522999999999993,19.360756857533858
Jawa,Jawa Tengah,Rembang,12.6564,13.1078,13.6067,14.1063,14.6043,1.9479000000000006,15.390632407319622
Jawa,Jawa Timur,Kota Kediri,11.732,12.1968,12.6896,13.1815,13.6731,1.9411000000000005,16.54534606205251
Jawa,Jawa Tengah,Temanggung,13.4182,13.8458,14.3365,14.8388,15.3575,1.9392999999999994,14.452758194094583
Jawa,Jawa Timur,Kota Batu,11.6918,12.1474,12.6303,13.1201,13.6116,1.9197999999999986,16.420055081339047
Sumatera,Lampung,Lampung Utara,9.2719,10.0491,10.4207,10.8035,11.1886,1.9166999999999987,20.672138396660863
Jawa,Jawa Timur,Kota Pasuruan,9.6228,10.0812,10.5633,11.0529,11.5332,1.910400000000001,19.852849482479122
Jawa,Jawa Timur,Banyuwangi,13.9679,14.5924,14.9977,15.4237,15.8645,1.8965999999999994,13.57827590403711
Jawa,Jawa Timur,Jombang,11.8273,12.2557,12.7309,13.2217,13.7235,1.8962000000000003,16.03239961783332
Jawa,Jawa Timur,Kota Malang,12.0775,12.5216,12.9983,13.4809,13.9693,1.8918,15.663837714758847
Sumatera,Kep. Riau,Kota Batam,3.6666,4.324,4.7032,5.1114,5.5517,1.8851000000000004,51.412752959144726
Jawa,Jawa Barat,Tasikmalaya,12.1539,12.5421,13.0243,13.5274,14.0361,1.8821999999999992,15.486387085626829
Jawa,Jawa Tengah,Karanganyar,13.4187,14.1023,14.4913,14.8865,15.2978,1.879100000000001,14.003592002205886
Jawa,Jawa Barat,Kota Cimahi,9.1295,9.5545,10.0232,10.5076,11.0076,1.8780999999999999,20.571772824360586
Jawa,Jawa Barat,Kota Bogor,9.2593,9.6827,10.1495,10.6283,11.136,1.8766999999999996,20.26827081960839
Jawa,Jawa Timur,Blitar,14.4435,14.9328,15.3829,15.8476,16.3164,1.8729000000000013,12.967078616678792
Jawa,Jawa Tengah,Sukoharjo,12.7135,13.1109,13.585,14.0752,14.5803,1.8667999999999996,14.683604042946472
Jawa,Jawa Timur,Trenggalek,16.3151,16.7277,17.1968,17.6789,18.1758,1.8606999999999978,11.404772266182848
Jawa,Jawa Barat,Indramayu,9.4637,9.9124,10.3722,10.8344,11.3066,1.8429000000000002,19.473356086942744
Jawa,Jawa Timur,Nganjuk,13.7856,14.1924,14.657,15.1371,15.6227,1.8370999999999995,13.32622446610956
Sumatera,Sumatera Utara,Kota Tebing Tinggi,9.4221,9.8406,10.3103,10.7812,11.2473,1.8251999999999988,19.371477696055006
Jawa,Jawa Barat,Kota Bandung,10.7514,11.1595,11.6207,12.0927,12.5742,1.822799999999999,16.954071097717495
Jawa,Jawa Timur,Lumajang,14.4172,14.8487,15.3107,15.7725,16.2347,1.8175000000000008,12.606470049662907
Jawa,Jawa Timur,Tulungagung,14.5095,14.8916,15.3451,15.8247,16.3223,1.8127999999999993,12.493883317826247
Sumatera,Sumatera Utara,Langkat,8.643,9.0498,9.508,9.9727,10.441,1.798,20.80296193451348
Jawa,Jawa Barat,Kota Cirebon,9.9894,10.4096,10.8594,11.3132,11.7781,1.7887000000000004,17.905980339159512
Sumatera,Sumatera Utara,Kota Medan,9.6428,10.0447,10.491,10.9525,11.4296,1.7868000000000013,18.529887584519035
Sumatera,Bengkulu,Kota Bengkulu,7.1854,7.614,8.0612,8.5141,8.9673,1.7819000000000003,24.79889776491219
Jawa,Jawa Timur,Madiun,17.0018,17.4097,17.8624,18.3188,18.7837,1.7819000000000003,10.480654989471706
Jawa,Jawa Barat,Kota Banjar,12.6335,13.0373,13.5021,13.9656,14.4115,1.7780000000000005,14.073692959195794
Jawa,Jawa Tengah,Semarang,11.9869,12.3872,12.838,13.2953,13.7644,1.7774999999999999,14.828687984382949
Jawa,Jawa Tengah,Purworejo,15.6683,16.0444,16.5064,16.9718,17.4394,1.7710999999999988,11.303715144591301
Jawa,Jawa Tengah,Demak,9.6805,10.0868,10.5307,10.984,11.4515,1.770999999999999,18.294509581116667
Jawa,Jawa Barat,Bandung,8.1193,8.5172,8.9603,9.4187,9.8879,1.7685999999999993,21.7826659933738
Jawa,Jawa Tengah,Jepara,10.2492,10.7473,11.1538,11.576,12.0117,1.7624999999999993,17.196464114272324
Jawa,Jawa Barat,Sumedang,13.5053,13.8817,14.3315,14.7923,15.2571,1.7517999999999994,12.971203897729037
Jawa,Banten,Pandeglang,8.152,8.5556,8.9918,9.4459,9.8974,1.7454,21.410696761530915
Jawa,Jawa Tengah,Klaten,14.5012,14.8648,15.3128,15.7734,16.2459,1.7446999999999981,12.031418089537404
Jawa,Jawa Barat,Sukabumi,9.8327,10.2232,10.6658,11.1181,11.5749,1.7421999999999986,17.71842932256652
Sumatera,Sumatera Selatan,Banyu Asin,8.1124,8.8592,9.1711,9.5042,9.854,1.7416,21.46836940979242
Sumatera,Jambi,Tanjung Jabung Barat,7.1808,7.7233,8.1123,8.5108,8.9116,1.7308000000000003,24.10316399286988
Sumatera,Jambi,Batang Hari,7.2244,7.6841,8.0978,8.5218,8.9537,1.7292999999999994,23.93693593931675
Sumatera,Sumatera Utara,Deli Serdang,7.6218,8.0309,8.4626,8.902,9.3505,1.7287,22.68099399092078
Jawa,Banten,Tangerang,5.9185,6.3126,6.7317,7.175,7.647,1.7285000000000004,29.205035059559016
Jawa,Jawa Barat,Karawang,8.3432,8.8132,9.2139,9.6288,10.0667,1.7235000000000014,20.657541470898476
Jawa,DI Yogyakarta,Bantul,14.5258,14.936,15.3604,15.7968,16.2437,1.7179000000000002,11.826543116386018
Jawa,Jawa Barat,Cianjur,9.3689,9.7578,10.1937,10.6384,11.0837,1.7148000000000003,18.30310922306781
Sumatera,Sumatera Utara,Kota Binjai,8.7157,9.1162,9.5484,9.9851,10.4252,1.7095000000000002,19.61402985417121
Jawa,Jawa Timur,Kota Blitar,12.3735,12.7645,13.1895,13.6285,14.0772,1.7036999999999995,13.768941689901803
Jawa,Jawa Barat,Bogor,6.9612,7.3441,7.7613,8.1952,8.6618,1.7005999999999997,24.42969602942021
Jawa,Jawa Timur,Kota Probolinggo,10.5058,10.9014,11.3221,11.7576,12.2045,1.6986999999999988,16.169163700051385
Jawa,Jawa Barat,Ciamis,15.5829,15.9478,16.3959,16.841,17.2806,1.6976999999999993,10.894634503205431
Jawa,DKI Jakarta,Kep. Seribu,6.4759,6.8546,7.2642,7.7061,8.1502,1.6742999999999997,25.854321407063107
Sumatera,Kep. Bangka Belitung,Bangka Selatan,6.6159,6.9658,7.3899,7.8342,8.2876,1.6716999999999995,25.267915174050387
Sumatera,Sumatera Selatan,Kota Palembang,9.6421,10.026,10.4502,10.8783,11.3128,1.6707,17.327138279005613
Sumatera,Jambi,Merangin,7.1224,7.5172,7.9342,8.3599,8.7906,1.6681999999999997,23.421880265079185
Jawa,Jawa Timur,Probolinggo,12.5877,12.9527,13.368,13.8002,14.2485,1.6608,13.193832074167641
Jawa,Jawa Tengah,Magelang,13.2647,13.6265,14.0472,14.4771,14.9243,1.659600000000001,12.511402444080916
Jawa,Jawa Timur,Sumenep,15.1184,15.6043,15.9792,16.3669,16.7768,1.658400000000002,10.969414752883917
Sumatera,Sumatera Barat,Kota Padang,9.7789,10.1391,10.5595,10.9868,11.4238,1.6448999999999998,16.82091032733743
Jawa,Jawa Barat,Bekasi,5.8705,6.229,6.6256,7.0495,7.5153,1.6448,28.018056383612983
Sumatera,Sumatera Barat,Kota Sawah Lunto,10.9844,11.2982,11.7314,12.1772,12.6228,1.638399999999999,14.91569862714394
Sumatera,Aceh,Kota Banda Aceh,6.809,7.1414,7.5611,7.9967,8.4371,1.628099999999999,23.911000146864428
Sumatera,Aceh,Kota Lhokseumawe,7.1754,7.5475,7.9617,8.3834,8.8008,1.6254000000000008,22.65239568525798
Sumatera,Sumatera Utara,Serdang Bedagai,8.736,9.1248,9.5365,9.9472,10.3573,1.6212999999999997,18.558836996336993
Jawa,Jawa Timur,Pacitan,18.9604,19.2929,19.7012,20.1288,20.5782,1.617799999999999,8.532520410961789
Jawa,Jawa Tengah,Kota Salatiga,12.3278,12.7081,13.1189,13.5275,13.9435,1.6157000000000004,13.106150326903423
Jawa,Jawa Tengah,Kota Tegal,9.9407,10.3275,10.7363,11.139,11.5497,1.609,16.185982878469325
Jawa,Banten,Kota Serang,5.8708,6.2397,6.6341,7.0479,7.4791,1.6082999999999998,27.394903590652035
Sumatera,Riau,Indragiri Hulu,6.3192,6.6462,7.0599,7.4891,7.9252,1.6059999999999999,25.414609444233445
Sumatera,Sumatera Selatan,Ogan Komering Ilir,7.9077,8.2529,8.6512,9.0708,9.5053,1.5976,20.20309318765254
Sumatera,Riau,Kota Dumai,6.4679,6.8108,7.2216,7.6441,8.062,1.5940999999999992,24.646330339059034
Sumatera,Aceh,Aceh Tamiang,7.7338,8.0981,8.5039,8.914,9.3267,1.592900000000001,20.596601929193945
Sumatera,Bengkulu,Kepahiang,8.3433,8.6958,9.0895,9.5059,9.9352,1.5919000000000008,19.079980343509174
Sumatera,Lampung,Kota Metro,9.951,10.3097,10.7027,11.1133,11.5405,1.5894999999999992,15.973269018189118
Sumatera,Sumatera Selatan,Ogan Ilir,8.8633,9.2339,9.6437,10.0531,10.4524,1.5891000000000002,17.928988074419237
Jawa,Jawa Barat,Cirebon,8.4347,8.8038,9.1975,9.6009,10.0196,1.584900000000001,18.790235574472135
Sumatera,Riau,Rokan Hilir,6.2612,6.648,7.039,7.4393,7.8453,1.5841000000000003,25.300261930620334
Sumatera,Bengkulu,Rejang Lebong,8.6837,9.0669,9.4564,9.8565,10.2665,1.5828000000000007,18.227253359742974
Jawa,Jawa Barat,Kota Sukabumi,9.9112,10.2638,10.6613,11.0746,11.4908,1.579600000000001,15.937525223989034
Sumatera,Sumatera Selatan,Kota Lubuklinggau,7.6749,8.0321,8.4305,8.8404,9.2536,1.5787000000000004,20.5696491159494
Jawa,Jawa Tengah,Tegal,9.3151,9.6891,10.0853,10.4827,10.8864,1.5713000000000008,16.86831059247889
Jawa,Jawa Barat,Kota Tasikmalaya,10.2268,10.5758,10.9738,11.3808,11.7939,1.5671,15.323463840106385
Sumatera,Riau,Kampar,6.0766,6.3883,6.7893,7.2079,7.6419,1.5652999999999997,25.759470756673135
Sumatera,Lampung,Pringsewu,10.1461,10.4836,10.8775,11.2875,11.7048,1.5587,15.362553099220388
Jawa,Jawa Timur,Jember,13.4059,13.7377,14.1276,14.535,14.9583,1.5523999999999987,11.579975980724894
Jawa,Jawa Tengah,Pemalang,10.4457,10.8037,11.1988,11.5959,11.9927,1.5469999999999988,14.809921785998053
Jawa,Jawa Timur,Situbondo,15.3321,15.6801,16.0683,16.4656,16.8768,1.5446999999999989,10.074940810456486
Jawa,Jawa Barat,Majalengka,12.1299,12.4606,12.8591,13.264,13.674,1.5441000000000003,12.729700986817702
Sumatera,Sumatera Selatan,Muara Enim,8.4707,8.8151,9.2059,9.6043,10.0098,1.5390999999999995,18.169690816579497
Jawa,Jawa Barat,Bandung Barat,9.2793,9.6081,9.9975,10.4027,10.8178,1.5385000000000009,16.57991443320079
Jawa,Banten,Lebak,7.8485,8.2189,8.5936,8.9732,9.3691,1.5206,19.37440275211824
Sumatera,Aceh,Kota Langsa,8.1335,8.4714,8.86,9.2538,9.6524,1.5189000000000004,18.67461732341551
Jawa,Banten,Serang,7.2667,7.6244,7.9977,8.3826,8.7822,1.5154999999999994,20.85540892014256
Sumatera,Sumatera Selatan,Kota Prabumulih,7.2646,7.6046,7.9837,8.3763,8.7781,1.5135000000000005,20.833906890950647
Sumatera,Sumatera Barat,Kota Solok,7.94,8.2568,8.6468,9.053,9.4476,1.5075999999999992,18.987405541561703
Sumatera,Sumatera Utara,Kota Pematang Siantar,11.3105,11.6419,12.0274,12.4197,12.8166,1.5061,13.315945360505726
Sumatera,Jambi,Tebo,7.3519,7.6503,8.0405,8.4428,8.8552,1.5033000000000003,20.447775404997355
Sumatera,Lampung,Lampung Tengah,10.053,10.375,10.7544,11.1499,11.5543,1.5012999999999987,14.933850591863113
Sumatera,Riau,Siak,4.967,5.2577,5.6284,6.0304,6.4671,1.5001000000000007,30.20132876988123
Sumatera,Sumatera Utara,Labuhan Batu Selatan,4.974,5.3248,5.6954,6.0787,6.4713,1.4973,30.102533172496987
Sumatera,Lampung,Tulang Bawang Barat,9.9957,10.3052,10.684,11.0816,11.492,1.4963000000000015,14.969436857848892
Sumatera,Bengkulu,Bengkulu Selatan,9.4593,9.8089,10.1739,10.5533,10.9535,1.4941999999999993,15.796094848456008
Jawa,Jawa Timur,Ponorogo,17.8889,18.2135,18.5957,18.9838,19.3777,1.4888000000000012,8.322479302807894
Jawa,Jawa Tengah,Wonosobo,11.9171,12.2395,12.6163,13.0032,13.4047,1.4876000000000005,12.48290271962139
Sumatera,Sumatera Selatan,Ogan Komering Ulu,8.5157,8.8434,9.2172,9.6049,10.0016,1.485899999999999,17.448947238629813
Sumatera,Sumatera Utara,Kota Sibolga,7.5125,7.8794,8.2511,8.6243,8.9943,1.4818000000000007,19.724459234608993
Jawa,DI Yogyakarta,Sleman,13.9466,14.2948,14.6568,15.0335,15.4283,1.4817,10.624094761447235
Sumatera,Sumatera Selatan,Ogan Komering Ulu Timur,9.9062,10.2062,10.5834,10.9798,11.3853,1.4791000000000007,14.931053279764194
Jawa,Jawa Tengah,Wonogiri,19.2783,19.58,19.9723,20.3603,20.7554,1.4771,7.6619826436978355
Jawa,Jawa Timur,Pamekasan,10.8741,11.1866,11.5557,11.946,12.3506,1.4764999999999997,13.578135201993724
Sumatera,Riau,Indragiri Hilir,7.5916,7.8974,8.277,8.6667,9.0671,1.4755000000000003,19.435955529796097
Sumatera,Sumatera Barat,Kota Bukittinggi,9.6969,9.9894,10.3734,10.7677,11.1707,1.4738000000000007,15.198671740453143
Jawa,Jawa Barat,Garut,8.3094,8.6309,9.0027,9.3856,9.7745,1.4650999999999996,17.63183864057573
Sumatera,Sumatera Utara,Asahan,8.1141,8.4591,8.8304,9.2041,9.5788,1.4646999999999988,18.051293427490403
Sumatera,Jambi,Bungo,7.3421,7.7332,8.082,8.4374,8.8019,1.4597999999999995,19.882594897917482
Sumatera,Kep. Bangka Belitung,Bangka Tengah,6.8813,7.1965,7.5755,7.9567,8.3404,1.4591000000000003,21.20384229724035
Jawa,Jawa Barat,Kuningan,12.1842,12.4829,12.8568,13.2438,13.642,1.4577999999999989,11.964675563434604
Sumatera,Bengkulu,Seluma,8.6051,8.9474,9.3044,9.6739,10.0617,1.4566,16.927171096210387
Jawa,Jawa Timur,Kota Madiun,15.1049,15.4301,15.8022,16.1792,16.5572,1.452300000000001,9.6147607729942
Sumatera,Kep. Riau,Kota Tanjung Pinang,9.2553,9.2912,9.7617,10.2383,10.7071,1.4518000000000004,15.6861473966268
Sumatera,Sumatera Selatan,Musi Rawas Utara,7.7136,8.0405,8.4082,8.7793,9.1597,1.4461000000000013,18.747407176934264
Sumatera,Sumatera Selatan,Musi Rawas,8.8801,9.1978,9.5669,9.9432,10.3243,1.4441999999999986,16.263330367901247
Sumatera,Bengkulu,Kaur,8.7119,9.0607,9.4238,9.7869,10.1508,1.4389000000000003,16.51648894041484
Sumatera,Kep. Bangka Belitung,Belitung Timur,9.8466,10.1139,10.4906,10.8797,11.2809,1.4343000000000004,14.566449332764611
Sumatera,Jambi,Sarolangun,6.642,6.9672,7.3271,7.6968,8.075,1.432999999999999,21.574826859379687
Jawa,Jawa Tengah,Kebumen,13.2684,13.5779,13.9512,14.3254,14.6964,1.4280000000000008,10.762412951071726
Jawa,Jawa Barat,Purwakarta,8.6883,8.995,9.347,9.7171,10.1119,1.4236000000000004,16.385253732030435
Jawa,Jawa Tengah,Banyumas,13.178,13.4696,13.8361,14.214,14.5967,1.4186999999999994,10.765670056154192
Jawa,Jawa Tengah,Sragen,14.6383,14.9438,15.3117,15.678,16.0537,1.4154,9.669155571343667
Jawa,Jawa Tengah,Boyolali,13.7153,14.0101,14.3778,14.7504,15.1296,1.4143000000000008,10.311841520054251
Sumatera,Kep. Bangka Belitung,Bangka,8.8774,9.1615,9.5354,9.9116,10.2909,1.4135000000000009,15.922454772793845
Sumatera,Bengkulu,Lebong,9.5698,9.9137,10.2716,10.6274,10.9781,1.4082999999999988,14.716086020606479
Sumatera,Riau,Rokan Hulu,6.0324,6.3215,6.6798,7.0532,7.4335,1.4011000000000005,23.22624494396924
Sumatera,Sumatera Utara,Kota Tanjung Balai,7.1018,7.4254,7.7744,8.1356,8.5011,1.3992999999999993,19.703455461995542
Sumatera,Bengkulu,Bengkulu Utara,8.9443,9.2818,9.6255,9.9775,10.3381,1.3938000000000006,15.583108795545773
Sumatera,Riau,Pelalawan,4.4628,4.7478,5.098,5.4645,5.8541,1.3913000000000002,31.175495204804164
Sumatera,Sumatera Utara,Batu Bara,8.1999,8.5258,8.8787,9.236,9.5907,1.3908000000000005,16.96118245344456
Sumatera,Sumatera Barat,Kota Payakumbuh,10.2174,10.4945,10.8592,11.2276,11.6035,1.3861000000000008,13.566073560788466
Sumatera,Sumatera Utara,Tapanuli Selatan,7.9386,8.2749,8.6292,8.9816,9.3224,1.3838,17.431285113244147
Jawa,Jawa Timur,Bangkalan,10.5023,10.811,11.1592,11.5169,11.8779,1.3756000000000004,13.098083276996473
Sumatera,Aceh,Aceh Barat,8.7936,9.0708,9.412,9.7779,10.1682,1.374600000000001,15.631823144104814
Sumatera,Lampung,Lampung Selatan,8.7266,9.0307,9.3784,9.736,10.0993,1.3727,15.730066692640893
Sumatera,Riau,Kepulauan Meranti,9.4607,9.7415,10.1059,10.474,10.8315,1.370800000000001,14.489414102550564
Sumatera,Lampung,Lampung Barat,8.3925,8.6987,9.0406,9.3924,9.7597,1.3672000000000004,16.290735775990473
Sumatera,Riau,Kuantan Singingi,8.5388,8.8124,9.175,9.5318,9.8949,1.3560999999999996,15.881622710451113
Sumatera,Sumatera Barat,Pasaman Barat,6.9467,7.2423,7.5882,7.9402,8.3001,1.3534000000000006,19.482632041113053
Sumatera,Lampung,Way Kanan,8.9918,9.2938,9.6386,9.9872,10.3336,1.341800000000001,14.922484930714663
Sumatera,Sumatera Selatan,Kota Pagar Alam,9.9184,10.2006,10.5452,10.8972,11.2534,1.334999999999999,13.459832231004992
Jawa,Jawa Tengah,Brebes,10.1463,10.4323,10.7723,11.1217,11.4809,1.3346,13.153563367927223
Sumatera,Sumatera Utara,Labuhan Batu,6.7613,7.076,7.4137,7.7518,8.0917,1.3303999999999991,19.676689394051426
Sumatera,Lampung,Tulangbawang,7.904,8.2022,8.5198,8.8594,9.2296,1.3255999999999997,16.77125506072874
Sumatera,Sumatera Utara,Labuhan Batu Utara,6.5574,6.8716,7.2074,7.5434,7.8819,1.3244999999999996,20.198554305059922
Sumatera,Sumatera Barat,Kota Pariaman,10.145,10.3961,10.7386,11.0929,11.4566,1.3116000000000003,12.928536224741254
Jawa,Jawa Tengah,Banjarnegara,12.9216,13.1859,13.5219,13.8654,14.2148,1.2932000000000006,10.008048538880638
Sumatera,Aceh,Aceh Barat Daya,8.2089,8.4699,8.798,9.1426,9.5001,1.2912,15.729269451449035
Sumatera,Sumatera Barat,Tanah Datar,14.2899,14.5479,14.9011,15.247,15.5777,1.2878000000000007,9.011959495867716
Sumatera,Bengkulu,Mukomuko,7.0883,7.3907,7.7027,8.0304,8.3704,1.2820999999999998,18.087552727734433
Sumatera,Lampung,Kota Bandar Lampung,9.7934,10.0647,10.3842,10.7178,11.0704,1.2769999999999992,13.039393877509337
Sumatera,Aceh,Aceh Utara,8.1068,8.6079,8.8552,9.113,9.3803,1.2735000000000003,15.709034390881731
Sumatera,Kep. Bangka Belitung,Kota Pangkal Pinang,9.1211,9.3735,9.7125,10.0508,10.3901,1.2690000000000001,13.912795605793162
Sumatera,Kep. Bangka Belitung,Bangka Barat,7.8304,8.079,8.4101,8.7468,9.0873,1.2569000000000008,16.051542705353505
Sumatera,Lampung,Pesisir Barat,8.5791,8.8644,9.1854,9.5081,9.8325,1.2533999999999992,14.609924117914455
Sumatera,Sumatera Barat,Sijunjung,9.1561,9.4289,9.7548,10.0764,10.4034,1.2472999999999992,13.622612247572647
Sumatera,Lampung,Tanggamus,9.7983,10.0716,10.3888,10.7118,11.0445,1.2462,12.71853280671137
Sumatera,Sumatera Selatan,Musi Banyuasin,7.4827,7.755,8.0646,8.3838,8.7195,1.2367999999999997,16.52879308271078
Jawa,DI Yogyakarta,Kulon Progo,17.9651,18.2428,18.545,18.8664,19.201,1.2359000000000009,6.8794495995012594
Sumatera,Sumatera Selatan,Ogan Komering Ulu Selatan,8.7393,9.013,9.3265,9.6452,9.9733,1.234,14.1201240373943
Sumatera,Jambi,Tanjung Jabung Timur,9.6278,9.9184,10.21,10.5248,10.8585,1.2306999999999988,12.782774881073545
Sumatera,Lampung,Lampung Timur,10.9493,11.201,11.513,11.8399,12.1775,1.228200000000001,11.217155434594003
Sumatera,Aceh,Aceh Timur,6.7007,6.9761,7.2871,7.6085,7.9263,1.2256,18.29062635247064
Sumatera,Sumatera Barat,Solok,10.4969,10.7643,11.0933,11.4117,11.7171,1.2202000000000002,11.624384342043843
Sumatera,Aceh,Aceh Selatan,9.5683,9.8161,10.1249,10.4495,10.7883,1.2199999999999989,12.750436336653312
Sumatera,Sumatera Selatan,Lahat,9.7247,9.9963,10.3109,10.6273,10.9429,1.2181999999999995,12.526864581940824
Sumatera,Bengkulu,Bengkulu Tengah,7.8565,8.1459,8.4494,8.761,9.0737,1.217200000000001,15.492903964869868
Sumatera,Sumatera Barat,Pasaman,9.1045,9.3598,9.6819,10.0035,10.3185,1.2140000000000004,13.33406557196991
Sumatera,Sumatera Utara,Kota Padangsidimpuan,8.1704,8.45,8.7551,9.0675,9.3811,1.2106999999999992,14.818123959659246
Sumatera,Sumatera Selatan,Penukal Abab Lematang Ilir,7.0292,7.2909,7.5926,7.9031,8.2173,1.1880999999999995,16.902350196323898
Jawa,Jawa Timur,Magetan,18.5168,18.8036,19.1134,19.4093,19.7015,1.1846999999999994,6.397973731962322
Sumatera,Kep. Riau,Karimun,9.9855,9.8983,10.2817,10.7234,11.1626,1.1770999999999994,11.788092734464968
Sumatera,Sumatera Barat,Kota Padang Panjang,9.1669,9.3769,9.6893,10.0073,10.3393,1.1723999999999997,12.78949263109666
Jawa,Jawa Timur,Bondowoso,15.5542,15.805,16.0963,16.3979,16.7219,1.1677000000000017,7.507297064458486
Sumatera,Kep. Riau,Bintan,7.8211,7.8104,8.1928,8.5881,8.988,1.1668999999999992,14.919896178286931
Sumatera,Sumatera Barat,Dharmasraya,7.8,8.0248,8.3231,8.6355,8.9577,1.157700000000001,14.842307692307708
Sumatera,Lampung,Pesawaran,9.9064,10.1638,10.4571,10.7545,11.059,1.1525999999999996,11.634902689170634
Sumatera,Sumatera Utara,Mandailing Natal,7.6234,7.8971,8.1919,8.4809,8.7654,1.1419999999999995,14.980192564997239
Sumatera,Sumatera Utara,Simalungun,10.7575,11.0304,11.3256,11.6096,11.8861,1.1286000000000005,10.491285149895425
Sumatera,Sumatera Utara,Padang Lawas,5.6752,5.9277,6.2042,6.4974,6.8014,1.1261999999999999,19.844234564420635
Jawa,Jawa Tengah,Purbalingga,12.4969,12.7042,12.9963,13.303,13.6183,1.1213999999999995,8.973425409501552
Sumatera,Aceh,Aceh Besar,8.3539,8.5679,8.8528,9.1585,9.475,1.1211000000000002,13.420079244424763
Sumatera,Aceh,Simeulue,7.3698,7.6144,7.8944,8.188,8.484,1.1142000000000003,15.118456403158842
Jawa,Jawa Timur,Sampang,9.8401,10.074,10.3558,10.6467,10.954,1.113900000000001,11.320006910498888
Sumatera,Aceh,Aceh Tengah,7.769,7.9901,8.2708,8.5684,8.8787,1.1097000000000001,14.283691594799846
Sumatera,Sumatera Barat,Pesisir Selatan,10.6592,10.9133,11.2037,11.4818,11.7646,1.1053999999999995,10.370384268988285
Sumatera,Lampung,Mesuji,8.2235,8.452,8.7285,9.0193,9.3088,1.0853000000000002,13.1975436249772
Sumatera,Aceh,Bireuen,8.9061,9.1174,9.3955,9.6838,9.9862,1.0800999999999998,12.127642851528725
Sumatera,Sumatera Barat,Kepulauan Mentawai,6.5645,6.7894,7.0543,7.3359,7.635,1.0705,16.307411074720086
Sumatera,Sumatera Utara,Kota Gunungsitoli,6.6653,6.9206,7.1913,7.461,7.7283,1.0629999999999997,15.948269395226017
Sumatera,Sumatera Barat,Agam,13.358,14.0065,14.1362,14.2738,14.4161,1.0580999999999996,7.921095972450963
Sumatera,Sumatera Utara,Karo,9.8714,10.0683,10.3246,10.5982,10.8917,1.0203000000000007,10.335919930303712
Sumatera,Sumatera Utara,Dairi,9.3353,9.5919,9.8557,10.1063,10.3471,1.0117999999999991,10.838430473578772
Sumatera,Aceh,Nagan Raya,9.2671,9.4611,9.7167,9.9755,10.2517,0.9846000000000004,10.624683018420008
Sumatera,Aceh,Aceh Tenggara,7.2553,7.4712,7.7205,7.9722,8.2391,0.9838000000000005,13.559742533044814
Sumatera,Sumatera Utara,Nias Selatan,5.6616,6.0407,6.229,6.4258,6.6333,0.9717000000000002,17.162992793556594
Sumatera,Sumatera Utara,Nias Utara,6.4804,7.0898,7.197,7.3085,7.4258,0.9453999999999994,14.588605641627051
Sumatera,Kep. Riau,Kepulauan Anambas,8.4026,8.3244,8.6781,9.0113,9.3448,0.9421999999999997,11.213195915549946
Sumatera,Aceh,Aceh Singkil,5.4018,5.596,5.8334,6.083,6.3405,0.9386999999999999,17.377540819726754
Sumatera,Aceh,Bener Meriah,7.3248,7.4989,7.7406,7.9964,8.2634,0.938600000000001,12.814001747488
Sumatera,Sumatera Utara,Tapanuli Utara,10.7988,11.0081,11.2528,11.4893,11.7143,0.9154999999999998,8.477793828943954
Sumatera,Sumatera Utara,Nias,6.6795,7.3271,7.4119,7.4952,7.5802,0.9006999999999996,13.484542256156892
Sumatera,Sumatera Utara,Padang Lawas Utara,5.8757,6.0788,6.2947,6.5199,6.7531,0.8773999999999997,14.932688871113225
Sumatera,Sumatera Barat,Solok Selatan,8.468,8.6299,8.8524,9.0843,9.3271,0.8590999999999998,10.145252716107697
Sumatera,Sumatera Utara,Humbang Hasundutan,10.227,10.6858,10.8046,10.9433,11.0839,0.8568999999999996,8.378801212476771
Sumatera,Kep. Riau,Natuna,8.4864,8.4043,8.7271,9.0413,9.3388,0.8524000000000012,10.04430618401208
Sumatera,Sumatera Barat,Lima Puluh Kota,12.5807,12.7964,13.0056,13.213,13.4273,0.8466000000000005,6.72935528229749
Sumatera,Aceh,Kota Sabang,8.6754,8.8496,9.0591,9.2777,9.5077,0.8323,9.593793946100469
Sumatera,Aceh,Kota Subulussalam,4.6247,4.7919,4.9921,5.2059,5.436,0.8113000000000001,17.54275953034792
Sumatera,Sumatera Utara,Samosir,11.0568,11.3753,11.5468,11.7071,11.8654,0.8085999999999984,7.313146660878359
Jawa,DI Yogyakarta,Gunung Kidul,20.3805,20.5497,20.7364,20.9398,21.1693,0.7887999999999984,3.8703662814945576
Sumatera,Jambi,Kerinci,12.3552,11.881,12.2887,12.707,13.1356,0.7804000000000002,6.3163688163688185
Sumatera,Sumatera Utara,Tapanuli Tengah,7.8296,7.9989,8.1948,8.3912,8.5858,0.7562000000000006,9.658220087871674
Sumatera,Sumatera Selatan,Empat Lawang,9.8731,9.7516,10.0297,10.3125,10.6148,0.7416999999999998,7.512331486564501
Sumatera,Kep. Riau,Lingga,11.8216,11.6111,11.9321,12.2325,12.5218,0.7002000000000006,5.923056100697035
Sumatera,Sumatera Utara,Toba Samosir / Toba,10.7522,10.8875,11.0651,11.2495,11.4443,0.6920999999999999,6.4368222317293196
Sumatera,Aceh,Gayo Lues,6.2352,6.3434,6.5185,6.7093,6.9191,0.6839000000000004,10.96837310751861
Sumatera,Sumatera Utara,Nias Barat,6.6393,6.8135,6.9855,7.1454,7.2945,0.6551999999999998,9.86851023451267
Sumatera,Sumatera Barat,Padang Pariaman,12.0148,12.1202,12.3031,12.4811,12.6587,0.6439000000000004,5.359223624196828
Sumatera,Aceh,Pidie,10.2133,10.3662,10.513,10.6754,10.8519,0.6386000000000003,6.252631372817799
Sumatera,Aceh,Aceh Jaya,8.1259,8.2167,8.3744,8.5592,8.7581,0.632200000000001,7.780061285519155
Sumatera,Aceh,Pidie Jaya,9.9882,10.0686,10.2139,10.3753,10.548,0.5597999999999992,5.604613443863751
Sumatera,Jambi,Kota Sungai Penuh,11.9304,11.5034,11.8029,12.1137,12.4446,0.5141999999999989,4.309997988332318
Sumatera,Sumatera Utara,Pakpak Bharat,6.6971,6.7884,6.9027,7.0326,7.1746,0.47750000000000004,7.129951770169178
