Pulau,Provinsi,Kab_kota,2020,2021,2022,2023,2024,delta_jumlah_lansia,pertumbuhan_jumlah_lansia
Jawa,Banten,Kota Cilegon,28874,31210,33773,36464,39227,10353,35.85578721340999
Jawa,Banten,Kota Serang,40632,43737,47262,51012,54961,14329,35.265308131521955
Jawa,Banten,Kota Tangerang,143212,154104,165955,178276,190783,47571,33.21718850375667
Jawa,Banten,Kota Tangerang Selatan,115562,124374,134020,144073,154218,38656,33.450442186878035
Jawa,Banten,Lebak,108842,115117,121802,128648,135778,26936,24.747799562668824
Jawa,Banten,Pandeglang,103749,109909,116790,124003,131235,27486,26.492785472631063
Jawa,Banten,Serang,117911,125049,132872,141006,149456,31545,26.753229130445845
Jawa,Banten,Tangerang,192092,207035,223603,241267,260035,67943,35.37003102679966
Jawa,DI Yogyakarta,Bantul,143191,148147,153727,159458,165320,22129,15.45418357298992
Jawa,DI Yogyakarta,Gunung Kidul,152275,153767,155462,157260,159233,6958,4.569364636348712
Jawa,DI Yogyakarta,Kota Yogyakarta,53815,56198,58468,60750,63001,9186,17.069590262937844
Jawa,DI Yogyakarta,Kulon Progo,78399,79939,81725,83588,85505,7106,9.063891121060218
Jawa,DI Yogyakarta,Sleman,157011,162125,167946,173982,180275,23264,14.816796275420193
Jawa,DKI Jakarta,Kep. Seribu,1797,1919,2053,2198,2348,551,30.662214802448524
Jawa,DKI Jakarta,Kota Jakarta Barat,216633,229961,244175,258933,274085,57452,26.52042855889915
Jawa,DKI Jakarta,Kota Jakarta Pusat,111771,118468,125089,131968,139019,27248,24.37841658390817
Jawa,DKI Jakarta,Kota Jakarta Selatan,206441,219931,233602,247943,262675,56234,27.239744043092216
Jawa,DKI Jakarta,Kota Jakarta Timur,264608,282152,300757,320069,339795,75187,28.414484822832264
Jawa,DKI Jakarta,Kota Jakarta Utara,152930,162128,171894,181995,192336,39406,25.76734453671615
Jawa,Jawa Barat,Bandung,294226,311083,330389,350482,371104,76878,26.128894115407885
Jawa,Jawa Barat,Bandung Barat,165945,173754,183377,193452,203828,37883,22.82864804603935
Jawa,Jawa Barat,Bekasi,182750,196134,211612,228223,246041,63291,34.632558139534886
Jawa,Jawa Barat,Bogor,377790,402760,431240,461143,492192,114402,30.281902644326212
Jawa,Jawa Barat,Ciamis,191524,196928,203854,210772,217602,26078,13.616048119295755
Jawa,Jawa Barat,Cianjur,232119,244008,257882,272145,286514,54395,23.43410061218599
Jawa,Jawa Barat,Cirebon,191520,202605,214428,226623,239263,47743,24.928467000835422
Jawa,Jawa Barat,Garut,214848,225570,238478,251878,265568,50720,23.607387548406315
Jawa,Jawa Barat,Indramayu,173606,183552,194314,205238,216412,42806,24.65698190154718
Jawa,Jawa Barat,Karawang,203497,217296,229997,243224,257141,53644,26.36107657606746
Jawa,Jawa Barat,Kota Bandung,262781,274681,288676,303117,317897,55116,20.97411913342289
Jawa,Jawa Barat,Kota Banjar,25390,26429,27698,28980,30234,4844,19.07837731390311
Jawa,Jawa Barat,Kota Bekasi,209163,225656,243707,262268,280895,71732,34.294784450404705
Jawa,Jawa Barat,Kota Bogor,96581,101757,107680,113799,120085,23504,24.33604953355215
Jawa,Jawa Barat,Kota Cimahi,51892,54886,58400,62077,65902,14010,26.99838125337239
Jawa,Jawa Barat,Kota Cirebon,33295,34956,36807,38689,40617,7322,21.991289983481003
Jawa,Jawa Barat,Kota Depok,164223,175422,188479,202194,216208,51985,31.655127479098542
Jawa,Jawa Barat,Kota Sukabumi,34325,35939,37892,39940,42026,7701,22.43554260742899
Jawa,Jawa Barat,Kota Tasikmalaya,73240,76473,80381,84418,88540,15300,20.89022392135445
Jawa,Jawa Barat,Kuningan,142273,146792,152869,159159,165604,23331,16.39875450717986
Jawa,Jawa Barat,Majalengka,158353,163857,170769,177819,184946,26593,16.79349301876188
Jawa,Jawa Barat,Pangandaran,62991,65270,68022,70786,73525,10534,16.723023924052644
Jawa,Jawa Barat,Purwakarta,86698,90753,95636,100773,106210,19512,22.505709474266997
Jawa,Jawa Barat,Subang,183965,204128,212792,221697,230825,46860,25.47223656673824
Jawa,Jawa Barat,Sukabumi,267985,280878,296010,311573,327342,59357,22.149374032128662
Jawa,Jawa Barat,Sumedang,155649,160925,167513,174288,181122,25473,16.36566890889116
Jawa,Jawa Barat,Tasikmalaya,226695,235401,246447,257973,269623,42928,18.93645647235272
Jawa,Jawa Tengah,Banjarnegara,131512,135249,140168,145202,150330,18818,14.308960399051038
Jawa,Jawa Tengah,Banyumas,234162,241178,250393,259913,269615,35453,15.140372904228697
Jawa,Jawa Tengah,Batang,83605,88124,93348,98725,104196,20591,24.628909754201302
Jawa,Jawa Tengah,Blora,125280,129961,135773,141683,147620,22340,17.83205619412516
Jawa,Jawa Tengah,Boyolali,145754,149906,155304,160798,166403,20649,14.167021145217284
Jawa,Jawa Tengah,Brebes,200770,208293,217611,227224,237138,36368,18.11426009862031
Jawa,Jawa Tengah,Cilacap,237548,253530,264514,275864,287358,49810,20.968393756209274
Jawa,Jawa Tengah,Demak,116549,122497,129278,136257,143484,26935,23.110451398124393
Jawa,Jawa Tengah,Grobogan,176741,184385,193567,203016,212589,35848,20.2827866765493
Jawa,Jawa Tengah,Jepara,121448,128589,134843,141353,148090,26642,21.93696067452737
Jawa,Jawa Tengah,Karanganyar,125057,132687,137394,142183,147151,22094,17.66714378243521
Jawa,Jawa Tengah,Kebumen,179182,185034,192555,200206,207918,28736,16.03732517775223
Jawa,Jawa Tengah,Kendal,111179,117218,124093,131084,138195,27016,24.299552973133416
Jawa,Jawa Tengah,Klaten,182789,188291,195343,202591,210027,27238,14.901334325369689
Jawa,Jawa Tengah,Kota Magelang,17381,18085,18919,19779,20642,3261,18.761866405845463
Jawa,Jawa Tengah,Kota Pekalongan,28748,30486,32453,34465,36528,7780,27.062752191456795
Jawa,Jawa Tengah,Kota Salatiga,23709,24669,25784,26909,28064,4355,18.36855202665654
Jawa,Jawa Tengah,Kota Semarang,177373,187151,198222,209536,221043,43670,24.62043264758447
Jawa,Jawa Tengah,Kota Surakarta,68718,71611,74761,77918,81108,12390,18.0302104252161
Jawa,Jawa Tengah,Kota Tegal,27220,28545,30023,31499,33014,5794,21.285819250551068
Jawa,Jawa Tengah,Kudus,82292,87277,92923,98738,104784,22492,27.331939921256016
Jawa,Jawa Tengah,Magelang,172423,178262,185362,192640,200202,27779,16.11095967475337
Jawa,Jawa Tengah,Pati,171124,180782,189265,197864,206575,35451,20.71655641523106
Jawa,Jawa Tengah,Pekalongan,95781,105113,110192,115415,120723,24942,26.04065524477715
Jawa,Jawa Tengah,Pemalang,153708,160572,168556,176677,184889,31181,20.285866708304056
Jawa,Jawa Tengah,Purbalingga,124789,127825,132150,136666,141309,16520,13.238346328602683
Jawa,Jawa Tengah,Purworejo,120627,124259,128983,133783,138649,18022,14.940270420386812
Jawa,Jawa Tengah,Rembang,81676,85120,89108,93125,97153,15477,18.949262941378127
Jawa,Jawa Tengah,Semarang,126233,131496,137525,143675,150000,23767,18.827881774179495
Jawa,Jawa Tengah,Sragen,143009,146796,151587,156386,161301,18292,12.7908033760113
Jawa,Jawa Tengah,Sukoharjo,115386,119861,125462,131277,137295,21909,18.98757214913421
Jawa,Jawa Tengah,Tegal,148761,156322,164829,173471,182325,33564,22.562365136023555
Jawa,Jawa Tengah,Temanggung,106027,110078,114955,119964,125145,19118,18.031256189461175
Jawa,Jawa Tengah,Wonogiri,201107,204532,209292,214004,218792,17685,8.79382617213722
Jawa,Jawa Tengah,Wonosobo,104766,108611,113373,118285,123391,18625,17.777714143901648
Jawa,Jawa Timur,Bangkalan,111364,115625,120604,125739,130956,19592,17.59275888078733
Jawa,Jawa Timur,Banyuwangi,238587,251274,259924,268975,278325,39738,16.655559607187314
Jawa,Jawa Timur,Blitar,176751,184059,191240,198658,206181,29430,16.650542288303885
Jawa,Jawa Timur,Bojonegoro,180558,188533,197260,206132,215100,34542,19.13069484597747
Jawa,Jawa Timur,Bondowoso,120724,123191,126173,129241,132489,11765,9.745369603392863
Jawa,Jawa Timur,Gresik,132220,139393,147386,155639,164175,31955,24.168053244592347
Jawa,Jawa Timur,Jember,340071,350429,362958,375993,389488,49417,14.531377271216893
Jawa,Jawa Timur,Jombang,155891,162691,170535,178661,187010,31119,19.962024748061143
Jawa,Jawa Timur,Kediri,209608,222779,232808,243271,253909,44301,21.13516659669478
Jawa,Jawa Timur,Kota Batu,24909,26117,27486,28890,30311,5402,21.686940463286362
Jawa,Jawa Timur,Kota Blitar,18455,19185,20027,20901,21801,3346,18.13058791655378
Jawa,Jawa Timur,Kota Kediri,33647,35264,37079,38915,40777,7130,21.190596487056794
Jawa,Jawa Timur,Kota Madiun,29481,30304,31318,32357,33407,3926,13.317051660391439
Jawa,Jawa Timur,Kota Malang,101911,106408,111478,116647,121909,19998,19.6230043861801
Jawa,Jawa Timur,Kota Mojokerto,15018,15771,16601,17432,18284,3266,21.74723664935411
Jawa,Jawa Timur,Kota Pasuruan,20016,21203,22539,23919,25303,5287,26.413868904876097
Jawa,Jawa Timur,Kota Probolinggo,25177,26349,27666,29039,30455,5278,20.96357786868968
Jawa,Jawa Timur,Kota Surabaya,313903,329134,345274,361742,378637,64734,20.622294148192278
Jawa,Jawa Timur,Lamongan,193001,200615,209100,217631,226161,33160,17.181258128196227
Jawa,Jawa Timur,Lumajang,161365,167035,173342,179671,186025,24660,15.28212437641372
Jawa,Jawa Timur,Madiun,126553,130074,134134,138215,142350,15797,12.4825172062298
Jawa,Jawa Timur,Magetan,124213,126655,129528,132305,135054,10841,8.727749913455114
Jawa,Jawa Timur,Malang,340310,354732,371118,387849,404812,64502,18.953894978108195
Jawa,Jawa Timur,Mojokerto,125529,132132,139535,147199,155139,29610,23.58817484405994
Jawa,Jawa Timur,Nganjuk,152180,157496,163768,170246,176814,24634,16.187409646471284
Jawa,Jawa Timur,Ngawi,145244,150174,155459,160647,165807,20563,14.157555561675524
Jawa,Jawa Timur,Pacitan,111129,113146,115699,118352,121117,9988,8.987752971771545
Jawa,Jawa Timur,Pamekasan,92436,95913,100155,104625,109265,16829,18.206110173525467
Jawa,Jawa Timur,Pasuruan,172231,181515,191639,201992,212611,40380,23.44525666111211
Jawa,Jawa Timur,Ponorogo,169823,173349,177729,182147,186596,16773,9.876754032139345
Jawa,Jawa Timur,Probolinggo,145078,150184,156183,162419,168879,23801,16.405657646231685
Jawa,Jawa Timur,Sampang,95419,98706,102768,106949,111320,15901,16.664395979836303
Jawa,Jawa Timur,Sidoarjo,196878,209639,223870,238707,254285,57407,29.15866678856957
Jawa,Jawa Timur,Situbondo,105173,108054,111377,114769,118259,13086,12.442356878666578
Jawa,Jawa Timur,Sumenep,169997,176678,182098,187661,193468,23471,13.80671423613358
Jawa,Jawa Timur,Trenggalek,119284,122761,126851,131032,135322,16038,13.445223164883807
Jawa,Jawa Timur,Tuban,162443,169585,177314,185057,192804,30361,18.69024827170146
Jawa,Jawa Timur,Tulungagung,158121,163035,169018,175307,181806,23685,14.979035042783693
Sumatera,Aceh,Aceh Barat,17476,18182,19072,20022,21030,3554,20.336461432822155
Sumatera,Aceh,Aceh Barat Daya,12377,12918,13616,14353,15123,2746,22.186313323099295
Sumatera,Aceh,Aceh Besar,33878,35156,36863,38683,40577,6699,19.773894562843143
Sumatera,Aceh,Aceh Jaya,7570,7759,8044,8357,8688,1118,14.768824306472919
Sumatera,Aceh,Aceh Selatan,22238,23007,23989,25024,26107,3869,17.398147315406064
Sumatera,Aceh,Aceh Singkil,6834,7187,7634,8107,8603,1769,25.885279484928297
Sumatera,Aceh,Aceh Tamiang,22765,24085,25626,27207,28823,6058,26.61102569734241
Sumatera,Aceh,Aceh Tengah,16748,17411,18269,19179,20132,3384,20.20539765942202
Sumatera,Aceh,Aceh Tenggara,16024,16711,17549,18407,19315,3291,20.537943085371943
Sumatera,Aceh,Aceh Timur,28304,29780,31520,33335,35164,6860,24.236856981345394
Sumatera,Aceh,Aceh Utara,48867,52545,54700,56947,59282,10415,21.31295148054925
Sumatera,Aceh,Bener Meriah,11818,12260,12877,13531,14216,2398,20.291081401252328
Sumatera,Aceh,Bireuen,38868,40233,42027,43891,45844,6976,17.947926314706187
Sumatera,Aceh,Gayo Lues,6206,6409,6712,7037,7389,1183,19.062197873026104
Sumatera,Aceh,Kota Banda Aceh,17220,18246,19567,20949,22360,5140,29.84901277584204
Sumatera,Aceh,Kota Langsa,15126,15955,16970,18020,19103,3977,26.29247653047732
Sumatera,Aceh,Kota Lhokseumawe,13541,14426,15466,16545,17637,4096,30.248873790709695
Sumatera,Aceh,Kota Sabang,3574,3688,3831,3979,4133,559,15.640738668158926
Sumatera,Aceh,Kota Subulussalam,4197,4430,4725,5042,5385,1188,28.305932809149393
Sumatera,Aceh,Nagan Raya,15605,16089,16734,17392,18087,2482,15.905158603011854
Sumatera,Aceh,Pidie,44456,45505,46631,47835,49110,4654,10.4687781176894
Sumatera,Aceh,Pidie Jaya,15821,16116,16569,17053,17559,1738,10.985399153024462
Sumatera,Aceh,Simeulue,6844,7163,7547,7952,8368,1524,22.2676797194623
Sumatera,Bengkulu,Bengkulu Selatan,15726,16448,17254,18095,18984,3258,20.717283479587945
Sumatera,Bengkulu,Bengkulu Tengah,9169,9611,10103,10613,11131,1962,21.398189551750463
Sumatera,Bengkulu,Bengkulu Utara,26522,27797,29176,30597,32061,5539,20.884548676570393
Sumatera,Bengkulu,Kaur,11025,11581,12199,12827,13466,2441,22.140589569160998
Sumatera,Bengkulu,Kepahiang,12493,13142,13899,14701,15534,3041,24.34163131353558
Sumatera,Bengkulu,Kota Bengkulu,26844,28837,31029,33300,35629,8785,32.7261212933989
Sumatera,Bengkulu,Lebong,10172,10652,11186,11727,12268,2096,20.605583955957528
Sumatera,Bengkulu,Mukomuko,13503,14254,15086,15964,16883,3380,25.031474487151
Sumatera,Bengkulu,Rejang Lebong,24023,25322,26716,28161,29653,5630,23.435873954127295
Sumatera,Bengkulu,Seluma,17888,18786,19776,20805,21885,3997,22.3445885509839
Sumatera,Jambi,Batang Hari,21796,23427,25009,26650,28343,6547,30.037621581941643
Sumatera,Jambi,Bungo,26605,28332,30018,31757,33559,6954,26.13794399548957
Sumatera,Jambi,Kerinci,30920,29910,31148,32418,33720,2800,9.055627425614489
Sumatera,Jambi,Kota Jambi,49918,54139,57650,61297,65056,15138,30.32573420409472
Sumatera,Jambi,Kota Sungai Penuh,11526,11222,11644,12086,12550,1024,8.884261669269478
Sumatera,Jambi,Merangin,25217,26920,28824,30797,32825,7608,30.170123329499944
Sumatera,Jambi,Muaro Jambi,25512,28814,31100,33491,35964,10452,40.9689557855127
Sumatera,Jambi,Sarolangun,19265,20444,21826,23263,24751,5486,28.476511808980014
Sumatera,Jambi,Tanjung Jabung Barat,22799,24808,26434,28126,29860,7061,30.970656607745955
Sumatera,Jambi,Tanjung Jabung Timur,22126,23013,23933,24915,25949,3823,17.27831510440206
Sumatera,Jambi,Tebo,24825,26122,27833,29614,31459,6634,26.72306143001007
Sumatera,Kep. Bangka Belitung,Bangka,28964,30186,31825,33495,35201,6237,21.53362795194034
Sumatera,Kep. Bangka Belitung,Bangka Barat,16022,16712,17650,18618,19612,3590,22.406690800149796
Sumatera,Kep. Bangka Belitung,Bangka Selatan,13112,13955,15009,16125,17279,4167,31.78004881025015
Sumatera,Kep. Bangka Belitung,Bangka Tengah,13690,14482,15481,16505,17555,3865,28.232286340394445
Sumatera,Kep. Bangka Belitung,Belitung,17313,19200,20154,21153,22191,4878,28.1753595564027
Sumatera,Kep. Bangka Belitung,Belitung Timur,12507,12957,13607,14283,14985,2478,19.812904773326938
Sumatera,Kep. Bangka Belitung,Kota Pangkal Pinang,19936,20709,21772,22849,23943,4007,20.099317817014445
Sumatera,Kep. Riau,Bintan,12476,12589,13400,14247,15117,2641,21.16864379608849
Sumatera,Kep. Riau,Karimun,25309,25237,26506,27945,29396,4087,16.148405705480265
Sumatera,Kep. Riau,Kepulauan Anambas,3983,3977,4204,4424,4647,664,16.670851117248304
Sumatera,Kep. Riau,Kota Batam,43867,52543,58132,64231,70891,27024,61.60439510338067
Sumatera,Kep. Riau,Kota Tanjung Pinang,21071,21327,22667,24044,25422,4351,20.649233543733093
Sumatera,Kep. Riau,Lingga,11660,11497,11936,12358,12773,1113,9.545454545454547
Sumatera,Kep. Riau,Natuna,6916,6915,7281,7645,8000,1084,15.6737998843262
Sumatera,Lampung,Kota Bandar Lampung,114197,118406,123514,128836,134432,20235,17.719379668467646
Sumatera,Lampung,Kota Metro,16785,17539,18409,19323,20278,3493,20.810247244563598
Sumatera,Lampung,Lampung Barat,25357,26546,27922,29345,30833,5476,21.595614623180975
Sumatera,Lampung,Lampung Selatan,92877,97145,102268,107582,113043,20166,21.712587615879066
Sumatera,Lampung,Lampung Tengah,146778,152895,160369,168177,176213,29435,20.054095300385615
Sumatera,Lampung,Lampung Timur,121574,125387,130227,135280,140501,18927,15.56829585273167
Sumatera,Lampung,Lampung Utara,58700,64450,67492,70639,73832,15132,25.778534923339013
Sumatera,Lampung,Mesuji,18710,19475,20442,21460,22490,3780,20.203099946552648
Sumatera,Lampung,Pesawaran,47300,48996,51051,53157,55328,8028,16.972515856236786
Sumatera,Lampung,Pesisir Barat,13958,14592,15357,16140,16943,2985,21.3855853274108
Sumatera,Lampung,Pringsewu,41139,42913,45084,47361,49708,8569,20.82938331024089
Sumatera,Lampung,Tanggamus,62736,65114,68004,70970,74039,11303,18.01676868145881
Sumatera,Lampung,Tulang Bawang Barat,28604,29750,31213,32744,34326,5722,20.004195217452107
Sumatera,Lampung,Tulangbawang,33989,35636,37476,39439,41564,7575,22.286622142457855
Sumatera,Lampung,Way Kanan,42583,44471,46733,49048,51385,8802,20.67022051053237
Sumatera,Riau,Bengkalis,39468,44801,48216,51749,55364,15896,40.275666362622886
Sumatera,Riau,Indragiri Hilir,49718,52237,55413,58699,62097,12379,24.8984271290076
Sumatera,Riau,Indragiri Hulu,28092,29881,32190,34616,37119,9027,32.13370354549338
Sumatera,Riau,Kampar,51124,54469,58859,63504,68383,17259,33.759095532430955
Sumatera,Riau,Kepulauan Meranti,19500,20243,21204,22183,23149,3649,18.712820512820514
Sumatera,Riau,Kota Dumai,20489,21820,23447,25142,26849,6360,31.04104641514959
Sumatera,Riau,Kota Pekanbaru,66725,72278,78080,84185,90490,23765,35.616335706257026
Sumatera,Riau,Kuantan Singingi,28600,29788,31367,32943,34558,5958,20.832167832167833
Sumatera,Riau,Pelalawan,17407,18773,20496,22325,24291,6884,39.54730855402999
Sumatera,Riau,Rokan Hilir,39894,42880,46072,49394,52824,12930,32.410888855466986
Sumatera,Riau,Rokan Hulu,33865,35923,38527,41274,44117,10252,30.273143363354492
Sumatera,Riau,Siak,22746,24368,26471,28769,31285,8539,37.54066649081157
Sumatera,Sumatera Barat,Agam,70682,75244,76974,78776,80629,9947,14.072889844656347
Sumatera,Sumatera Barat,Dharmasraya,17830,18585,19624,20718,21859,4029,22.596747055524396
Sumatera,Sumatera Barat,Kepulauan Mentawai,5752,6023,6355,6707,7082,1330,23.12239221140473
Sumatera,Sumatera Barat,Kota Bukittinggi,11736,12185,12763,13357,13965,2229,18.99284253578732
Sumatera,Sumatera Barat,Kota Padang,88894,93230,98348,103599,109003,20109,22.621324273854253
Sumatera,Sumatera Barat,Kota Padang Panjang,5162,5339,5598,5867,6147,985,19.08175125920186
Sumatera,Sumatera Barat,Kota Pariaman,9559,9866,10316,10783,11266,1707,17.857516476618894
Sumatera,Sumatera Barat,Kota Payakumbuh,14261,14792,15518,16261,17026,2765,19.388542177967885
Sumatera,Sumatera Barat,Kota Sawah Lunto,7155,7435,7834,8251,8675,1520,21.24388539482879
Sumatera,Sumatera Barat,Kota Solok,5831,6158,6591,7047,7507,1676,28.742925741725262
Sumatera,Sumatera Barat,Lima Puluh Kota,48250,49528,50950,52380,53855,5605,11.61658031088083
Sumatera,Sumatera Barat,Padang Pariaman,51739,52861,54589,56338,58125,6386,12.342720191731575
Sumatera,Sumatera Barat,Pasaman,27300,28397,29850,31331,32821,5521,20.223443223443223
Sumatera,Sumatera Barat,Pasaman Barat,29987,31640,33654,35735,37887,7900,26.344749391402942
Sumatera,Sumatera Barat,Pesisir Selatan,53767,55657,58003,60320,62695,8928,16.604980750274333
Sumatera,Sumatera Barat,Sijunjung,21521,22386,23469,24557,25673,4152,19.292783792574696
Sumatera,Sumatera Barat,Solok,41095,42537,44405,46260,48090,6995,17.021535466601776
Sumatera,Sumatera Barat,Solok Selatan,15414,15926,16646,17400,18191,2777,18.016089269495264
Sumatera,Sumatera Barat,Tanah Datar,53116,54489,56492,58499,60477,7361,13.858347767151141
Sumatera,Sumatera Selatan,Banyu Asin,67894,75338,79088,83087,87297,19403,28.578372168380124
Sumatera,Sumatera Selatan,Empat Lawang,32939,32656,33959,35287,36689,3750,11.384680773551109
Sumatera,Sumatera Selatan,Kota Lubuklinggau,17972,19009,20221,21480,22768,4796,26.68595593144892
Sumatera,Sumatera Selatan,Kota Pagar Alam,14267,14788,15441,16110,16790,2523,17.684166257797713
Sumatera,Sumatera Selatan,Kota Palembang,160912,168476,176993,185625,194403,33491,20.81323953465248
Sumatera,Sumatera Selatan,Kota Prabumulih,14035,14851,15808,16809,17847,3812,27.16066975418596
Sumatera,Sumatera Selatan,Lahat,41823,43397,45322,47286,49274,7451,17.815556033761325
Sumatera,Sumatera Selatan,Muara Enim,51917,54552,57666,60870,64159,12242,23.57994491207119
Sumatera,Sumatera Selatan,Musi Banyuasin,46558,48749,51340,54024,56847,10289,22.099316980969974
Sumatera,Sumatera Selatan,Musi Rawas,35127,36708,38599,40538,42514,7387,21.029407578216187
Sumatera,Sumatera Selatan,Musi Rawas Utara,14568,15349,16266,17204,18174,3606,24.752883031301483
Sumatera,Sumatera Selatan,Ogan Ilir,36920,38845,41071,43333,45587,8667,23.475081256771396
Sumatera,Sumatera Selatan,Ogan Komering Ilir,60838,64158,68131,72333,76716,15878,26.09881981656202
Sumatera,Sumatera Selatan,Ogan Komering Ulu,31304,32805,34574,36415,38310,7006,22.380526450293893
Sumatera,Sumatera Selatan,Ogan Komering Ulu Selatan,35742,37246,39055,40914,42839,7097,19.85619159532203
Sumatera,Sumatera Selatan,Ogan Komering Ulu Timur,64376,66856,70026,73349,76758,12382,19.233875978625576
Sumatera,Sumatera Selatan,Penukal Abab Lematang Ilir,13700,14372,15180,16018,16877,3177,23.189781021897808
Sumatera,Sumatera Utara,Asahan,62475,65937,69860,73869,77945,15470,24.761904761904763
Sumatera,Sumatera Utara,Batu Bara,33675,35498,37603,39764,41946,8271,24.561247216035635
Sumatera,Sumatera Utara,Dairi,28824,30034,31432,32820,34206,5382,18.67194004995837
Sumatera,Sumatera Utara,Deli Serdang,147211,157048,168163,179656,191543,44332,30.11459741459538
Sumatera,Sumatera Utara,Humbang Hasundutan,20224,21368,21861,22401,22952,2728,13.48892405063291
Sumatera,Sumatera Utara,Karo,39979,41208,42855,44597,46450,6471,16.1859976487656
Sumatera,Sumatera Utara,Kota Binjai,25436,26903,28573,30282,32023,6587,25.896367353357448
Sumatera,Sumatera Utara,Kota Gunungsitoli,9066,9552,10102,10661,11224,2158,23.803220825060666
Sumatera,Sumatera Utara,Kota Medan,234827,246010,258280,270982,284173,49346,21.01376758209235
Sumatera,Sumatera Utara,Kota Padangsidimpuan,18392,19296,20338,21419,22521,4129,22.449978251413658
Sumatera,Sumatera Utara,Kota Pematang Siantar,30341,31459,32783,34134,35509,5168,17.033057578853697
Sumatera,Sumatera Utara,Kota Sibolga,6730,7116,7492,7871,8252,1522,22.61515601783061
Sumatera,Sumatera Utara,Kota Tanjung Balai,12501,13225,14044,14902,15782,3281,26.245900327973764
Sumatera,Sumatera Utara,Kota Tebing Tinggi,16285,17179,18226,19289,20355,4070,24.9923242247467
Sumatera,Sumatera Utara,Labuhan Batu,33394,35365,37580,39831,42121,8727,26.1334371443972
Sumatera,Sumatera Utara,Labuhan Batu Selatan,15623,16980,18504,20108,21781,6158,39.41624527939576
Sumatera,Sumatera Utara,Labuhan Batu Utara,25049,26642,28458,30314,32217,7168,28.615912810890652
Sumatera,Sumatera Utara,Langkat,89040,94193,100221,106380,112625,23585,26.488095238095237
Sumatera,Sumatera Utara,Mandailing Natal,36050,37880,40011,42148,44297,8247,22.876560332871012
Sumatera,Sumatera Utara,Nias,9797,10954,11237,11517,11797,2000,20.414412575278146
Sumatera,Sumatera Utara,Nias Barat,5975,6229,6524,6812,7094,1119,18.728033472803347
Sumatera,Sumatera Utara,Nias Selatan,20412,22190,23358,24581,25867,5455,26.724475798549875
Sumatera,Sumatera Utara,Nias Utara,9544,10647,11013,11392,11783,2239,23.459765297569156
Sumatera,Sumatera Utara,Padang Lawas,14813,15716,16778,17910,19096,4283,28.91379193951259
Sumatera,Sumatera Utara,Padang Lawas Utara,15319,16105,17010,17959,18949,3630,23.69606371173053
Sumatera,Sumatera Utara,Pakpak Bharat,3506,3601,3735,3880,4033,527,15.031374786081003
Sumatera,Sumatera Utara,Samosir,15086,15675,16115,16546,16976,1890,12.528171814927747
Sumatera,Sumatera Utara,Serdang Bedagai,57438,60656,64271,67931,71635,14197,24.717086249521223
Sumatera,Sumatera Utara,Simalungun,106526,110677,115492,120266,125023,18497,17.363836058802544
Sumatera,Sumatera Utara,Tapanuli Selatan,23888,25186,26620,28071,29504,5616,23.50971198928332
Sumatera,Sumatera Utara,Tapanuli Tengah,28592,29660,31046,32465,33906,5314,18.585618354784554
Sumatera,Sumatera Utara,Tapanuli Utara,33774,34709,35921,37122,38305,4531,13.415645170841476
Sumatera,Sumatera Utara,Toba Samosir / Toba,22171,22651,23343,24057,24802,2631,11.866853096387173
