Tipologi_Pooled,Tipologi_Lansia_Tahunan,Jumlah
Lansia rendah - Kemiskinan rendah,Lansia rendah - Kemiskinan rendah,314
Lansia rendah - Kemiskinan rendah,Lansia rendah - Kemiskinan tinggi,5
Lansia rendah - Kemiskinan rendah,Lansia tinggi - Kemiskinan rendah,25
Lansia rendah - Kemiskinan tinggi,Lansia rendah - Kemiskinan rendah,10
Lansia rendah - Kemiskinan tinggi,Lansia rendah - Kemiskinan tinggi,298
Lansia rendah - Kemiskinan tinggi,Lansia tinggi - Kemiskinan rendah,1
Lansia rendah - Kemiskinan tinggi,Lansia tinggi - Kemiskinan tinggi,29
Lansia tinggi - Kemiskinan rendah,Lansia rendah - Kemiskinan rendah,25
Lansia tinggi - Kemiskinan rendah,Lansia rendah - Kemiskinan tinggi,1
Lansia tinggi - Kemiskinan rendah,Lansia tinggi - Kemiskinan rendah,292
Lansia tinggi - Kemiskinan rendah,Lansia tinggi - Kemiskinan tinggi,19
Lansia tinggi - Kemiskinan tinggi,Lansia rendah - Kemiskinan tinggi,27
Lansia tinggi - Kemiskinan tinggi,Lansia tinggi - Kemiskinan rendah,11
Lansia tinggi - Kemiskinan tinggi,Lansia tinggi - Kemiskinan tinggi,308
