Tahun,Tipologi_Lansia_Tahunan,Jumlah,Persentase
2020,Lansia rendah - Kemiskinan rendah,74,27.106227106227106
2020,Lansia rendah - Kemiskinan tinggi,62,22.71062271062271
2020,Lansia tinggi - Kemiskinan rendah,62,22.71062271062271
2020,Lansia tinggi - Kemiskinan tinggi,75,27.472527472527474
2021,Lansia rendah - Kemiskinan rendah,70,25.64102564102564
2021,Lansia rendah - Kemiskinan tinggi,66,24.175824175824175
2021,Lansia tinggi - Kemiskinan rendah,65,23.809523809523807
2021,Lansia tinggi - Kemiskinan tinggi,72,26.373626373626376
2022,Lansia rendah - Kemiskinan rendah,70,25.64102564102564
2022,Lansia rendah - Kemiskinan tinggi,66,24.175824175824175
2022,Lansia tinggi - Kemiskinan rendah,65,23.809523809523807
2022,Lansia tinggi - Kemiskinan tinggi,72,26.373626373626376
2023,Lansia rendah - Kemiskinan rendah,70,25.64102564102564
2023,Lansia rendah - Kemiskinan tinggi,66,24.175824175824175
2023,Lansia tinggi - Kemiskinan rendah,66,24.175824175824175
2023,Lansia tinggi - Kemiskinan tinggi,71,26.00732600732601
2024,Lansia rendah - Kemiskinan rendah,65,23.809523809523807
2024,Lansia rendah - Kemiskinan tinggi,71,26.00732600732601
2024,Lansia tinggi - Kemiskinan rendah,71,26.00732600732601
2024,Lansia tinggi - Kemiskinan tinggi,66,24.175824175824175
