Kab_kota,Provinsi,Tipologi_2020,Tipologi_2024,Berubah
Simeulue,Aceh,Lansia rendah - Kemiskinan tinggi,Lansia rendah - Kemiskinan tinggi,False
Aceh Singkil,Aceh,Lansia rendah - Kemiskinan tinggi,Lansia rendah - Kemiskinan tinggi,False
Aceh Selatan,Aceh,Lansia tinggi - Kemiskinan tinggi,Lansia rendah - Kemiskinan tinggi,True
Aceh Tenggara,Aceh,Lansia rendah - Kemiskinan tinggi,Lansia rendah - Kemiskinan tinggi,False
Aceh Timur,Aceh,Lansia rendah - Kemiskinan tinggi,Lansia rendah - Kemiskinan tinggi,False
Aceh Tengah,Aceh,Lansia rendah - Kemiskinan tinggi,Lansia rendah - Kemiskinan tinggi,False
Aceh Barat,Aceh,Lansia rendah - Kemiskinan tinggi,Lansia rendah - Kemiskinan tinggi,False
Aceh Besar,Aceh,Lansia rendah - Kemiskinan tinggi,Lansia rendah - Kemiskinan tinggi,False
Pidie,Aceh,Lansia tinggi - Kemiskinan tinggi,Lansia rendah - Kemiskinan tinggi,True
Bireuen,Aceh,Lansia rendah - Kemiskinan tinggi,Lansia rendah - Kemiskinan tinggi,False
Aceh Utara,Aceh,Lansia rendah - Kemiskinan tinggi,Lansia rendah - Kemiskinan tinggi,False
Aceh Barat Daya,Aceh,Lansia rendah - Kemiskinan tinggi,Lansia rendah - Kemiskinan tinggi,False
Gayo Lues,Aceh,Lansia rendah - Kemiskinan tinggi,Lansia rendah - Kemiskinan tinggi,False
Aceh Tamiang,Aceh,Lansia rendah - Kemiskinan tinggi,Lansia rendah - Kemiskinan tinggi,False
Nagan Raya,Aceh,Lansia rendah - Kemiskinan tinggi,Lansia rendah - Kemiskinan tinggi,False
Aceh Jaya,Aceh,Lansia rendah - Kemiskinan tinggi,Lansia rendah - Kemiskinan tinggi,False
Bener Meriah,Aceh,Lansia rendah - Kemiskinan tinggi,Lansia rendah - Kemiskinan tinggi,False
Pidie Jaya,Aceh,Lansia tinggi - Kemiskinan tinggi,Lansia rendah - Kemiskinan tinggi,True
Kota Banda Aceh,Aceh,Lansia rendah - Kemiskinan rendah,Lansia rendah - Kemiskinan rendah,False
Kota Sabang,Aceh,Lansia rendah - Kemiskinan tinggi,Lansia rendah - Kemiskinan tinggi,False
Kota Langsa,Aceh,Lansia rendah - Kemiskinan tinggi,Lansia rendah - Kemiskinan tinggi,False
Kota Lhokseumawe,Aceh,Lansia rendah - Kemiskinan tinggi,Lansia rendah - Kemiskinan tinggi,False
Kota Subulussalam,Aceh,Lansia rendah - Kemiskinan tinggi,Lansia rendah - Kemiskinan tinggi,False
Nias,Sumatera Utara,Lansia rendah - Kemiskinan tinggi,Lansia rendah - Kemiskinan tinggi,False
Mandailing Natal,Sumatera Utara,Lansia rendah - Kemiskinan rendah,Lansia rendah - Kemiskinan rendah,False
Tapanuli Selatan,Sumatera Utara,Lansia rendah - Kemiskinan rendah,Lansia rendah - Kemiskinan rendah,False
Tapanuli Tengah,Sumatera Utara,Lansia rendah - Kemiskinan tinggi,Lansia rendah - Kemiskinan tinggi,False
Tapanuli Utara,Sumatera Utara,Lansia tinggi - Kemiskinan rendah,Lansia tinggi - Kemiskinan rendah,False
Toba Samosir / Toba,Sumatera Utara,Lansia tinggi - Kemiskinan rendah,Lansia tinggi - Kemiskinan rendah,False
Labuhan Batu,Sumatera Utara,Lansia rendah - Kemiskinan rendah,Lansia rendah - Kemiskinan rendah,False
Asahan,Sumatera Utara,Lansia rendah - Kemiskinan rendah,Lansia rendah - Kemiskinan rendah,False
Simalungun,Sumatera Utara,Lansia tinggi - Kemiskinan rendah,Lansia tinggi - Kemiskinan rendah,False
Dairi,Sumatera Utara,Lansia rendah - Kemiskinan rendah,Lansia rendah - Kemiskinan rendah,False
Karo,Sumatera Utara,Lansia tinggi - Kemiskinan rendah,Lansia rendah - Kemiskinan rendah,True
Deli Serdang,Sumatera Utara,Lansia rendah - Kemiskinan rendah,Lansia rendah - Kemiskinan rendah,False
Langkat,Sumatera Utara,Lansia rendah - Kemiskinan tinggi,Lansia rendah - Kemiskinan tinggi,False
Nias Selatan,Sumatera Utara,Lansia rendah - Kemiskinan tinggi,Lansia rendah - Kemiskinan tinggi,False
Humbang Hasundutan,Sumatera Utara,Lansia tinggi - Kemiskinan rendah,Lansia tinggi - Kemiskinan rendah,False
Pakpak Bharat,Sumatera Utara,Lansia rendah - Kemiskinan rendah,Lansia rendah - Kemiskinan rendah,False
Samosir,Sumatera Utara,Lansia tinggi - Kemiskinan tinggi,Lansia tinggi - Kemiskinan tinggi,False
Serdang Bedagai,Sumatera Utara,Lansia rendah - Kemiskinan rendah,Lansia rendah - Kemiskinan rendah,False
Batu Bara,Sumatera Utara,Lansia rendah - Kemiskinan tinggi,Lansia rendah - Kemiskinan tinggi,False
Padang Lawas Utara,Sumatera Utara,Lansia rendah - Kemiskinan rendah,Lansia rendah - Kemiskinan tinggi,True
Padang Lawas,Sumatera Utara,Lansia rendah - Kemiskinan rendah,Lansia rendah - Kemiskinan rendah,False
Labuhan Batu Selatan,Sumatera Utara,Lansia rendah - Kemiskinan rendah,Lansia rendah - Kemiskinan rendah,False
Labuhan Batu Utara,Sumatera Utara,Lansia rendah - Kemiskinan rendah,Lansia rendah - Kemiskinan tinggi,True
Nias Utara,Sumatera Utara,Lansia rendah - Kemiskinan tinggi,Lansia rendah - Kemiskinan tinggi,False
Nias Barat,Sumatera Utara,Lansia rendah - Kemiskinan tinggi,Lansia rendah - Kemiskinan tinggi,False
Kota Sibolga,Sumatera Utara,Lansia rendah - Kemiskinan tinggi,Lansia rendah - Kemiskinan tinggi,False
Kota Tanjung Balai,Sumatera Utara,Lansia rendah - Kemiskinan tinggi,Lansia rendah - Kemiskinan tinggi,False
Kota Pematang Siantar,Sumatera Utara,Lansia tinggi - Kemiskinan rendah,Lansia tinggi - Kemiskinan rendah,False
Kota Tebing Tinggi,Sumatera Utara,Lansia tinggi - Kemiskinan tinggi,Lansia tinggi - Kemiskinan rendah,True
Kota Medan,Sumatera Utara,Lansia tinggi - Kemiskinan rendah,Lansia tinggi - Kemiskinan rendah,False
Kota Binjai,Sumatera Utara,Lansia rendah - Kemiskinan rendah,Lansia rendah - Kemiskinan rendah,False
Kota Padangsidimpuan,Sumatera Utara,Lansia rendah - Kemiskinan rendah,Lansia rendah - Kemiskinan rendah,False
Kota Gunungsitoli,Sumatera Utara,Lansia rendah - Kemiskinan tinggi,Lansia rendah - Kemiskinan tinggi,False
Kepulauan Mentawai,Sumatera Barat,Lansia rendah - Kemiskinan tinggi,Lansia rendah - Kemiskinan tinggi,False
Pesisir Selatan,Sumatera Barat,Lansia tinggi - Kemiskinan rendah,Lansia tinggi - Kemiskinan rendah,False
Solok,Sumatera Barat,Lansia tinggi - Kemiskinan rendah,Lansia tinggi - Kemiskinan rendah,False
Sijunjung,Sumatera Barat,Lansia rendah - Kemiskinan rendah,Lansia rendah - Kemiskinan rendah,False
Tanah Datar,Sumatera Barat,Lansia tinggi - Kemiskinan rendah,Lansia tinggi - Kemiskinan rendah,False
Padang Pariaman,Sumatera Barat,Lansia tinggi - Kemiskinan rendah,Lansia tinggi - Kemiskinan rendah,False
Agam,Sumatera Barat,Lansia tinggi - Kemiskinan rendah,Lansia tinggi - Kemiskinan rendah,False
Lima Puluh Kota,Sumatera Barat,Lansia tinggi - Kemiskinan rendah,Lansia tinggi - Kemiskinan rendah,False
Pasaman,Sumatera Barat,Lansia rendah - Kemiskinan rendah,Lansia rendah - Kemiskinan rendah,False
Solok Selatan,Sumatera Barat,Lansia rendah - Kemiskinan rendah,Lansia rendah - Kemiskinan rendah,False
Dharmasraya,Sumatera Barat,Lansia rendah - Kemiskinan rendah,Lansia rendah - Kemiskinan rendah,False
Pasaman Barat,Sumatera Barat,Lansia rendah - Kemiskinan rendah,Lansia rendah - Kemiskinan rendah,False
Kota Padang,Sumatera Barat,Lansia tinggi - Kemiskinan rendah,Lansia tinggi - Kemiskinan rendah,False
Kota Solok,Sumatera Barat,Lansia rendah - Kemiskinan rendah,Lansia rendah - Kemiskinan rendah,False
Kota Sawah Lunto,Sumatera Barat,Lansia tinggi - Kemiskinan rendah,Lansia tinggi - Kemiskinan rendah,False
Kota Padang Panjang,Sumatera Barat,Lansia rendah - Kemiskinan rendah,Lansia rendah - Kemiskinan rendah,False
Kota Bukittinggi,Sumatera Barat,Lansia tinggi - Kemiskinan rendah,Lansia tinggi - Kemiskinan rendah,False
Kota Payakumbuh,Sumatera Barat,Lansia tinggi - Kemiskinan rendah,Lansia tinggi - Kemiskinan rendah,False
Kota Pariaman,Sumatera Barat,Lansia tinggi - Kemiskinan rendah,Lansia tinggi - Kemiskinan rendah,False
Kuantan Singingi,Riau,Lansia rendah - Kemiskinan rendah,Lansia rendah - Kemiskinan rendah,False
Indragiri Hulu,Riau,Lansia rendah - Kemiskinan rendah,Lansia rendah - Kemiskinan rendah,False
Indragiri Hilir,Riau,Lansia rendah - Kemiskinan rendah,Lansia rendah - Kemiskinan rendah,False
Pelalawan,Riau,Lansia rendah - Kemiskinan rendah,Lansia rendah - Kemiskinan rendah,False
Siak,Riau,Lansia rendah - Kemiskinan rendah,Lansia rendah - Kemiskinan rendah,False
Kampar,Riau,Lansia rendah - Kemiskinan rendah,Lansia rendah - Kemiskinan rendah,False
Rokan Hulu,Riau,Lansia rendah - Kemiskinan tinggi,Lansia rendah - Kemiskinan tinggi,False
Bengkalis,Riau,Lansia rendah - Kemiskinan rendah,Lansia rendah - Kemiskinan rendah,False
Rokan Hilir,Riau,Lansia rendah - Kemiskinan rendah,Lansia rendah - Kemiskinan rendah,False
Kepulauan Meranti,Riau,Lansia tinggi - Kemiskinan tinggi,Lansia rendah - Kemiskinan tinggi,True
Kota Pekanbaru,Riau,Lansia rendah - Kemiskinan rendah,Lansia rendah - Kemiskinan rendah,False
Kota Dumai,Riau,Lansia rendah - Kemiskinan rendah,Lansia rendah - Kemiskinan rendah,False
Kerinci,Jambi,Lansia tinggi - Kemiskinan rendah,Lansia tinggi - Kemiskinan rendah,False
Merangin,Jambi,Lansia rendah - Kemiskinan rendah,Lansia rendah - Kemiskinan rendah,False
Sarolangun,Jambi,Lansia rendah - Kemiskinan rendah,Lansia rendah - Kemiskinan rendah,False
Batang Hari,Jambi,Lansia rendah - Kemiskinan rendah,Lansia rendah - Kemiskinan rendah,False
Muaro Jambi,Jambi,Lansia rendah - Kemiskinan rendah,Lansia rendah - Kemiskinan rendah,False
Tanjung Jabung Timur,Jambi,Lansia tinggi - Kemiskinan tinggi,Lansia rendah - Kemiskinan tinggi,True
Tanjung Jabung Barat,Jambi,Lansia rendah - Kemiskinan tinggi,Lansia rendah - Kemiskinan tinggi,False
Tebo,Jambi,Lansia rendah - Kemiskinan rendah,Lansia rendah - Kemiskinan rendah,False
Bungo,Jambi,Lansia rendah - Kemiskinan rendah,Lansia rendah - Kemiskinan rendah,False
Kota Jambi,Jambi,Lansia rendah - Kemiskinan rendah,Lansia rendah - Kemiskinan rendah,False
Kota Sungai Penuh,Jambi,Lansia tinggi - Kemiskinan rendah,Lansia tinggi - Kemiskinan rendah,False
Ogan Komering Ulu,Sumatera Selatan,Lansia rendah - Kemiskinan tinggi,Lansia rendah - Kemiskinan tinggi,False
Ogan Komering Ilir,Sumatera Selatan,Lansia rendah - Kemiskinan tinggi,Lansia rendah - Kemiskinan tinggi,False
Muara Enim,Sumatera Selatan,Lansia rendah - Kemiskinan tinggi,Lansia rendah - Kemiskinan tinggi,False
Lahat,Sumatera Selatan,Lansia tinggi - Kemiskinan tinggi,Lansia rendah - Kemiskinan tinggi,True
Musi Rawas,Sumatera Selatan,Lansia rendah - Kemiskinan tinggi,Lansia rendah - Kemiskinan tinggi,False
Musi Banyuasin,Sumatera Selatan,Lansia rendah - Kemiskinan tinggi,Lansia rendah - Kemiskinan tinggi,False
Banyu Asin,Sumatera Selatan,Lansia rendah - Kemiskinan tinggi,Lansia rendah - Kemiskinan tinggi,False
Ogan Komering Ulu Selatan,Sumatera Selatan,Lansia rendah - Kemiskinan tinggi,Lansia rendah - Kemiskinan tinggi,False
Ogan Komering Ulu Timur,Sumatera Selatan,Lansia tinggi - Kemiskinan tinggi,Lansia tinggi - Kemiskinan tinggi,False
Ogan Ilir,Sumatera Selatan,Lansia rendah - Kemiskinan tinggi,Lansia rendah - Kemiskinan tinggi,False
Empat Lawang,Sumatera Selatan,Lansia tinggi - Kemiskinan tinggi,Lansia rendah - Kemiskinan tinggi,True
Penukal Abab Lematang Ilir,Sumatera Selatan,Lansia rendah - Kemiskinan tinggi,Lansia rendah - Kemiskinan tinggi,False
Musi Rawas Utara,Sumatera Selatan,Lansia rendah - Kemiskinan tinggi,Lansia rendah - Kemiskinan tinggi,False
Kota Palembang,Sumatera Selatan,Lansia tinggi - Kemiskinan tinggi,Lansia tinggi - Kemiskinan tinggi,False
Kota Prabumulih,Sumatera Selatan,Lansia rendah - Kemiskinan tinggi,Lansia rendah - Kemiskinan tinggi,False
Kota Pagar Alam,Sumatera Selatan,Lansia tinggi - Kemiskinan rendah,Lansia tinggi - Kemiskinan rendah,False
Kota Lubuklinggau,Sumatera Selatan,Lansia rendah - Kemiskinan tinggi,Lansia rendah - Kemiskinan tinggi,False
Bengkulu Selatan,Bengkulu,Lansia tinggi - Kemiskinan tinggi,Lansia rendah - Kemiskinan tinggi,True
Rejang Lebong,Bengkulu,Lansia rendah - Kemiskinan tinggi,Lansia rendah - Kemiskinan tinggi,False
Bengkulu Utara,Bengkulu,Lansia rendah - Kemiskinan tinggi,Lansia rendah - Kemiskinan tinggi,False
Kaur,Bengkulu,Lansia rendah - Kemiskinan tinggi,Lansia rendah - Kemiskinan tinggi,False
Seluma,Bengkulu,Lansia rendah - Kemiskinan tinggi,Lansia rendah - Kemiskinan tinggi,False
Mukomuko,Bengkulu,Lansia rendah - Kemiskinan tinggi,Lansia rendah - Kemiskinan tinggi,False
Lebong,Bengkulu,Lansia tinggi - Kemiskinan tinggi,Lansia tinggi - Kemiskinan tinggi,False
Kepahiang,Bengkulu,Lansia rendah - Kemiskinan tinggi,Lansia rendah - Kemiskinan tinggi,False
Bengkulu Tengah,Bengkulu,Lansia rendah - Kemiskinan rendah,Lansia rendah - Kemiskinan tinggi,True
Kota Bengkulu,Bengkulu,Lansia rendah - Kemiskinan tinggi,Lansia rendah - Kemiskinan tinggi,False
Lampung Barat,Lampung,Lansia rendah - Kemiskinan tinggi,Lansia rendah - Kemiskinan tinggi,False
Tanggamus,Lampung,Lansia tinggi - Kemiskinan tinggi,Lansia tinggi - Kemiskinan tinggi,False
Lampung Selatan,Lampung,Lansia rendah - Kemiskinan tinggi,Lansia rendah - Kemiskinan tinggi,False
Lampung Timur,Lampung,Lansia tinggi - Kemiskinan tinggi,Lansia tinggi - Kemiskinan tinggi,False
Lampung Tengah,Lampung,Lansia tinggi - Kemiskinan tinggi,Lansia tinggi - Kemiskinan tinggi,False
Lampung Utara,Lampung,Lansia rendah - Kemiskinan tinggi,Lansia tinggi - Kemiskinan tinggi,True
Way Kanan,Lampung,Lansia rendah - Kemiskinan tinggi,Lansia rendah - Kemiskinan tinggi,False
Tulangbawang,Lampung,Lansia rendah - Kemiskinan rendah,Lansia rendah - Kemiskinan rendah,False
Pesawaran,Lampung,Lansia tinggi - Kemiskinan tinggi,Lansia tinggi - Kemiskinan tinggi,False
Pringsewu,Lampung,Lansia tinggi - Kemiskinan tinggi,Lansia tinggi - Kemiskinan rendah,True
Mesuji,Lampung,Lansia rendah - Kemiskinan rendah,Lansia rendah - Kemiskinan rendah,False
Tulang Bawang Barat,Lampung,Lansia tinggi - Kemiskinan rendah,Lansia tinggi - Kemiskinan rendah,False
Pesisir Barat,Lampung,Lansia rendah - Kemiskinan tinggi,Lansia rendah - Kemiskinan tinggi,False
Kota Bandar Lampung,Lampung,Lansia tinggi - Kemiskinan rendah,Lansia tinggi - Kemiskinan rendah,False
Kota Metro,Lampung,Lansia tinggi - Kemiskinan rendah,Lansia tinggi - Kemiskinan rendah,False
Bangka,Kep. Bangka Belitung,Lansia rendah - Kemiskinan rendah,Lansia rendah - Kemiskinan rendah,False
Belitung,Kep. Bangka Belitung,Lansia tinggi - Kemiskinan rendah,Lansia tinggi - Kemiskinan rendah,False
Bangka Barat,Kep. Bangka Belitung,Lansia rendah - Kemiskinan rendah,Lansia rendah - Kemiskinan rendah,False
Bangka Tengah,Kep. Bangka Belitung,Lansia rendah - Kemiskinan rendah,Lansia rendah - Kemiskinan rendah,False
Bangka Selatan,Kep. Bangka Belitung,Lansia rendah - Kemiskinan rendah,Lansia rendah - Kemiskinan rendah,False
Belitung Timur,Kep. Bangka Belitung,Lansia tinggi - Kemiskinan rendah,Lansia tinggi - Kemiskinan rendah,False
Kota Pangkal Pinang,Kep. Bangka Belitung,Lansia rendah - Kemiskinan rendah,Lansia rendah - Kemiskinan rendah,False
Karimun,Kep. Riau,Lansia tinggi - Kemiskinan rendah,Lansia tinggi - Kemiskinan rendah,False
Bintan,Kep. Riau,Lansia rendah - Kemiskinan rendah,Lansia rendah - Kemiskinan rendah,False
Natuna,Kep. Riau,Lansia rendah - Kemiskinan rendah,Lansia rendah - Kemiskinan rendah,False
Lingga,Kep. Riau,Lansia tinggi - Kemiskinan tinggi,Lansia tinggi - Kemiskinan tinggi,False
Kepulauan Anambas,Kep. Riau,Lansia rendah - Kemiskinan rendah,Lansia rendah - Kemiskinan rendah,False
Kota Batam,Kep. Riau,Lansia rendah - Kemiskinan rendah,Lansia rendah - Kemiskinan rendah,False
Kota Tanjung Pinang,Kep. Riau,Lansia rendah - Kemiskinan rendah,Lansia rendah - Kemiskinan rendah,False
Kep. Seribu,DKI Jakarta,Lansia rendah - Kemiskinan tinggi,Lansia rendah - Kemiskinan tinggi,False
Kota Jakarta Selatan,DKI Jakarta,Lansia rendah - Kemiskinan rendah,Lansia tinggi - Kemiskinan rendah,True
Kota Jakarta Timur,DKI Jakarta,Lansia rendah - Kemiskinan rendah,Lansia tinggi - Kemiskinan rendah,True
Kota Jakarta Pusat,DKI Jakarta,Lansia tinggi - Kemiskinan rendah,Lansia tinggi - Kemiskinan rendah,False
Kota Jakarta Barat,DKI Jakarta,Lansia rendah - Kemiskinan rendah,Lansia tinggi - Kemiskinan rendah,True
Kota Jakarta Utara,DKI Jakarta,Lansia rendah - Kemiskinan rendah,Lansia rendah - Kemiskinan rendah,False
Bogor,Jawa Barat,Lansia rendah - Kemiskinan rendah,Lansia rendah - Kemiskinan rendah,False
Sukabumi,Jawa Barat,Lansia tinggi - Kemiskinan rendah,Lansia tinggi - Kemiskinan rendah,False
Cianjur,Jawa Barat,Lansia rendah - Kemiskinan tinggi,Lansia tinggi - Kemiskinan tinggi,True
Bandung,Jawa Barat,Lansia rendah - Kemiskinan rendah,Lansia rendah - Kemiskinan rendah,False
Garut,Jawa Barat,Lansia rendah - Kemiskinan tinggi,Lansia rendah - Kemiskinan tinggi,False
Tasikmalaya,Jawa Barat,Lansia tinggi - Kemiskinan tinggi,Lansia tinggi - Kemiskinan tinggi,False
Ciamis,Jawa Barat,Lansia tinggi - Kemiskinan rendah,Lansia tinggi - Kemiskinan rendah,False
Kuningan,Jawa Barat,Lansia tinggi - Kemiskinan tinggi,Lansia tinggi - Kemiskinan tinggi,False
Cirebon,Jawa Barat,Lansia rendah - Kemiskinan tinggi,Lansia rendah - Kemiskinan tinggi,False
Majalengka,Jawa Barat,Lansia tinggi - Kemiskinan tinggi,Lansia tinggi - Kemiskinan tinggi,False
Sumedang,Jawa Barat,Lansia tinggi - Kemiskinan tinggi,Lansia tinggi - Kemiskinan tinggi,False
Indramayu,Jawa Barat,Lansia tinggi - Kemiskinan tinggi,Lansia tinggi - Kemiskinan tinggi,False
Subang,Jawa Barat,Lansia tinggi - Kemiskinan rendah,Lansia tinggi - Kemiskinan tinggi,True
Purwakarta,Jawa Barat,Lansia rendah - Kemiskinan rendah,Lansia rendah - Kemiskinan rendah,False
Karawang,Jawa Barat,Lansia rendah - Kemiskinan rendah,Lansia rendah - Kemiskinan rendah,False
Bekasi,Jawa Barat,Lansia rendah - Kemiskinan rendah,Lansia rendah - Kemiskinan rendah,False
Bandung Barat,Jawa Barat,Lansia rendah - Kemiskinan tinggi,Lansia rendah - Kemiskinan tinggi,False
Pangandaran,Jawa Barat,Lansia tinggi - Kemiskinan rendah,Lansia tinggi - Kemiskinan rendah,False
Kota Bogor,Jawa Barat,Lansia rendah - Kemiskinan rendah,Lansia tinggi - Kemiskinan rendah,True
Kota Sukabumi,Jawa Barat,Lansia tinggi - Kemiskinan rendah,Lansia tinggi - Kemiskinan rendah,False
Kota Bandung,Jawa Barat,Lansia tinggi - Kemiskinan rendah,Lansia tinggi - Kemiskinan rendah,False
Kota Cirebon,Jawa Barat,Lansia tinggi - Kemiskinan rendah,Lansia tinggi - Kemiskinan tinggi,True
Kota Bekasi,Jawa Barat,Lansia rendah - Kemiskinan rendah,Lansia rendah - Kemiskinan rendah,False
Kota Depok,Jawa Barat,Lansia rendah - Kemiskinan rendah,Lansia rendah - Kemiskinan rendah,False
Kota Cimahi,Jawa Barat,Lansia rendah - Kemiskinan rendah,Lansia tinggi - Kemiskinan rendah,True
Kota Tasikmalaya,Jawa Barat,Lansia tinggi - Kemiskinan tinggi,Lansia tinggi - Kemiskinan tinggi,False
Kota Banjar,Jawa Barat,Lansia tinggi - Kemiskinan rendah,Lansia tinggi - Kemiskinan rendah,False
Cilacap,Jawa Tengah,Lansia tinggi - Kemiskinan tinggi,Lansia tinggi - Kemiskinan tinggi,False
Banyumas,Jawa Tengah,Lansia tinggi - Kemiskinan tinggi,Lansia tinggi - Kemiskinan tinggi,False
Purbalingga,Jawa Tengah,Lansia tinggi - Kemiskinan tinggi,Lansia tinggi - Kemiskinan tinggi,False
Banjarnegara,Jawa Tengah,Lansia tinggi - Kemiskinan tinggi,Lansia tinggi - Kemiskinan tinggi,False
Kebumen,Jawa Tengah,Lansia tinggi - Kemiskinan tinggi,Lansia tinggi - Kemiskinan tinggi,False
Purworejo,Jawa Tengah,Lansia tinggi - Kemiskinan tinggi,Lansia tinggi - Kemiskinan tinggi,False
Wonosobo,Jawa Tengah,Lansia tinggi - Kemiskinan tinggi,Lansia tinggi - Kemiskinan tinggi,False
Magelang,Jawa Tengah,Lansia tinggi - Kemiskinan tinggi,Lansia tinggi - Kemiskinan tinggi,False
Boyolali,Jawa Tengah,Lansia tinggi - Kemiskinan tinggi,Lansia tinggi - Kemiskinan tinggi,False
Klaten,Jawa Tengah,Lansia tinggi - Kemiskinan tinggi,Lansia tinggi - Kemiskinan tinggi,False
Sukoharjo,Jawa Tengah,Lansia tinggi - Kemiskinan rendah,Lansia tinggi - Kemiskinan rendah,False
Wonogiri,Jawa Tengah,Lansia tinggi - Kemiskinan tinggi,Lansia tinggi - Kemiskinan tinggi,False
Karanganyar,Jawa Tengah,Lansia tinggi - Kemiskinan tinggi,Lansia tinggi - Kemiskinan tinggi,False
Sragen,Jawa Tengah,Lansia tinggi - Kemiskinan tinggi,Lansia tinggi - Kemiskinan tinggi,False
Grobogan,Jawa Tengah,Lansia tinggi - Kemiskinan tinggi,Lansia tinggi - Kemiskinan tinggi,False
Blora,Jawa Tengah,Lansia tinggi - Kemiskinan tinggi,Lansia tinggi - Kemiskinan tinggi,False
Rembang,Jawa Tengah,Lansia tinggi - Kemiskinan tinggi,Lansia tinggi - Kemiskinan tinggi,False
Pati,Jawa Tengah,Lansia tinggi - Kemiskinan tinggi,Lansia tinggi - Kemiskinan tinggi,False
Kudus,Jawa Tengah,Lansia tinggi - Kemiskinan rendah,Lansia tinggi - Kemiskinan rendah,False
Jepara,Jawa Tengah,Lansia tinggi - Kemiskinan rendah,Lansia tinggi - Kemiskinan rendah,False
Demak,Jawa Tengah,Lansia tinggi - Kemiskinan tinggi,Lansia tinggi - Kemiskinan tinggi,False
Semarang,Jawa Tengah,Lansia tinggi - Kemiskinan rendah,Lansia tinggi - Kemiskinan rendah,False
Temanggung,Jawa Tengah,Lansia tinggi - Kemiskinan tinggi,Lansia tinggi - Kemiskinan rendah,True
Kendal,Jawa Tengah,Lansia tinggi - Kemiskinan tinggi,Lansia tinggi - Kemiskinan tinggi,False
Batang,Jawa Tengah,Lansia tinggi - Kemiskinan rendah,Lansia tinggi - Kemiskinan rendah,False
Pekalongan,Jawa Tengah,Lansia tinggi - Kemiskinan tinggi,Lansia tinggi - Kemiskinan tinggi,False
Pemalang,Jawa Tengah,Lansia tinggi - Kemiskinan tinggi,Lansia tinggi - Kemiskinan tinggi,False
Tegal,Jawa Tengah,Lansia rendah - Kemiskinan rendah,Lansia rendah - Kemiskinan rendah,False
Brebes,Jawa Tengah,Lansia tinggi - Kemiskinan tinggi,Lansia tinggi - Kemiskinan tinggi,False
Kota Magelang,Jawa Tengah,Lansia tinggi - Kemiskinan rendah,Lansia tinggi - Kemiskinan rendah,False
Kota Surakarta,Jawa Tengah,Lansia tinggi - Kemiskinan rendah,Lansia tinggi - Kemiskinan rendah,False
Kota Salatiga,Jawa Tengah,Lansia tinggi - Kemiskinan rendah,Lansia tinggi - Kemiskinan rendah,False
Kota Semarang,Jawa Tengah,Lansia tinggi - Kemiskinan rendah,Lansia tinggi - Kemiskinan rendah,False
Kota Pekalongan,Jawa Tengah,Lansia rendah - Kemiskinan rendah,Lansia tinggi - Kemiskinan rendah,True
Kota Tegal,Jawa Tengah,Lansia tinggi - Kemiskinan rendah,Lansia tinggi - Kemiskinan rendah,False
Kulon Progo,DI Yogyakarta,Lansia tinggi - Kemiskinan tinggi,Lansia tinggi - Kemiskinan tinggi,False
Bantul,DI Yogyakarta,Lansia tinggi - Kemiskinan tinggi,Lansia tinggi - Kemiskinan tinggi,False
Gunung Kidul,DI Yogyakarta,Lansia tinggi - Kemiskinan tinggi,Lansia tinggi - Kemiskinan tinggi,False
Sleman,DI Yogyakarta,Lansia tinggi - Kemiskinan rendah,Lansia tinggi - Kemiskinan rendah,False
Kota Yogyakarta,DI Yogyakarta,Lansia tinggi - Kemiskinan rendah,Lansia tinggi - Kemiskinan rendah,False
Pacitan,Jawa Timur,Lansia tinggi - Kemiskinan tinggi,Lansia tinggi - Kemiskinan tinggi,False
Ponorogo,Jawa Timur,Lansia tinggi - Kemiskinan tinggi,Lansia tinggi - Kemiskinan tinggi,False
Trenggalek,Jawa Timur,Lansia tinggi - Kemiskinan tinggi,Lansia tinggi - Kemiskinan tinggi,False
Tulungagung,Jawa Timur,Lansia tinggi - Kemiskinan rendah,Lansia tinggi - Kemiskinan rendah,False
Blitar,Jawa Timur,Lansia tinggi - Kemiskinan rendah,Lansia tinggi - Kemiskinan rendah,False
Kediri,Jawa Timur,Lansia tinggi - Kemiskinan tinggi,Lansia tinggi - Kemiskinan tinggi,False
Malang,Jawa Timur,Lansia tinggi - Kemiskinan tinggi,Lansia tinggi - Kemiskinan tinggi,False
Lumajang,Jawa Timur,Lansia tinggi - Kemiskinan tinggi,Lansia tinggi - Kemiskinan rendah,True
Jember,Jawa Timur,Lansia tinggi - Kemiskinan tinggi,Lansia tinggi - Kemiskinan tinggi,False
Banyuwangi,Jawa Timur,Lansia tinggi - Kemiskinan rendah,Lansia tinggi - Kemiskinan rendah,False
Bondowoso,Jawa Timur,Lansia tinggi - Kemiskinan tinggi,Lansia tinggi - Kemiskinan tinggi,False
Situbondo,Jawa Timur,Lansia tinggi - Kemiskinan tinggi,Lansia tinggi - Kemiskinan tinggi,False
Probolinggo,Jawa Timur,Lansia tinggi - Kemiskinan tinggi,Lansia tinggi - Kemiskinan tinggi,False
Pasuruan,Jawa Timur,Lansia tinggi - Kemiskinan rendah,Lansia tinggi - Kemiskinan rendah,False
Sidoarjo,Jawa Timur,Lansia tinggi - Kemiskinan rendah,Lansia tinggi - Kemiskinan rendah,False
Mojokerto,Jawa Timur,Lansia tinggi - Kemiskinan tinggi,Lansia tinggi - Kemiskinan tinggi,False
Jombang,Jawa Timur,Lansia tinggi - Kemiskinan tinggi,Lansia tinggi - Kemiskinan rendah,True
Nganjuk,Jawa Timur,Lansia tinggi - Kemiskinan tinggi,Lansia tinggi - Kemiskinan tinggi,False
Madiun,Jawa Timur,Lansia tinggi - Kemiskinan tinggi,Lansia tinggi - Kemiskinan tinggi,False
Magetan,Jawa Timur,Lansia tinggi - Kemiskinan tinggi,Lansia tinggi - Kemiskinan tinggi,False
Ngawi,Jawa Timur,Lansia tinggi - Kemiskinan tinggi,Lansia tinggi - Kemiskinan tinggi,False
Bojonegoro,Jawa Timur,Lansia tinggi - Kemiskinan tinggi,Lansia tinggi - Kemiskinan tinggi,False
Tuban,Jawa Timur,Lansia tinggi - Kemiskinan tinggi,Lansia tinggi - Kemiskinan tinggi,False
Lamongan,Jawa Timur,Lansia tinggi - Kemiskinan tinggi,Lansia tinggi - Kemiskinan tinggi,False
Gresik,Jawa Timur,Lansia tinggi - Kemiskinan tinggi,Lansia tinggi - Kemiskinan tinggi,False
Bangkalan,Jawa Timur,Lansia tinggi - Kemiskinan tinggi,Lansia tinggi - Kemiskinan tinggi,False
Sampang,Jawa Timur,Lansia tinggi - Kemiskinan tinggi,Lansia tinggi - Kemiskinan tinggi,False
Pamekasan,Jawa Timur,Lansia tinggi - Kemiskinan tinggi,Lansia tinggi - Kemiskinan tinggi,False
Sumenep,Jawa Timur,Lansia tinggi - Kemiskinan tinggi,Lansia tinggi - Kemiskinan tinggi,False
Kota Kediri,Jawa Timur,Lansia tinggi - Kemiskinan rendah,Lansia tinggi - Kemiskinan rendah,False
Kota Blitar,Jawa Timur,Lansia tinggi - Kemiskinan rendah,Lansia tinggi - Kemiskinan rendah,False
Kota Malang,Jawa Timur,Lansia tinggi - Kemiskinan rendah,Lansia tinggi - Kemiskinan rendah,False
Kota Probolinggo,Jawa Timur,Lansia tinggi - Kemiskinan rendah,Lansia tinggi - Kemiskinan rendah,False
Kota Pasuruan,Jawa Timur,Lansia tinggi - Kemiskinan rendah,Lansia tinggi - Kemiskinan rendah,False
Kota Mojokerto,Jawa Timur,Lansia tinggi - Kemiskinan rendah,Lansia tinggi - Kemiskinan rendah,False
Kota Madiun,Jawa Timur,Lansia tinggi - Kemiskinan rendah,Lansia tinggi - Kemiskinan rendah,False
Kota Surabaya,Jawa Timur,Lansia tinggi - Kemiskinan rendah,Lansia tinggi - Kemiskinan rendah,False
Kota Batu,Jawa Timur,Lansia tinggi - Kemiskinan rendah,Lansia tinggi - Kemiskinan rendah,False
Pandeglang,Banten,Lansia rendah - Kemiskinan tinggi,Lansia rendah - Kemiskinan tinggi,False
Lebak,Banten,Lansia rendah - Kemiskinan rendah,Lansia rendah - Kemiskinan rendah,False
Tangerang,Banten,Lansia rendah - Kemiskinan rendah,Lansia rendah - Kemiskinan rendah,False
Serang,Banten,Lansia rendah - Kemiskinan rendah,Lansia rendah - Kemiskinan rendah,False
Kota Tangerang,Banten,Lansia rendah - Kemiskinan rendah,Lansia rendah - Kemiskinan rendah,False
Kota Cilegon,Banten,Lansia rendah - Kemiskinan rendah,Lansia rendah - Kemiskinan rendah,False
Kota Serang,Banten,Lansia rendah - Kemiskinan rendah,Lansia rendah - Kemiskinan rendah,False
Kota Tangerang Selatan,Banten,Lansia rendah - Kemiskinan rendah,Lansia tinggi - Kemiskinan rendah,True
