,jumlah_penduduk,jumlah_lansia,pct_lansia,pct_anak,rasio_lansia,p0_miskin,rls,pengeluaran,ahh_laki,ahh_perempuan,ahh_rata2,tpt_total
jumlah_penduduk,1.0,0.9466037635781599,0.1870432488702325,-0.3764861782613805,0.15313160280227797,-0.15826675878447116,-0.09191006439302303,0.2300054828814269,0.3678217646106799,0.36350098230061284,0.36580665626504044,0.3911107702915497
jumlah_lansia,0.9466037635781599,1.0,0.4345567010832207,-0.558579802563862,0.4035489976886692,-0.0990816852800728,-0.15848206430879513,0.21942539137146705,0.4579250808555557,0.45498222508883274,0.45666237152218636,0.2907350119022634
pct_lansia,0.1870432488702325,0.4345567010832207,1.0,-0.8694515749868628,0.9965740004743759,0.012402559318014688,-0.13014524977716768,0.11848087690752136,0.5252568120516895,0.5287179300501265,0.5273302102636774,-0.15761643191009564
pct_anak,-0.3764861782613805,-0.558579802563862,-0.8694515749868628,1.0,-0.8278187822710708,0.12372067663258268,0.0669856586842573,-0.3149144708792981,-0.6103069030697108,-0.6110825553715221,-0.6110804040057366,-0.0401721819003988
rasio_lansia,0.15313160280227797,0.4035489976886692,0.9965740004743759,-0.8278187822710708,1.0,0.033454665021509546,-0.13904233799940013,0.08223750161114463,0.49774522351796824,0.5016784321355341,0.5000410865730553,-0.18677235371429507
p0_miskin,-0.15826675878447116,-0.0990816852800728,0.012402559318014688,0.12372067663258268,0.033454665021509546,1.0,-0.47080404327573333,-0.541879688015471,-0.3297919606479739,-0.33131427253397067,-0.3307097921691943,-0.25819935402732797
rls,-0.09191006439302303,-0.15848206430879513,-0.13014524977716768,0.0669856586842573,-0.13904233799940013,-0.47080404327573333,1.0,0.6443099071285853,0.29325524853512436,0.2922893639408745,0.29294983832250454,0.3198976236607652
pengeluaran,0.2300054828814269,0.21942539137146705,0.11848087690752136,-0.3149144708792981,0.08223750161114463,-0.541879688015471,0.6443099071285853,1.0,0.46530360357186945,0.45744624355730096,0.46156462952095595,0.3037985760882404
ahh_laki,0.3678217646106799,0.4579250808555557,0.5252568120516895,-0.6103069030697108,0.49774522351796824,-0.3297919606479739,0.29325524853512436,0.46530360357186945,1.0,0.9980005102400329,0.9995006578065083,0.18580366231437803
ahh_perempuan,0.36350098230061284,0.45498222508883274,0.5287179300501265,-0.6110825553715221,0.5016784321355341,-0.33131427253397067,0.2922893639408745,0.45744624355730096,0.9980005102400329,1.0,0.9994978060652531,0.18640800129222632
ahh_rata2,0.36580665626504044,0.45666237152218636,0.5273302102636774,-0.6110804040057366,0.5000410865730553,-0.3307097921691943,0.29294983832250454,0.46156462952095595,0.9995006578065083,0.9994978060652531,1.0,0.18620610349686714
tpt_total,0.3911107702915497,0.2907350119022634,-0.15761643191009564,-0.0401721819003988,-0.18677235371429507,-0.25819935402732797,0.3198976236607652,0.3037985760882404,0.18580366231437803,0.18640800129222632,0.18620610349686714,1.0
