Tahun,Tipologi,jumlah_kab_kota,persentase
2020,Lansia rendah - Kemiskinan rendah,88,32.234432234432234
2020,Lansia rendah - Kemiskinan tinggi,84,30.76923076923077
2020,Lansia tinggi - Kemiskinan rendah,44,16.117216117216117
2020,Lansia tinggi - Kemiskinan tinggi,57,20.87912087912088
2021,Lansia rendah - Kemiskinan rendah,71,26.00732600732601
2021,Lansia rendah - Kemiskinan tinggi,84,30.76923076923077
2021,Lansia tinggi - Kemiskinan rendah,46,16.84981684981685
2021,Lansia tinggi - Kemiskinan tinggi,72,26.373626373626376
2022,Lansia rendah - Kemiskinan rendah,68,24.90842490842491
2022,Lansia rendah - Kemiskinan tinggi,63,23.076923076923077
2022,Lansia tinggi - Kemiskinan rendah,71,26.00732600732601
2022,Lansia tinggi - Kemiskinan tinggi,71,26.00732600732601
2023,Lansia rendah - Kemiskinan rendah,63,23.076923076923077
2023,Lansia rendah - Kemiskinan tinggi,59,21.611721611721613
2023,Lansia tinggi - Kemiskinan rendah,79,28.93772893772894
2023,Lansia tinggi - Kemiskinan tinggi,72,26.373626373626376
2024,Lansia rendah - Kemiskinan rendah,54,19.78021978021978
2024,Lansia rendah - Kemiskinan tinggi,48,17.582417582417584
2024,Lansia tinggi - Kemiskinan rendah,97,35.53113553113553
2024,Lansia tinggi - Kemiskinan tinggi,74,27.106227106227106
